marca_base,ncl_base,spec_base,marca_rpi,ncl_rpi,spec_rpi,colide
FLUXO,44,", e informação em estética capilar;, e informação em estética pessoal [tratamento de pele e cabelo];, e informação sobre beleza;corte de cabelo masculino, feminino e infantil;estética [tratamento da pele e cabelo];estética facial e corporal;serviços de cabeleireiro;serviços de salões de beleza;serviços de barbeiro;",FLUXOO,35,auxílio em gestão de negócios; em gestão de negócios;serviços de em gestão de negócios;,S
JPA,35,comércio [através de qualquer meio] de materiais de construção metálicos;comércio [através de qualquer meio] de materiais de construção não metálicos;serviços de de negócios para projetos de construção;,JPA,45,serviços jurídicos.,S
+COR,2,esmaltes [vernizes]; esmaltes para tintas; lacas; revestimentos [tintas]; tintas *; vernizes *;,KOR,35,"comércio [através de qualquer meio] de artigos do vestuário;comércio [através de qualquer meio] de artigos para prática de esportes;comércio [através de qualquer meio] de calçados;comércio [através de qualquer meio] de roupas;comércio on-line, no varejo, de vestuário virtual baixável;promoção de bens e serviços através de patrocínio de eventos esportivos;",S
+COR,2,esmaltes [vernizes]; esmaltes para tintas; lacas; revestimentos [tintas]; tintas *; vernizes *;,KOR,40,ateliê de costura;confecção de artigo do vestuário sob encomenda;confecção de roupas;corte de tecidos;impressão de estampas;modificação [ajustes] de roupas;tingimento de tecidos;tratamento de tecidos;,S
VIDA,41,"cursos livres(online);publicação on-line de livros e periódicos eletrônicos;serviços de educação;serviços de ensino;serviços de instrução;provimento de vídeos on-line; material didáticos online; apostilas online; e-book, desde que incluídos nesta classe.;",VIDA+,35,"administração de cartão de desconto;administração de convênios de benefícios;serviços de programas de fidelidade [clube, cartão, talão];",S
BRUMA,35,"assessoria, consultoria e informação ao consumidor sobre produtos e respectivos preços, s de websites, em conexão com comércio realizado pela internet;assessoria, consultoria e informação em gestão de negócios e comercialização de produtos sob contrato de franquia;comércio (s de qualquer meio) de cosméticos;comércio (s de qualquer meio) de loções para os cabelos;comércio [s de qualquer meio] de preparações de higiene pessoal não medicamentosas;demonstração de produtos;franchising [sistema pelo q",BRUMA,35,comércio [s de qualquer meio] de bijuteria;comércio [s de qualquer meio] de jóias.;,S
BRUMA,35,"assessoria, consultoria e informação ao consumidor sobre produtos e respectivos preços, através de websites, em conexão com comércio realizado pela internet;assessoria, consultoria e informação em gestão de negócios e comercialização de produtos sob contrato de franquia;comércio (através de qualquer meio) de cosméticos;comércio (através de qualquer meio) de loções para os cabelos;comércio [através de qualquer meio] de preparações de higiene pessoal não medicamentosas;demonstração de produtos;fra",BRUMA,14,anéis [joias e bijuterias];colares [joias e bijuterias];correntes [joias e bijuterias];,S
MR.CLEAN,37,de fachada de edificações; de interiores de edifícios; zelador;,MR. CLEAN,35,"comércio [através de qualquer meio] de cosméticos;comércio [através de qualquer meio] de máquinas-ferramentas;comércio [através de qualquer meio] de material de ;comércio [através de qualquer meio] de preparações de higiene pessoal não medicamentosas;comércio [através de qualquer meio] de preparações higiênicas para uso medicinal;comércio [através de qualquer meio] de preparações para limpar, polir, desengordurar e decapar;comércio [através de qualquer meio] de produtos abrasivos para ;comércio ",S
PANDA,40,"serviço de injeção de plástico; fabricação personalizada de brinquedos sob encomenda de terceiros; montagem de materiais sob encomenda de terceiros (brinquedos), desde que incluídos nesta classe.;",PANDA,39,armazenagem;armazenagem de mercadorias;frigorífico [armazenagem de produto alimentício];,S
MUNDIAL,45,agente funerário (serviços de -);embalsamamento;cremação (serviços de -);enterros [funerais];funerário [serviço -];,MUNDI ALL,35,"comércio [através de qualquer meio] de artigos de chapelaria;comércio [através de qualquer meio] de artigos do vestuário;comércio [através de qualquer meio] de calçados;comércio [através de qualquer meio] de roupas;comércio on-line, no varejo, de vestuário virtual baixável;",S
RDK,21,"cachepôs, exceto de papel, para vasos de plantas; suportes para arranjos de plantas e flores; vasos; vasos para flores.;",RDK,37,"aperfeiçoamento de equipamento automotivo [instalação, manutenção, reparo][tuning];assessoria, consultoria e informação em reparo e manutenção de veículos;instalação personalizada de peças de veículos externas, internas e mecânicas [adaptação];manutenção e reparo de automóveis;recondicionamento de motores desgastados ou parcialmente destruídos;serviço de reparo de panes em veículos;",S
REDFOX,35,"assessoria, consultoria e informação em gestão de negócios e empresas; gestão de franquia; assessoria, consultoria e informação ao consumidor sobre produtos e respectivos preços, através de websites, em conexão com comércio realizado pela internet; provimento de mercado online para compradores e vendedores de produtos e serviços [marketplace]; de produtos; marketing por influenciadores; promoção de produtos por meio de influenciadores; publicidade; publicidade por qualquer meio; comércio (atravé",REDFOX,41,treinamento prático relacionado ao adestramento e comportamento de animais de estimação []; adestramento de animais domésticos;,S
RENATU&#39;S,40,beneficiamento de alimentos;congelamento de alimentos;conservação de alimentos e s;extração de suco de frutas;pasteurização de alimentos e s;,RENATUS,11,aparelho para fazer gelo de uso doméstico;aparelhos aquecedores e resfriadores para distribuição de s quentes e frias;aparelhos de aquecimento;aparelhos de ar-condicionado;aparelhos de ar-condicionado para veículos;aparelhos e instalações de refrigeração;aparelhos e instalações para resfriamento;aparelhos e máquinas de gelo;aparelhos e máquinas para purificação de água;aparelhos e máquinas para purificação de ar;aquecedores de água;freezer de uso doméstico;geladeira a gás;,S
CYCLO,38,"serviços de telecomunicações, a saber, direcionamento de chamadas, mensagens sms e notificações ´´push´´ para operadores de veículos motorizados de terceiros nas proximidades de quem liga utilizando telefones móveis; telecomunicações.;",CICLO,41,cursos livres [ensino];serviços de educação;serviços de educação on-line prestados em um ambiente virtual;,S
SOBERANO,41,organização de bailes; organização de concursos de beleza; organização de desfiles de moda para fins de entretenimento; organização de espetáculos [shows] [serviços de empresário]; organização de exposições para fins culturais ou educativos; organização e apresentação de colóquios; organização e apresentação de congressos; organização e apresentação de seminários; organização e apresentação de simpósios; agente artístico; literário e cultural [promotor de evento]; aluguel de salão de festas para,SOBERANO,35,comércio [através de qualquer meio] de artigos de papelaria;comércio [através de qualquer meio] de jogos e brinquedos;comércio [através de qualquer meio] de produtos alimentícios [doces];,S
WG,5,"adesivos transdérmicos com suplementos vitamínicos;preparados, complementos e suplementos alimentares à base de albumina;preparados, complementos e suplementos alimentares à base de frutas [não medicinal];preparados, complementos e suplementos alimentares à base de proteína;suplementos alimentares à base de pó de açaí;suplementos alimentares à base de pó de copaíba;suplementos alimentares à base de pó de guaraná;suplementos alimentares à base de pó de guaraná;suplementos alimentares de albumina;",WG,28,"aparatos para jogos;aparelho automático de entretenimento acionado por cartão;brinquedos*;cartas colecionáveis para jogos;oles de videogames;oles portáteis de videogames;controles [joystick] para videogames;controles para brinquedos;controles para oles de jogos;fichas para jogos;figuras planas de brinquedo feitas em acrílico, com suporte;filmes protetores adaptados para telas de jogos portáteis;jogo de cartas;jogos de argolas;jogos de cartas;jogos de cartas colecionáveis;jogos de mesa;jogos de t",S
PLENYTUDE,40,de aviamentos em têxteis;ateliê de costura;confecção de artigo do vestuário sob encomenda;confecção de roupas;montagem de materiais sob encomenda de terceiros;serigrafia;silk-screen [serigrafia];,PLENITUDE,44,"aspersão, aérea ou de superfície, de fertilizantes e outras substâncias químicas agrícolas;assessoria, consultoria e informação na área agrícola;assessoria, consultoria e informação na área de horticultura de parreirais;assessoria, consultoria e informação sobre de pesticidas e sobre resíduos de pesticidas em alimentos;extermínio de animais nocivos para agricultura, aquacultura, horticultura e silvicultura.;horticultura [serviço agropecuário];",S
MERIDIONAL,6,"abraçadeiras de metal; abraçadeiras de metal para cabos ou tubos; aço, bruto ou semitrabalhado; agulhas para estradas de ferro; agulhas para linhas férreas; algerozes de metal para telhados [calhas]; alumínio; âncoras *; andaimes de metal; anéis de cobre; anéis de metal *; anilhos [arruelas] de metal; arame farpado; argolas de metal comum para chaves; armadilhas para animais selvagens *; armaduras de metal para dutos de ar comprimido; assoalhos de metal; ataduras de metal para feixes; aviários d",MERIDIONAL,36,"administração de seguro;administração de seguro-saúde;assessoria, consultoria e informação em seguros;assessoria, consultoria e informação sobre seguros de saúde;comercialização de seguro saúde;consultoria em seguros;corretagem de seguros;plano de saúde, venda e administração;provimento de informações sobre seguros;seguros;seguros contra incêndio;seguros de saúde;seguros de vida;",S
RIOBRANCO,5,"medicamentos líquidos, medicamentos para a medicina humana, medicamentos para a medicina veterinária e medicamentos para uso dentário.;",RIO BRANCO,16,"livros, jornais, revistas e publicações periódicas em geral; material didático (exceto aparelhos); material escolar (papelaria); sem finalidade lucrativa.;",S
IMPACTO,41,"agência de notícias/jornalismo [elaboração de reportagens fotográficas ou não];agente artístico; literário e cultural [promotor de evento];assessoria, consultoria e informação em atividades desportivas e culturais;assessoria, consultoria e informação em entretenimento [lazer];copidesque [edição de texto, exceto de publicidade];cronometragem de eventos desportivos;diagramação [editoração eletrônica de publicações];direção de filmes, exceto filmes publicitários;edição de texto, exceto de publicida",IMPACTO,41,"e condução de cursos, treinamentos, palestras, workshops, s e s de capacitação, presenciais e on-, nas áreas de responsabilidade social, sustentabilidade, esg, inclusão social, impacto social e impacto ambiental; e condução de treinamentos para conscientização responsabilidade social, sustentabilidade, filantropia, voluntariado, inclusão social e proteção ambiental; planejamento, e condução de cursos, workshops, s, palestras e campanhas educacionais projetos de impacto social e ambiental;",S
IBOA,35,"assessoria, ultoria e informação ao umidor sobre produtos e respectivos preços, através de websites, em conexão com comércio realizado pela internet;comércio [através de qualquer meio] de aparelhos de instalações sanitárias;comércio [através de qualquer meio] de desinfetantes;comércio [através de qualquer meio] de material de limpeza;comércio [através de qualquer meio] de preparações para limpar, polir, desengordurar e decapar;comércio [através de qualquer meio] de produtos abrasivos para limpez",IBOA,18,"alças de malas;armações para bolsas [peças estruturais de bolsas];bolsa para cosméticos [vazia];bolsa para tênis;bolsas;bolsas de caça;bolsas de capim dourado;bolsas de couro para embalagem;bolsas de couro para ferramentas, vazias;bolsas de malhas;bolsas de mão;bolsas de praia;bolsas de viagem;bolsas escolares;bolsas para alpinistas;bolsas para campistas;bolsas para carregar bebês [slings];bolsas para equipamentos esportivos*;bolsas*;bolsas*;bornais [mochilas];carteira para moeda;carteiras de bo",S
TOP,35,comércio (através de qualquer meio) de alfinetes e agulhas [artigos de armarinho]; comércio (através de qualquer meio) de botões [artigos de armarinho]; comércio (através de qualquer meio) de colchetes e ilhoses [artigos de armarinho]; comércio (através de qualquer meio) de s; comércio (através de qualquer meio) de material de ; comércio (através de qualquer meio) de s alimentícios; comércio (através de qualquer meio) de s de ;,TOP SENSE,3,"removedores de esmalte de unhas; acetona (removedor de esmalte de unhas); álcool em gel para higiene das mãos; preparações cosméticas e de toalete não medicinais; dentifrícios não medicinais; , óleos essenciais; preparações para branquear e outras substâncias para uso em lavanderia; preparações para limpar, polir e decapar, preparações abrasivas; s químicos de uso doméstico para avivar cores (lavanderia); amaciantes de tecidos; s para enxaguar a roupa (lavanderia); s para alisar (engomar); s par",S
TOP,35,comércio (através de qualquer meio) de alfinetes e agulhas [artigos de armarinho]; comércio (através de qualquer meio) de botões [artigos de armarinho]; comércio (através de qualquer meio) de colchetes e ilhoses [artigos de armarinho]; comércio (através de qualquer meio) de s; comércio (através de qualquer meio) de material de ; comércio (através de qualquer meio) de s alimentícios; comércio (através de qualquer meio) de s de ;,TOP SENSE,3,"removedores de esmalte de unhas; acetona (removedor de esmalte de unhas); álcool em gel para higiene das mãos; preparações cosméticas e de toalete não medicinais; dentifrícios não medicinais; , óleos essenciais; preparações para branquear e outras substâncias para uso em lavanderia; preparações para limpar, polir e decapar, preparações abrasivas; s químicos de uso doméstico para avivar cores (lavanderia); amaciantes de tecidos; s para enxaguar a roupa (lavanderia); s para alisar (engomar); s par",S
TOTAL,36,consultoria financeira; consultoria fiscal [valoração]; financeira (consultoria -); de cartão de crédito;,"TOTAL MEDIC BRAZIL IMPORTAÇÃO, EXPORTAÇÃO E DISTRIBUIDORA.",35,"comercial; de empresa; de holding [tipo de empresa];comércio [através de qualquer meio] de aparelhos e instrumentos cirúrgicos;comércio [através de qualquer meio] de aparelhos e instrumentos médicos;comércio [através de qualquer meio] de cosméticos;comércio [através de qualquer meio] de preparações farmacêuticas;comércio [através de qualquer meio] de produtos de perfumaria;comércio, no varejo, de preparações sanitárias, farmacêuticas e veterinárias e de suprimentos médicos;farmácia [comércio de ",S
MEGA,27,"s, capachos, s e papeis de parede, incluídos nesta;",MEGA CASA IMPORTS,35,assessoria em gestão comercial ou industrial;comércio [através de qualquer meio] de adesivos para papelaria ou para uso doméstico;comércio [através de qualquer meio] de aparelhos de aquecimento;comércio [através de qualquer meio] de aparelhos de iluminação;comércio [através de qualquer meio] de aparelhos de instalações sanitárias;comércio [através de qualquer meio] de aparelhos de refrigeração;comércio [através de qualquer meio] de aparelhos de ventilação;comércio [através de qualquer meio] de a,S
D´ORO,35,"demonstração de produtos; provimento de mercado online para compradores e vendedores de produtos e serviços [marketplace]; serviços de agências de importação-exportação; comércio (através de qualquer meio) de ; assessoria, consultoria e informação ao consumidor sobre produtos e respectivos preços, através de websites, em conexão com comércio realizado pela internet; assessoria, consultoria e informação em gestão de negócios e comercialização de produtos sob contrato de franquia; comércio (atravé",VETRINA D´ORO,14,"abotoaduras;alfinetes de adereço;alfinetes de chapéu [joias e s];alfinetes de gravatas;alfinetes de ;amuletos [joias e s];âncoras [];anéis [joias e s];argola de uso pessoal [];s de / ;balangandã [ornamento ou amuleto, ordinariamente de , em forma de figa, medalha, pendente de broche, argola ou pulseira];berloques para joias e s;biojoias;bracelete de qualquer material [joia ou ];brilhante [diamante];brincos;brincos de capim dourado;broches [joias e s];button [ing.];caixas de relógios [de parede o",S
KROMASA,16,"almofada absorvente para alimentos; de ou ; de polietileno [para ou ]; para ; , , para uso em ;folhas absorventes de ou de para produtos alimentícios;folhas de celulose reciclada para ;folhas reguladoras de umidade, feitas de ou de , para produtos alimentícios;guardanapos de ;lenços de ;lenços de para limpeza;lenços de para retirar maquiagem; descartável para assento sanitário; para ; para embrulho; toalha; bolha [para ou empacotamento];s [s, las] para , de ou ;s de lixo, de ou ;s para cozinhar ","KK KROMASA PRESERVANDO HISTÓRIAS, ENTREGANDO PRATICIDADE",16,"de ou ; para ; , , para uso em ;s [s, las] de ou para ;",S
WG,5,"adesivos transdérmicos com s vitamínicos;preparados, s e s es à base de albumina;preparados, s e s es à base de frutas [não ];preparados, s e s es à base de ;s es à base de pó de açaí;s es à base de pó de copaíba;s es à base de pó de guaraná;s es à base de pó de guaraná;s es de albumina;s es de caseína;s es de enzimas;s es de germe de trigo;s es de glicose;s es de levedura;s es de ;s es de própolis;s es de de soro do leite;s es ;s es para seres humanos;s ;",WG VYTAMIN COMPLEX,35,"serviço de comercialização de s encapsulados; comercialização de alimentos dietéticos adaptados para uso , s , farinhas para uso farmacêutico, fibras es, gelatina para uso , para uso farmacêutico; [comércio de] óleo de fígado de bacalhau, de , s es , cápsula de alga marinha para uso , vitamina e sais , / para uso .;",S
TOP,35,comércio (através de qualquer meio) de alfinetes e agulhas [artigos de armarinho]; comércio (através de qualquer meio) de botões [artigos de armarinho]; comércio (através de qualquer meio) de colchetes e ilhoses [artigos de armarinho]; comércio (através de qualquer meio) de s; comércio (através de qualquer meio) de material de ; comércio (através de qualquer meio) de s alimentícios; comércio (através de qualquer meio) de s de ;,TOP SENSE,3,"removedores de esmalte de unhas; acetona (removedor de esmalte de unhas); álcool em gel para higiene das mãos; preparações cosméticas e de toalete não medicinais; dentifrícios não medicinais; , óleos essenciais; preparações para branquear e outras substâncias para uso em lavanderia; preparações para limpar, polir e decapar, preparações abrasivas; s químicos de uso doméstico para avivar cores (lavanderia); amaciantes de tecidos; s para enxaguar a roupa (lavanderia); s para alisar (engomar); s par",S
FAMINTO&#39;S,40,beneficiamento de alimentos;congelamento de alimentos;conservação de alimentos e s;defumação de alimentos;extração de de frutas;montagem de materiais sob encomenda de terceiros;,FAMINTOS FOOD,35,"assessoria em gestão comercial ou industrial;assessoria, consultoria e informação em franquia, exceto licenciamento da propriedade intelectual [gestão comercial];assessoria, consultoria e informação em gestão de negócios e comercialização de produtos sob contrato de franquia;assessoria, consultoria e informação em gestão de negócios para companhias industriais ou comerciais;assessoria, consultoria e informações sobre franchising [gestão comercial];comércio [através de qualquer meio] de s alcoóli",S
ONLY.,32,"água mineral [bebida];bebidas não alcoólicas com sabor de chá;suco de fruta;suco de tomate [bebida];sucos de frutas;sucos de frutas, verduras e legumes [bebidas];",ONLY COFFEE CO.,35,comércio [através de qualquer meio] de produtos alimentícios [grãos];comércio [através de qualquer meio] de utensílios e recipientes para a casa ou a cozinha;padaria [comércio de café moído; sem vistas ao consumo no local];comércio (através de qualquer meio) de produtos alimentícios a base de café; comércio (através de qualquer meio) de utensílios para cafeteria; exportação de café cru;,S
KROMASA,16,"almofada absorvente para alimentos; de papel ou plástico;filme de polietileno [para embalar ou embrulhar];filme plástico para embrulhar;filme plástico, extensível, para uso em paletização;folhas absorventes de papel ou de plástico para embalar produtos alimentícios;folhas de celulose reciclada para embrulhar;folhas reguladoras de umidade, feitas de papel ou de plástico, para embalar produtos alimentícios;guardanapos de papel;lenços de papel;lenços de papel para limpeza;lenços de papel para retir","KK KROMASA PRESERVANDO HISTÓRIAS, ENTREGANDO PRATICIDADE",35,comércio [através de qualquer meio] de matérias plásticas não processadas;comércio [através de qualquer meio] de matérias plásticas para ;,S
SR,37,montagem e reforma de móveis.;,GRUPO SR,19,"materiais de construção, não metálicos.;",S
VIBE,41,de s de intercâmbio cultural e educativo. - [ em]; de s de intercâmbio cultural e educativo. - [ em]; de s de intercâmbio cultural e educativo. - [ em]; de s de intercâmbio cultural e educativo.;,VV VÊNUS VIBE,41,"aluguel de filmes cinematográficos;apresentação de espetáculos de variedades;, e em educação [instrução];, e em treinamento [demonstração][ensino];, e ensino;aulas particulares;coaching [treinamento];curso de ciências ocultas;curso técnico de formação;cursos livres [ensino];direção de filmes, exceto filmes publicitários;distribuição de filmes;dublagem;edição de texto, exceto de publicidade [copidesque];edição de videoteipe;editoração eletrônica;fã clube;filmagem em vídeo;fornecimento de s de tel",S
VIDA,41,"s es(online);publicação on-line de os e periódicos eletrônicos;serviços de educação;serviços de ;serviços de instrução;provimento de vídeos on-line; material didáticos online; apostilas online; e-book, desde que incluídos nesta classe.;",BORA VIDA,41,s es [];organização e realização de eventos de entretenimento;serviços de entretenimento;,S
RAIN,35,"comércio (através de qualquer meio) de cd-rom [disco]; cd-rom [drive]; cabo para bateria [eletricidade]; cabos elétricos; caixa de som; caixas de baterias [acumuladores]; caixas para alto-falantes; cartões de memória para videogames; dvd [drive de ]; dvd [reprodutor para tvs]; dvd, disco digital de vídeo; fones de ouvido; material para condutos elétricos [fios, cabos]; megafones; memórias para ; microfones; pen drives; receptores de telefone; tablets; telefones celulares; tocadores de dvd; carre",RAIN TI,42,"* desenvolvimento, implementação e manutenção de software; * software como serviço (saas) para gestão e registro de documentos e contratos, inclusive com cláusula de alienação fiduciária; * armazenamento de dados; serviços de data center; hospedagem de aplicações; * digitalização e conversão de documentos para s; * criptografia, autenticação e segurança da informação; monitoramento de sistemas de por acesso remoto; * consultoria em tecnologia da informação e segurança da informação.;",S
IMPACTO,41,"agência de notícias/jornalismo [elaboração de reportagens fotográficas ou não];agente artístico; literário e cultural [promotor de evento];assessoria, consultoria e informação em atividades desportivas e culturais;assessoria, consultoria e informação em entretenimento [lazer];copidesque [edição de texto, exceto de publicidade];cronometragem de eventos desportivos;diagramação [editoração eletrônica de publicações];direção de filmes, exceto filmes publicitários;edição de texto, exceto de publicida",IMPACTO SOLUÇÃO EM SEGURANÇA,37,conserto de aparelho fotográfico;conserto e manutenção de aparelhos audiovisuais eletroeletrônicos;instalação e manutenção de instalações elétricas;instalação e reparo de aparelhos elétricos;,S
D´ORO,14,abotoaduras; adereços de marfim [joias e s]; alfinetes de adereço; alfinetes de gravatas; amuletos [joias e s]; anéis [joias e s]; s de / ; brincos; broches [joias e s]; chaveiros de ; fios de [joias e s]; correntes [joias e s]; correntes de relógios; estátuas de ; estatuetas de ; fechos para joias e s; fios de ouro []; fios de prata [joias e s]; imitações de s s; joias e s de âmbar amarelo; joias e s de marfim; medalhas; medalhões [joias e s]; ornamentos dchapéus (ornamentos de) [de ]; ornament,VETRINA D´ORO,35,comércio [através de qualquer meio] de aparelhos e instrumentos cronométricos;comércio [através de qualquer meio] de s de ;comércio [através de qualquer meio] de s de ;comércio [através de qualquer meio] de baixelas em ;comércio [através de qualquer meio] de ;comércio [através de qualquer meio] de s e suas ligas;comércio [através de qualquer meio] de s s;comércio [através de qualquer meio] de produtos confeccionados de s ou folheados;comércio [através de qualquer meio] de produtos de comum;,S
BRUMA,35,"assessoria, ultoria e informação ao umidor sobre produtos e respectivos preços, através de websites, em conexão com comércio realizado pela internet;assessoria, ultoria e informação em gestão de negócios e comercialização de produtos sob contrato de franquia;comércio (através de qualquer meio) de s;comércio (através de qualquer meio) de loções para os cabelos;comércio [através de qualquer meio] de preparações de higiene pessoal não medicamentosas;demonstração de produtos;franchising [sistema pel",LA BRUMA,5,suplemento nutricional [vitaminas ou minerais] para uso medicinal;suplemento nutricional de óleo comestível para uso medicinal;suplemento ou complemento alimentar em barra para uso medicinal;suplemento ou complemento alimentar em líquido para uso medicinal;suplemento ou complemento alimentar em pó para uso medicinal;suplementos alimentares à base de pó de açaí;suplementos alimentares à base de pó de copaíba;suplementos alimentares à base de pó de guaraná;suplementos alimentares à base de pó de g,S
WG,5,"adesivos transdérmicos com s vitamínicos;preparados, complementos e s alimentares à base de albumina;preparados, complementos e s alimentares à base de frutas [não ];preparados, complementos e s alimentares à base de proteína;s alimentares à base de pó de açaí;s alimentares à base de pó de copaíba;s alimentares à base de pó de guaraná;s alimentares à base de pó de guaraná;s alimentares de albumina;s alimentares de caseína;s alimentares de enzimas;s alimentares de germe de trigo;s alimentares de ",WG VYTAMIN COMPLEX,5,[vitaminas ou ] encapsulados para uso .;,S
ZN,41,"agente artístico; literário e cultural [promotor de evento];animação de festa;apresentação de espetáculos ao vivo;assessoria, consultoria e informação em entretenimento [lazer];banda de música [serviços de entretenimento];cantor(a);composição de canções;empresário [organização e produção de espetáculos];fã clube;fornecimento de filmes, não baixáveis, através de serviços de vídeo sob demanda;fornecimento de programas de televisão, não baixáveis, através de serviços de vídeo sob demanda;gravações ",STUDIO ZN PILATES,41,serviços de academia de ginástica [treinamento físico e para a saúde];,S
MANGO,40,beneficiamento de s;congelamento de s;conservação de s e s;,DOCE MANGO,43,"alimentação natural e macrobiótica [serviços de fornecimento de comida e ];aluguel de salas de reunião;assessoria, consultoria e informação em culinária;assessoria, consultoria e informação relativa à produção de ;assessoria, consultoria e informação técnica em serviço de alimentação;assessoria, consultoria e informações sobre restaurante;churrascaria [restaurante];cyber café [fornecimento de comida e ];decoração de s;decoração de bolos;distribuição de cestas básicas a pessoas carentes;fornecime",S
MOW,40,alfaiataria;ateliê de costura;confecção de artigo do sob encomenda;confecção de s;montagem de materiais sob encomenda de terceiros;serviços de bordar;tratamento de têxteis;,MOW - MEETING OF WATERS,25,quimonos; para ginástica; *;,S
BEACH,19,não metálicas; escadas não metálicas; estruturas não metálicas para ; pedra; pedra artificial; pedras de ; piscinas [estruturas não metálicas]; pranchas não metálicas para saltos; aquário [estrutura do tipo tanque]; artigo para hidráulica; bóia para caixa d'água; caixa d'água [reservatório para abastecimento]; deque não metálico para piscina; tela protetora para piscina; encanamentos não metálicos de água;,BEACH CLASS,37,"aluguel de equipamento de ;assessoria, consultoria e informação em aluguel de equipamentos para ;assessoria, consultoria e informação em ;assessoria, consultoria e informação em supervisão de ; *; e reparação de obra civil;consultoria na área de civil; de serviços básicos de infraestrutura em locais de ;maquete [ de protótipos, maquetes e miniaturas para projetos arquitetônicos, empreendimentos imobiliários, de acordo com projeto];provimento de informações sobre ;re de edificações [reedificação]",S
INOVA ITAPOA - SC PINTURAS,37,"aplicação de tinta e impermeabilizante;assessoria, consultoria e informação em pintura de prédios;pintura ou reparo de letreiros;pintura, de interior e de exterior;serviços de pinturas viárias;",INOVA TIJOLO ECOLÓGICO,19,tijolos;,S
INOVA ITAPOA - SC PINTURAS,37,"aplicação de tinta e impermeabilizante;assessoria, consultoria e informação em pintura de prédios;pintura ou reparo de letreiros;pintura, de interior e de exterior;serviços de pinturas viárias;",INOVA RALOS,35,comércio [através de qualquer meio] de materiais de construção metálicos;comércio [através de qualquer meio] de materiais de construção não metálicos;,S
INOVA ITAPOA - SC PINTURAS,37,"aplicação de tinta e impermeabilizante;assessoria, consultoria e informação em pintura de prédios;pintura ou reparo de letreiros;pintura, de interior e de exterior;serviços de pinturas viárias;",INOVA RALOS,6,ralo metálico;,S
FAROL DAS LETRAS,41,", e em [instrução];, e em [][];, e ;coaching [];curso técnico de formação;cursos livres [];cursos por correspondência;organização de exposições para fins culturais ou educativos;organização de programas de intercâmbio cultural e educativo;organização e apresentação de colóquios;organização e apresentação de conferências;organização e apresentação de congressos;organização e apresentação de seminários;organização e apresentação de simpósios; [];provimento de sobre [instrução];serviços de ;serviço",FAROL EDUCA,41,", e em [][];, e ; [];serviços de ;serviços de ;",S
FAROL DAS LETRAS,41,"assessoria, e informação em educação [instrução];assessoria, e informação em treinamento [demonstração][ensino];assessoria, e informação ensino;coaching [treinamento];curso técnico de formação;cursos livres [ensino];cursos por correspondência;organização de exposições para fins culturais ou educativos;organização de programas de intercâmbio cultural e educativo;organização e apresentação de colóquios;organização e apresentação de conferências;organização e apresentação de congressos;organização ",FAROL EDUCA,35,em gestão de negócios; em gestão de pessoal; profissional em negócios;serviços de comunicação corporativa;,S
JB BARREIRA ECOLÓGICA,37,"prestação de serviços de instalação, manutenção e reparo de barreiras ecológicas em rios, riachos ou corpos d'água similares. os serviços incluem o fornecimento e montagem das barreiras, análise do local para instalação, adaptação conforme as condições ambientais e normativas vigentes, além de manutenção periódica e eventuais reparos para garantir a funcionalidade, segurança e durabilidade das estruturas.;",JB JORGE BECHARA MÓVEIS,42,"assessoria, consultoria e informações sobre decoração de interiores;assessoria, consultoria e informações sobre engenharia;concepção de protótipo [elaboração de projeto];concepção e projetos de maquetes e protótipos;criação e projeto de planta para construção;decoração de interiores;design de homepage;design de interiores;design gráfico de computador para mapeamento de projeção de vídeos;design gráfico de material promocional;elaboração [concepção] de software de computador;planejamento urbano;p",S
JB BARREIRA ECOLÓGICA,37,"prestação de serviços de instalação, manutenção e reparo de barreiras ecológicas em rios, riachos ou corpos d'água similares. os serviços incluem o fornecimento e montagem das barreiras, análise técnica do local para instalação, adaptação conforme as condições ambientais e normativas vigentes, além de manutenção periódica e eventuais reparos para garantir a funcionalidade, segurança e durabilidade das estruturas.;",JB JORGE BECHARA MÓVEIS,20,"altares [mobiliário];apoio de cabeça [móveis];apoio para braço [móvel];apoio para livro [móvel];apoio para telefone [móvel];apoio tipo banqueta para a cabeça, não metálico;armário bar;armários [guarda-louças];armários [mobiliário];armários para livros;armários para malas;arquivos para fichas [móveis];assentos [cadeiras]*;assentos de metal;balcão [móvel];balcões;bancadas de trabalho;bancos [móveis];bancos para banheiro;banqueta [móvel];banquinhos para os pés;bases para camas;baús não metálicos;be",S
JB BARREIRA ECOLÓGICA,37,"prestação de serviços de instalação, manutenção e reparo de barreiras ecológicas em rios, riachos ou corpos d'água similares. os serviços incluem o fornecimento e montagem das barreiras, análise técnica do local para instalação, adaptação conforme as condições ambientais e normativas vigentes, além de manutenção periódica e eventuais reparos para garantir a funcionalidade, segurança e durabilidade das estruturas.;",JB JORGE BECHARA MÓVEIS,35,"assessoria, consultoria e informação em negócios relacionados à estratégia, marketing, produção, pessoal e assuntos relativos ao comércio varejista;assessoria, consultoria e informação em promoção de vendas;comércio [através de qualquer meio] de artigos de cama, mesa e banho;comércio [através de qualquer meio] de móveis;gestão de franquia para terceiros;publicidade por catálogos de vendas;serviços de assessoria em gestão de negócios;",S
IMPERIAL MS,19,"materiais de construção, não metálicos;",IMPERIAL GRANITOS,19,"ardósia;granito;mármore;pedra; pisos, revestimentos, granitos em bloco;",S
JC AGRO & FILHOS,31,"abacate fresco;abacaxi fresco;abóboras frescas;abobrinhas frescas;açaí, fresco;acelga fresca;acerola, fresca;agrião fresco;aipim fresco [mandioca in natura];aipim, fresco;alcachofra fresca;alcachofras frescas;alface fresca;alfazema in natura;alho fresco;alho-poró;ameixa [produto fresco];amêndoas [frutas];amendoins [frutos];araçá fruto, fresco;araruta;arroz não processado;aspargo [produto fresco];aveia;aveia em grão;avelãs frescas;azeitonas frescas;babosa [planta];bacuri fruto, fresco;batatas fre",RESTAURANTE JC SELF SERVICE CHURRASCARIA,43,"assessoria, consultoria e informações sobre restaurante;churrascaria [restaurante];serviços de lanchonetes;serviços de restaurantes;serviços de restaurantes para retirada;",S
JK SALGADOS,40,beneficiamento de alimentos;congelamento de alimentos;,JK CONFEITARIA ARTESANAL,43,alimentação natural e macrobiótica [serviços de fornecimento de comida e bebida];serviços de restaurantes;,S
VIVA EMPREENDIMENTOS IMOBILIÁRIOS,36,de ; aluguel de apartamentos; aluguel de escritórios []; avaliação ; *; ; locação de ; serviços de agências s; serviços de agências s de locação de apartamentos; aluguel de loja []; comércio de ; compra e venda de ; de ; leasing de ; ;,VIVA SANTA ANGELA,36,de ; ; de ; ;serviços s;,S
CORUJÃO DO OVO,35,"demonstração de produtos; provimento de mercado online para compradores e vendedores de produtos e serviços [marketplace]; serviços de agências de importação-exportação; comércio [através de qualquer meio] de produtos alimentícios [aves e ovos]; assessoria, consultoria e informação ao consumidor sobre produtos e respectivos preços, através de websites, em conexão com comércio realizado pela internet; assessoria, consultoria e informação em gestão de negócios e comercialização de produtos sob con",BACALHAU CORUJÃO BACALHAU NÃO É TUDO IGUAL,43,serviços de bar;serviços de restaurantes;serviços de restaurantes para retirada;,S
DOCE HELENA,40,beneficiamento de alimentos;congelamento de alimentos;conservação de alimentos e bebidas;,HELENA BURGER,43,serviços de bar;serviços de cafés [bares];serviços de cantinas;serviços de lanchonetes;serviços de personal chef;serviços de restaurantes;serviços de restaurantes para retirada;,S
DOCE HELENA,40,beneficiamento de alimentos;congelamento de alimentos;conservação de alimentos e bebidas;,HELENA BURGER,30,cheeseburgers [sanduíches];coxinha de galinha [salgadinho];empada;empadinhas;esfiha;panquecas;pastéis de forno;pastel frito;pizzas;sanduíches;,S
DOCE HELENA,40,beneficiamento de alimentos;congelamento de alimentos;conservação de alimentos e s;,HELENA BURGER,35,comércio [através de qualquer meio] de s alcoólicas;comércio [através de qualquer meio] de s não alcoólicas;comércio [através de qualquer meio] de produtos alimentícios [bolos];comércio [através de qualquer meio] de produtos alimentícios [chocolates];comércio [através de qualquer meio] de produtos alimentícios [doces];comércio [através de qualquer meio] de produtos alimentícios [laticínios];comércio [através de qualquer meio] de produtos alimentícios [massas];comércio [através de qualquer meio] ,S
VITORIA COLLECTION,35,comércio [s de qualquer meio] de s;comércio [s de qualquer meio] de s para ;comércio [s de qualquer meio] de s;,VITÓRIA CATS,35,"comércio [s de qualquer meio] de alimentos para ;comércio [s de qualquer meio] de s;comércio [s de qualquer meio] de s para ;comércio [s de qualquer meio] de s;comércio, no atacado, de sanitárias, farmacêuticas e s e de suprimentos médicos;comércio, no varejo, de sanitárias, farmacêuticas e s e de suprimentos médicos;",S
BENDITO BAR,40,beneficiamento de alimentos;congelamento de alimentos;conservação de alimentos e bebidas;,BENDITO FRUTOS DO MAR,43,serviços de restaurantes;,S
IMPÉRIO DAS MARMITAS,43,churrascaria [restaurante];serviço de bufê;serviços de bar;serviços de lanchonetes;serviços de restaurantes;serviços de restaurantes de autosserviço;serviços de restaurantes para retirada;,IMPÉRIO DO AÇAÍ E CIA,39,entrega de refeições fornecidas por terceiros [delivery];,S
IMPÉRIO DAS MARMITAS,43,[];serviço de bufê;serviços de bar;serviços de s;serviços de s;serviços de s de autosserviço;serviços de s para retirada;,IMPÉRIO FOODS,43,"[];intermediação de serviços de fornecimento de comida e bebida materiais, por meio de um ambiente virtual;intermediação de serviços de fornecimento de comida e bebida, por meio de aplicativo;serviços de s;serviços de s;",S
IMPÉRIO DAS MARMITAS,43,churrascaria [];serviço de ;serviços de bar;serviços de s;serviços de s;serviços de s de ;serviços de s para ;,IMPÉRIO PIZZAS ILHABELA,43,serviço de ;serviços de bar;serviços de cafés [];serviços de cafeteria;serviços de s;serviços de fantasma;serviços de s;serviços de s com entrega em domicílio;serviços de s de ;serviços de s para ;,S
FAST SALGADOS & CIA,30,biscoitos;biscoitos amanteigados;biscoitos de água e sal;biscoitos de arroz;biscoitos de malte;bolachas;bolos;brioches;cachorro-quente;cheeseburgers [sanduíches];coxinha de galinha [salgadinho];crepe;croissants;empada;empadão;esfiha;gelados comestíveis;joelho [enroladinho];massas alimentares;pãezinhos;pão achatado à base de batata;pão de gengibre;pão de queijo;pão sem fermento;pão sem glúten;pão*;pastel de forno;pastel frito;pastelões [torta];pizzas;quibe;quiches;rissole;sanduíches;tortas [doces,AÇAI FAST,40,congelamento de alimentos;conservação de alimentos e bebidas;esterilização de alimento;,S
TURMA DO URSO,25,artigos de malha [];pijamas; íntima;s de banho;trajes de banho; *; ;,URSO 912 DESDE 2025,25,bermuda para prática de esporte;botas para esportes*;calçado esportivo;calçados*;camisas desportivas;camisetas regata para a prática de esportes;faixas [];faixas para a cabeça [];luvas [];luvas de ciclismo;luvas de esqui;luvas de ioga;luvas para montanhismo;luvas sem dedos;rash guards [camisa de compressão para prática esportiva]; para ginástica;sapatos para esportes*; ;,S
TURMA DO URSO,25,s de malha [vestuário];pijamas;roupa íntima;roupas de banho;trajes de banho;vestuário *;vestuário confeccionado;,URSO 912 DESDE 2025,28,almofadas de proteção [partes de vestimentas desportivas];caneleiras para esportes;cintos de halterofilia [s desportivos];coquilhas de proteção para esportes;cotoveleiras para esportes;joelheiras para esportes;luvas de boxe;protetores de abdômen para a prática de esportes;protetores genitais para esportes;suportes atléticos [s esportivos];,S
LB BARBEARIA LORD BARBER,44,serviços de barbearia;,LB,3,"argila para estética;condicionador [cosmético];cosméticos;cremes cosméticos;erva para banho;essências para fins cosméticos;loções capilares*;máscaras de beleza;mistura de fragrâncias;perfumes;preparações de banho para higiene íntima ou para uso desodorante [produtos de higiene pessoal];preparações de colágeno para fins cosméticos;preparações depilatórias;preparações para banho de espuma, exceto para uso medicinal;preparações para higiene pessoal*;preparações para perfumar ambientes;produtos cosm",S
KI SABOR COZINHA INDUSTRIAL MARMITARIA,40,beneficiamento de alimentos;congelamento de alimentos;conservação de alimentos e bebidas;defumação de alimentos;esterilização de alimento;extração de suco de frutas;,KISABOR GELADINHO GOURMET,30,frozen yogurt [sorvete à base de iogurte];frozen yogurt [sorvete à base de iogurte] de açaí;gelados comestíveis;iogurte congelado [sorvete à base de iogurte];iogurte gelado [sorvete à base de iogurte];sorvete de açaí;sorvetes;,S
L&Z PEÇAS E MANUTENÇÕES AGRÍCOLAS,37,"instalação, manutenção e reparo de s agrícolas desde que incluídos nesta classe.;",LZ - ATACADÃO DA CONSTRUÇÃO,7,"betoneiras [s];furadeiras elétricas, manuais;pás mecânicas;",S
L&Z PEÇAS E MANUTENÇÕES AGRÍCOLAS,37,"instalação, manutenção e reparo de máquinas agrícolas desde que incluídos nesta classe.;",LZ - LOUZADA,12,câmaras de ar para pneumáticos;pneus;pneus de automóvel;pneus para rodas de veículo;válvulas para pneus de veículo;,S
L&Z PEÇAS E MANUTENÇÕES AGRÍCOLAS,37,"instalação, manutenção e reparo de s agrícolas desde que incluídos nesta classe.;",LZ - LOUZADA,7,"betoneiras [s];furadeiras elétricas, manuais;pás mecânicas;",S
L&Z PEÇAS E MANUTENÇÕES AGRÍCOLAS,37,"instalação, manutenção e reparo de s agrícolas desde que incluídos nesta classe.;",LZ - LOUZADA,35,comércio [através de qualquer meio] de artigos de ferragem;comércio [através de qualquer meio] de ferramentas manuais;comércio [através de qualquer meio] de s-ferramentas;comércio [através de qualquer meio] de materiais de construção metálicos;comércio [através de qualquer meio] de materiais de construção não metálicos;,S
L&Z PEÇAS E MANUTENÇÕES AGRÍCOLAS,37,"instalação, manutenção e reparo de s agrícolas desde que incluídos nesta classe.;",LZ - ATACADÃO DA CONSTRUÇÃO,35,comércio [através de qualquer meio] de artigos de ferragem;comércio [através de qualquer meio] de ferramentas manuais;comércio [através de qualquer meio] de s-ferramentas;comércio [através de qualquer meio] de materiais de construção metálicos;comércio [através de qualquer meio] de materiais de construção não metálicos;,S
"B BRILHO AVIAMENTOS, METAIS E BIJUTERIAS",35,"demonstração de produtos; provimento de mercado online para compradores e vendedores de produtos e serviços [marketplace]; serviços de agências de importação-exportação; comércio (através de qualquer meio) de bijuteria; comércio (através de qualquer meio) de botões [s de armarinho]; comércio (através de qualquer meio) de colchetes e ilhoses [s de armarinho]; comércio (através de qualquer meio) de fitas e laços; assessoria, consultoria e informação ao consumidor sobre produtos e respectivos preço",BRILHO DO SOL,25,s de malha [];bermuda para prática de esporte;bermudas;biquíni;bonés;calção para banho;calções de banho;calções de banho [sungas];camisas;camisas de manga curta;camisas desportivas;camisetas;camisetas regata para a prática de esportes;canga;chapéus [chapelaria];combinações [];leggings [calças];maiô;malhas [];roupa para ginástica;roupas de banho;roupas de praia;saias;sungas;trajes de banho;vestidos; *; confeccionado;viseiras [chapelaria];,S
PUB COMUNICAÇÃO VISUAL,9,"anúncio luminoso de néon;painéis de sinalização, luminosos ou mecânicos;painéis publicitários eletrônicos;plotters [traçador gráfico];",PUB,17,filamentos plásticos para impressão 3d;,S
BONA TRIGO,43,padaria [fornecimento de comidas e bebidas para consumo imediato];serviços de bar;serviços de cafés [bares];serviços de cafeteria;serviços de lanchonetes;serviços de restaurantes;,BONA TEMPEROS,30,"açafrão [temperos];condimentos;ervas comestíveis conservadas [temperos];farofa;farofa de mandioca;farofa de milho;farofa de milho [farinha de milho frita em gordura];macarrão;misturas para massa;molhos [condimentos];pimentão [temperos];sal de aipo;sal de cozinha;sal para conservar alimentos;saladas preparadas prontas para comer, consistindo principalmente de macarrão;sementes de abóbora processadas [temperos];sementes de gergelim [temperos];temperos;",S
LA VITA PRODUTOS NATURAIS,35,"assessoria, consultoria e informação em gestão de negócios e empresas; comercialização de produtos sob contrato de franquia; franchising [sistema pelo qual empresa detentora de uma marca registrada, processo patenteado de produção ou direitos similares concede a outras empresas licença de utilização dessas marcas ou processos, sob certas condições ? administração de negócios]; gestão de franquia; assessoria, consultoria e informação ao consumidor sobre produtos e respectivos preços, através de w",LAVITA,29,bebidas lácteas fermentadas;iogurte;laticínios;queijos;requeijão;,S
ESSENCE SC BELEZA & COMUNICAÇÃO,35,"material publicitário, design de material publicitário, marketing, assessoria, consultoria e informação em marketing, assessoria, consultoria e informações sobre marketing; gestão de negócios e administração de clinica de desde que incluídos nesta classe.;",ESSENCE ODONTOLOGIA,44,facial e corporal;odontologia [cirurgião-dentista];serviços de avaliação de saúde;serviços de ;serviços de odontologia;,S
IMPÉRIO DOS SORVETES E AÇAÍ,40,beneficiamento de alimentos;congelamento de alimentos;conservação de alimentos e bebidas;extração de suco de frutas.;,IMPÉRIO DO AÇAÍ E CIA,39,entrega de refeições fornecidas por terceiros [delivery];,S
IMPÉRIO DOS SORVETES E AÇAÍ,40,beneficiamento de alimentos;congelamento de alimentos;conservação de alimentos e s;extração de suco de frutas.;,IMPÉRIO FOODS,43,"churrascaria [restaurante];intermediação de serviços de fornecimento de comida e materiais, por meio de um ambiente virtual;intermediação de serviços de fornecimento de comida e , por meio de aplicativo;serviços de lanchonetes;serviços de restaurantes;",S
IMPÉRIO DOS SORVETES E AÇAÍ,40,beneficiamento de alimentos;congelamento de alimentos;conservação de alimentos e bebidas;extração de suco de frutas.;,IMPÉRIO PIZZAS ILHABELA,43,serviço de bufê;serviços de bar;serviços de cafés [bares];serviços de cafeteria;serviços de lanchonetes;serviços de restaurante fantasma;serviços de restaurantes;serviços de restaurantes com entrega em domicílio;serviços de restaurantes de autosserviço;serviços de restaurantes para retirada;,S
LÊ SORVETES,35,"comércio, importação, exportação e representação comercial de sorvetes e gelados desde que incluídos nesta classe.;",LÊ AÇAÍ,31,"abacaxi fresco;açaí, fresco;aveia em grão;frutas frescas;grãos [cereais];uvas frescas;",S
PROVÍNCIA DA PIZZA,43,serviços de bar;serviços de cafeteria;serviços de lanchonetes;serviços de s;serviços de s de autosserviço;,PROVÍNCIA BISTRÔ,35,comércio [através de qualquer meio] de bebidas alcoólicas;comércio [através de qualquer meio] de bebidas não alcoólicas;comércio [através de qualquer meio] de produtos alimentícios [aves e ovos];comércio [através de qualquer meio] de produtos alimentícios [carnes vermelhas];comércio [através de qualquer meio] de produtos alimentícios [doces];comércio [através de qualquer meio] de produtos alimentícios [grãos];comércio [através de qualquer meio] de produtos alimentícios [massas];comércio [através,S
PROVÍNCIA DA PIZZA,43,serviços de bar;serviços de cafeteria;serviços de lanchonetes;serviços de restaurantes;serviços de restaurantes de autosserviço;,PROVINCÍA BISTRÔ,30,arroz;bolos;espaguete;macarrão;massas alimentares;molho de tomate;molhos para massas alimentares;petits fours [pequenos doces ou salgados farináceos e assados];profiteroles;pudins;ravióli;tortas;,S
LEO FILME&#39;S,40,", e em tratamento de materiais;aplicação de películas, insulfilmes e adesivos em vidros de carros e residências; plotagem.;",LEO AUTOCENTER,37,"aperfeiçoamento de equipamento automotivo [instalação, manutenção, reparo][tuning];, e em reparo e manutenção de veículos;capoteiro [conserto de capota de automóvel];instalação e conserto de ar condicionado, inclusive de veículo;instalação e reparação de alarme para veículo;lavagem de veículos;limpeza de veículo;lubrificação de veículos;manutenção de veículos;manutenção e reparo de automóveis;polimento de veículo;alinhamento e balanceamento de veiculos;",S
LIDER ELETRO,35,comércio (s de qualquer meio) de aparelhos de aquecimento; comércio (s de qualquer meio) de aparelhos de cozimento; comércio (s de qualquer meio) de aparelhos de distribuição de água; comércio (s de qualquer meio) de aparelhos de iluminação; comércio (s de qualquer meio) de aparelhos de produção de vapor; comércio (s de qualquer meio) de aparelhos de ; comércio (s de qualquer meio) de aparelhos de secagem; comércio (s de qualquer meio) de aparelhos de ventilação; comércio (s de qualquer meio) de,LÍDER CÂMERA FRIA,35,comércio [s de qualquer meio] de s de ; comércio [s de qualquer meio] de câmera fria;,S
IMPÉRIO SABOR,40,beneficiamento de alimentos;congelamento de alimentos;conservação de alimentos e s;,IMPÉRIO FOODS,43,"churrascaria [restaurante];intermediação de serviços de fornecimento de comida e materiais, por meio de um ambiente virtual;intermediação de serviços de fornecimento de comida e , por meio de aplicativo;serviços de lanchonetes;serviços de restaurantes;",S
LIFE PARTICIPAÇÕES,41,"s por correspondência; de [ ou ]; de para ou s; e de s; e de s; e de s; e de s de []; e de s; e de s; e e de ; orientação []; serviços de ; serviços de instrução; prático []; , e em [instrução]; , e em [][]; , e ; de ; s es []; de s [se s/];",LIFE CONFERENCE AMAZON,41,"aluguel de equipamento de lazer;, e em atividades desportivas e ;, e em [lazer];, e em [][];coaching [];cronometragem de s desportivos; de ;s es [];decoração de festas, cerimônias e s;distribuição de brinquedos para caridade; física;locutor de s; de bailes; de [ ou ]; de desportivas; de esportivas eletrônicas; de cons de beleza; de cons de beleza para animais; de desfiles de moda para de ; de espetáculos [shows] [serviços de empresário]; de esportivo, a saber, torneio de capoeira; de s de assunç",S
JÚNIOR PASTÉIS,40,beneficiamento de alimentos;congelamento de alimentos;conservação de alimentos e bebidas;,CHICKEN JUNIOR,29,aves não vivas;,S
F E C VERSATIL ACESSÓRIOS,35,comércio [através de qualquer meio] de s do ;comércio [através de qualquer meio] de s;,VERSÁTIL BEACH,25,s de chapelaria;s de malha [];baby-doll;bandanas;bermuda para prática de esporte;biquíni;body [ íntima];boné;calção para banho;camisas;camisetas regata para a prática de esportes;canga;chinelos de banho;lingerie;maiô;malhas []; íntima; para ginástica;s de banho;s de praia;sandálias;sungas; *; para ciclistas;viseiras [chapelaria];,S
MF ESQUADRIAS,35,", e ao consumidor sobre produtos e respectivos preços, através de websites, em conexão com comércio realizado pela internet;, e em gestão de negócios e comercialização de produtos sob contrato de franquia;comércio (através de qualquer meio) de materiais de metálicos;comércio (através de qualquer meio) de materiais de não metálicos;comércio (através de qualquer meio) de metais comuns e suas ligas;comércio (através de qualquer meio) de produtos de metal comum;comércio (através de qualquer meio) de",MF CONSTRUÇÃO,37,", e em ;; e reparação de obra civil; e reparação em colocação de alvenaria;ferramentaria manual [reparação, montagem e ];serviços de alvenaria;serviços de construtor;",S
LIV GESTÃO DE CONDOMÍNIOS,36,de condomínio;,"ORGANIZE SUA VIDA FINANCEIRA, SEJA LIVRE, SEJA LIV.",36,"de assuntos financeiros; de seguro; de seguro-saúde; financeira; assessoria financeira; assessoria, consultoria e informação em de riscos financeiros; assessoria, consultoria e informação em crédito; assessoria, consultoria e informação em empréstimos; assessoria, consultoria e informação em fundo de investimentos; assessoria, consultoria e informação em investimentos; assessoria, consultoria e informação em seguros; assessoria, consultoria e informação especializada em matéria de previdência pr",S
REAL AGRONEGÓCIO COMERCIO DE INSUMOS E CEREAIS,39,"armazenagem;armazenagem de mercadorias;assessoria, consultoria e informação em s;corretagem de ; de mercadorias para terceiros [];intermediação de ;logística de para terceiros [armazenagem e ];; por ;",REAL LOCAÇÕES E SERVIÇOS,39,"atividades relacionadas a esgoto, exceto a gestão de redes, tratamento e disposição de resíduos não-perigosos, tratamento e disposição de resíduos perigosos. montagem e desmontagem de andaimes e outras estruturas temporárias, aluguel de equipamentos agrícolas sem operador, aluguel de máquinas e equipamentos para construção sem operador, exceto andaimes, aluguel de outras máquinas e equipamentos comerciais e industriais não especificados anteriormente, sem operador.;",S
LOGAN REMOVAL,37,"coleta de materiais, exceto e armazenamento, desde que incluídos nesta classe; consultoria técnica em coleta (seleção de materiais).;",LOGAN EXPRESS,39,entrega de mercadorias;frete [ de mercadorias];serviços de logística em matéria de ;;,S
LÓTUS LINGERIE,40,alfaiataria;ateliê de costura;confecção de do sob encomenda;confecção de s;,LOTUS D'SANT,35,comércio [através de qualquer meio] de s do ;comércio [através de qualquer meio] de s;,S
LÓTUS LINGERIE,40,alfaiataria;ateliê de costura;confecção de do sob encomenda;confecção de s;,LOTUS D'SANT,25,s de malha [];baby-doll;bermudas;bonés;calção para banho;calcinhas;calções de banho;calções de banho [sungas];camisetas;camisola;casacos [capotes];casacos [jaquetas];combinação [ íntima];cuecas;cuecas boxer;cuecas samba-canção;leggings [calças];lingerie;pijamas;rash guards [camisa de compressão para prática esportiva]; íntima;sungas;,S
THE CIVETTA COFFEE CO.,30,em grão; em pó; não torrado; solúvel;;,MONTE CIVETTA,43,"assessoria, consultoria e informação em culinária;assessoria, consultoria e informação relativa à produção de alimento;assessoria, consultoria e informações sobre restaurante;cyber [fornecimento de comida e bebida];fornecimento de cestas de da manhã [serviços de alimentação];padaria [fornecimento de comidas e bebidas para consumo imediato];serviços de cafeteria;serviços de cantinas;serviços de lanchonetes;serviços de sorveteria, preparação de taças e buffet de sorvetes e gelados para consumo no ",S
IDEAL IMÓVEIS,36,de ; de escritórios []; ; ; de ; serviços de s s; serviços de s s de de apartamentos; de escritório virtual [ de comercial]; de loja []; comércio de ; e de ; de ; leasing de ; ;,I.DEAL HOSPEDAGEM E GESTÃO DE IMÓVEIS,36,"de ;assessoria, consultoria e informação em ; ;comércio de ; e de ; ; de ; de ; ;serviços de s s;serviços de cobrança de ;serviços s;",S
IDEAL IMÓVEIS,36,administração de imóveis; de escritórios [imóveis]; avaliação imobiliária; corretagem imobiliária; locação de imóveis; serviços de agências imobiliárias; serviços de agências imobiliárias de locação de apartamentos; de escritório virtual [ de imóvel ]; de loja [imóvel]; comércio de imóveis; compra e de imóveis; incorporação de imóvel; leasing de imóveis; loteamento imobiliário;,I.DEAL HOSPEDAGEM E GESTÃO DE IMÓVEIS,35,"agenciamento de mercadoria [intermediação]; de estande de s;assessoria, consultoria e informação em promoção de s;edição de texto publicitário;marketing;marketing direcionado;organização de exposições para fins ou publicitários;publicação de textos publicitários;publicidade;publicidade on-line em rede de computadores;publicidade por mala direta;",S
IDEAL IMÓVEIS,36,administração de imóveis; de escritórios [imóveis]; avaliação imobiliária; corretagem imobiliária; locação de imóveis; serviços de s imobiliárias; serviços de s imobiliárias de locação de apartamentos; de escritório virtual [ de imóvel comercial]; de loja [imóvel]; comércio de imóveis; compra e venda de imóveis; incorporação de imóvel; leasing de imóveis; loteamento imobiliário;,I.DEAL HOSPEDAGEM E GESTÃO DE IMÓVEIS,43,"de acomodação em viagens; de acomodações temporárias;assessoria, consultoria e informação em viagens [alojamento e reservas];reservas de acomodações temporárias;reservas em hotéis;serviços de acomodação em hotel;serviços de acomodação, em casas, para turistas;serviços de s de acomodações [hotéis, pensões];serviços de recepção para acomodação temporária [entrega de chaves];serviços de recepção para acomodações temporárias [gerenciamento de chegadas e partidas];spa [serviço de hospedagem e forneci",S
IDEAL IMÓVEIS,36,administração de imóveis; aluguel de escritórios [imóveis]; avaliação imobiliária; corretagem imobiliária; locação de imóveis; serviços de agências imobiliárias; serviços de agências imobiliárias de locação de apartamentos; aluguel de escritório virtual [aluguel de imóvel comercial]; aluguel de loja [imóvel]; comércio de imóveis; compra e venda de imóveis; incorporação de imóvel; leasing de imóveis; loteamento imobiliário;,I.DEAL HOSPEDAGEM E GESTÃO DE IMÓVEIS,38,"comunicação por terminais de computador;correio [transmissão de mensagem];distribuição de vídeos on-line [streaming de vídeos];fornecimento de mecanismos de busca para a obtenção, manutenção e distribuição de dados a partir de um banco de dados localizado em uma rede mundial de computadores [provimento de acesso a um website];provimento de acesso a banco de dados;provimento de acesso à rede global de computadores;provimento de conexões de telecomunicações para uma rede mundial de computadores;pr",S
MEGA TOLDOS,40,"montagem de sob encomenda de terceiros (toldos), desde que incluídos nesta classe.;",MEGA MARMORES,19,"ardósia;balcão [varanda ou sacada];basalto;batentes para portas, não metálicos;bustos de pedra, concreto ou mármore;degraus não metálicos para escadas;estátuas de pedra, concreto ou mármore;estatuetas de pedra, concreto ou mármore;estruturas não metálicas para construção;granito;ladrilhos não metálicos para construção;lajes tumulares [lápides];lápides não metálicas para túmulos;mármore;marquises [estruturas] não metálicas para construção;molduras de lareira, não metálicas;monumentos funerários n",S
BOX DA LULU SALADERIA,43,serviços de bar; serviços de s; serviços de s;,BARRACA DA LULU CAFÉ E RESTAURANTE,43,serviços de s; serviços de s de autosserviço; fornecimento de alimentos preparados; s;,S
QUERO+ AÇAÍ,40,beneficiamento de alimentos;congelamento de alimentos;conservação de alimentos e bebidas;extração de suco de frutas;,QUERO SORVETES,30,gelo [água congelada];gelo natural ou artificial;picolés;sorvete de açaí;sorvetes;,S
LUCIANO TURISMO,39,"acompanhamento de viajantes; aluguel de veículos; organização de cruzeiros [viagens]; organização de para excursões; reserva de assentos para viagem; reservas para viagens; serviços de para visitas turísticas; de viajantes; fornecimento de orientação de rotas para viagens; agência de viagem, exceto reserva de hotel; agente de viagem; assessoria, consultoria e informação em viagem e turismo; guia de turismo;",LUCIANO SERVIÇOS DE ENTREGA,39,entrega de malote; entrega de mercadorias; entrega de mercadorias por catálogo; entrega de pacotes; frete [ de mercadorias].;,S
ELETROMIL E UM ENERGIA RENOVÁVEL,40,"aluguel de s para aquecimento de ambientes;aluguel de aquecedores;aluguel de geradores de ;assessoria, consultoria e informação em de ;geração de e capacidade ; de ;",ELETROMIL MATERIAIS ELÉTRICOS,9,"acumuladores elétricos;adaptadores elétricos;antenas; para , distribuição e conversão de ;s de transmissão [telecomunicação];s elétricos medidores;s elétricos para controle;aplicativos, baixáveis;cabine de distribuição de ;cabo para bateria [];cabos coaxiais;cabos de fibra óptica;cabos elétricos;caixa de fusíveis [];caixas de acumuladores [baterias];caixas de distribuição [];caixas de junção [];capacitores [condensadores elétricos];centrais [hubs] de automação residenciais;centrais [hubs] para c",S
L&Z VIDROS E ESQUADRIAS,19,"granulados de vidro para marcação de estradas;vidraças para ;vidraças, exceto vidros para janelas de automóveis;vidro de alabastro para ;vidro de ;vidro de segurança;vidro esmaltado para ;vidro isolante para ;vidro para janela de dupla camada para isolamento térmico e acústico;vidros para [vidraças];",LZ - ATACADÃO DA CONSTRUÇÃO,6,"ferragens para ;materiais de refratários, metálicos;materiais de metal para ;painéis de metal para ;telhas de metal;tubos de metal;vergalhão;vigas de metal para civil;",S
L&Z VIDROS E ESQUADRIAS,19,"granulados de vidro para marcação de estradas;vidraças para construção;vidraças, exceto vidros para janelas de automóveis;vidro de alabastro para construção;vidro de construção;vidro de segurança;vidro esmaltado para construção;vidro para construção;vidro para janela de dupla camada para isolamento térmico e acústico;vidros para construção [vidraças];",LZ - ATACADÃO DA CONSTRUÇÃO,17,"anéis de vedação;bocais/bicos para mangueiras de água;s;s para cabos de eletricidade;juntas de vedação;mangueiras de água;mangueiras flexíveis, não metálicas;materiais s;",S
L&Z VIDROS E ESQUADRIAS,19,"granulados de vidro para marcação de estradas;vidraças para construção;vidraças, exceto vidros para janelas de automóveis;vidro de alabastro para construção;vidro de construção;vidro de segurança;vidro esmaltado para construção;vidro isolante para construção;vidro para janela de dupla camada para isolamento térmico e acústico;vidros para construção [vidraças];",LZ - ATACADÃO DA CONSTRUÇÃO,7,"betoneiras [máquinas];furadeiras elétricas, manuais;pás mecânicas;",S
L&Z VIDROS E ESQUADRIAS,19,"granulados de vidro para marcação de estradas;vidraças para ;vidraças, exceto vidros para janelas de automóveis;vidro de alabastro para ;vidro de ;vidro de segurança;vidro esmaltado para ;vidro isolante para ;vidro para janela de dupla camada para isolamento térmico e acústico;vidros para [vidraças];",LZ - ATACADÃO DA CONSTRUÇÃO,19,argamassa;azulejos não metálicos para ;blocos não metálicos para pavimentação;cimento *; não metálicas;telhas não metálicas;vigas não metálicas;,S
L&Z VIDROS E ESQUADRIAS,19,"granulados de vidro para marcação de estradas;vidraças para ;vidraças, exceto vidros para janelas de automóveis;vidro de alabastro para ;vidro de ;vidro de segurança;vidro esmaltado para ;vidro isolante para ;vidro para janela de dupla camada para isolamento térmico e acústico;vidros para [vidraças];",LZ - ATACADÃO DA CONSTRUÇÃO,35,comércio [através de qualquer meio] de artigos de ferragem;comércio [através de qualquer meio] de ferramentas manuais;comércio [através de qualquer meio] de máquinas-ferramentas;comércio [através de qualquer meio] de materiais de metálicos;comércio [através de qualquer meio] de materiais de não metálicos;,S
ADEGA BIG SHARK,35,"comércio (através de qualquer meio) de s do ;propaganda;publicidade;serviços de intermediação comercial na venda de ingressos; assessoria, consultoria e informação em gestão de negócios e empresas; comercialização de produtos sob contrato de franquia; franchising [sistema pelo qual empresa detentora de uma marca registrada, processo patenteado de produção ou direitos similares concede a outras empresas licença de utilização dessas marcas ou processos, sob certas condições ? administração de negó",BIG SHARK,25,s de malha [];bandanas;bonés;calças compridas;camisas*;camisetas;casacos [jaquetas];cintos [];coletes*;leggings [calças];macacões;meias*;pijamas;saias;suéteres;vestidos; *;,S
BODEGA ROMA,33,"absinto [ alcoólica];aguardente de cana;aguardente destilada de vinho ou de de s;anis [licor];anisete [licor de anis];aperitivos *;s alcoólicas à de cana-de-açúcar;s alcoólicas contendo s;s alcóolicas prontas;s alcoólicas, exceto ;s amargas [licor];s destiladas;bitter;brandy [];coquetéis *;curaçau;destiladas [s alcoólicas] [espirituosas];digestivos [licores e destilados];gim;hidromel [mulso];licores;licores de menta;mosto de pêra [vinho de pêra];mulso [hidromel];quirche [kirsch];rum;saquê;sidra;",ROMA SUPLEMENTOS,35,"envasamento e empacotamento sob contrato. geral, com predominância; comércio atacadista especializado em outros produtos alimentícios não especificados anteriormente; comércio de produtos alimentícios não especificados anteriormente;",S
EMPÓRIO SOUZA,35,"assessoria, consultoria e informação em gestão de negócios e empresas; comercialização de s sob contrato de franquia; franchising [sistema pelo qual empresa detentora de uma marca registrada, processo patenteado de produção ou direitos similares concede a outras empresas licença de utilização dessas marcas ou processos, sob certas condições ? administração de negócios]; gestão de franquia; assessoria, consultoria e informação ao consumidor sobre s e respectivos preços, s de websites, em conexão ",MERCADINHO SOUZA,35,comércio [s de qualquer meio] de água mineral engarrafada;comércio [s de qualquer meio] de alfinetes e agulhas [artigos de armarinho];comércio [s de qualquer meio] de s para animais;comércio [s de qualquer meio] de s para bebês;comércio [s de qualquer meio] de aparelhos [lâminas] de barbear;comércio [s de qualquer meio] de aparelhos de aquecimento;comércio [s de qualquer meio] de aparelhos de cozimento;comércio [s de qualquer meio] de armas brancas;comércio [s de qualquer meio] de artigos de cam,S
ACADEMIA GO UP,28,almofadas de proteção [partes de vestimentas desportivas];aparelho para tração [ginástica];aparelhos de ginástica;aparelhos para exercícios físicos;aparelhos para musculação;baliza para esporte;barra para praticar exercício;bastão para ginástica;bicicletas fixas para exercício;cavalete para salto [artigo para a prática de esportes];cinto para exercício;cintos de halterofilia [artigos desportivos];colchonete para musculação;corda de pular;cotoveleiras [artigos esportivos];extensores para exercíci,GO UP,25,vestuário *;,S
ACADEMIA GO UP,28,almofadas de proteção [partes de vestimentas desportivas];aparelho para tração [ginástica];aparelhos de ginástica;aparelhos para exercícios físicos;aparelhos para musculação;baliza para esporte;barra para praticar exercício;bastão para ginástica;bicicletas fixas para exercício;cavalete para salto [ para a prática de esportes];cinto para exercício;cintos de halterofilia [s desportivos];colchonete para musculação;corda de pular;cotoveleiras [s esportivos];extensores para exercícios;extensores peit,GO UP,35,comércio [através de qualquer meio] de s do vestuário;,S
MANGO BALNEÁRIO CAMBORIÚ,43,serviços de bar;serviços de s [];serviços de cantinas;serviços de lanchonetes;serviços de s;serviços de s de autosserviço;,DOCE MANGO,43,"alimentação natural e macrobiótica [serviços de fornecimento de comida e bebida];aluguel de salas de reunião;assessoria, consultoria e informação em culinária;assessoria, consultoria e informação relativa à produção de alimento;assessoria, consultoria e informação técnica em serviço de alimentação;assessoria, consultoria e informações sobre ;churrascaria [];cyber [fornecimento de comida e bebida];decoração de alimentos;decoração de bolos;distribuição de cestas básicas a pessoas carentes;fornecim",S
MADEIREIRA JM MADEIRAS EM GERAL - BRUTA E APARELHADAS,19,compensados de madeira;folhas de madeira compensada;madeira manufaturada;madeira moldável;madeira para compensados;madeira para construção;madeira semitrabalhada;madeira serrada;pavimentos de madeira;pranchas de madeira para construção;revestimentos de madeira;tábuas;tábuas de assoalho em madeira;,JM MARMORES E GRANITOS,37,"aparelhamento de placas de mármore, granito e ardósia;",S
MR NÁUTICA SERVIÇOS ELÉTRICOS,37,"serviços de , e de equipamentos náuticos, desde que incluídos nesta classe.;",MR DIREÇÃO HIDRÁULICA,37,"assessoria, consultoria e informação em e de veículos; personalizada de peças de veículos externas, internas e mecânicas [adaptação];lubrificação de veículos; de veículos;serviço de de panes em veículos;serviços de centro de diagnóstico de veículo [serviços de / de automóveis];",S
TPM TIRO PARA MULHERES,41,"agente artístico; literário e cultural [promotor de ];aluguel de equipamentos desportivos, exceto veículos;arbitragem esportiva;assessoria, consultoria e informação em atividades s e culturais;assessoria, consultoria e informação em treinamento [demonstração][ensino];cronometragem de s desportivos;empresário [ e produção de espetáculos];locação de espaços para prática de esporte;locutor de s; de [ ou ]; de s;orientação [treinamento];promotor de s [se artísticos/culturais];provimento de instalaçõ",TPM TODAS PARA O MAR,41,"de [ ou ]; de s; e realização de s esportivos;pesquisa na áreas de ;serviços de , prestados a título de assistência social;",S
ABC DAS EMOÇÕES,41,escola de desenvolvimento humano; intelectual e pessoal; aulas de desenvolvimento pessoal e profissional; serviços de coach.;,ABC SONS QUE ALFABETIZAM,41,cursos livres [ensino];provimento de e exame pedagógico [avaliação] para fins de certificação;,S
GOOD JACK,25,acessórios para []; agasalhos para as mãos; s de malha []; bandanas; bermudas; blazers []; s; cachecóis; dos *; dos em geral *; calcinhas; calções de banho; s; s; camisteas para a prática de esportes; capuzes []; s []; ceroulas; s []; chinelos [pantufas]; chinelos de banho; cintas [roupa íntima]; s []; s porta-moedas []; colarinhos []; colarinhos postiços; coletes; coletes [roupa íntima]; combinação [roupa íntima]; combinações []; corpete; cuecas; cuecas boxer; culotes para bebês; enxovais de be,JACK,25,"dos; s de , a saber, s, s, s para a , s; , a saber, aventais, s, s, tops, s s, s de golfe, s de moletom, s, s, s.;",S
MT VIAGENS & TURISMO,39,locação de automóveis - [consultoria em]; locação de automóveis; organização de cruzeiros [viagens] - [consultoria em]; organização de cruzeiros [viagens]; organização de para excursões - [consultoria em]; organização de para excursões; reserva de assentos para viagem - [consultoria em]; reserva de assentos para viagem; reservas para - [consultoria em]; reservas para ; reservas para viagens - [consultoria em]; reservas para viagens; serviços de para visitas turísticas - [consultoria em]; serviço,MT CAÇAMBA,39,coleta de bens recicláveis [];,S
MT AÇO,35,comércio (s de qualquer meio) de s de ;,MT MINERAL TRADING,35,"assessoria, consultoria e informação em gestão de negócios e comercialização de s sob contrato de franquia;assessoria, consultoria e informações sobre franchising [gestão comercial];comércio [s de qualquer meio] de artigos de ferragem;comércio [s de qualquer meio] de cabos e fios de comuns não elétricos;comércio [s de qualquer meio] de construções metálicas transportáveis;comércio [s de qualquer meio] de ferramentas manuais;comércio [s de qualquer meio] de imitações de couro;comércio [s de qualq",S
PORTO BURGER,35,"assessoria, consultoria e informação em gestão de negócios e empresas; comercialização de s sob contrato de franquia; franchising [sistema pelo qual empresa detentora de uma marca registrada, processo patenteado de produção ou direitos similares concede a outras empresas licença de utilização dessas marcas ou processos, sob certas condições ? administração de negócios]; gestão de franquia; assessoria, consultoria e informação ao consumidor sobre s e respectivos preços, s de websites, em conexão ",PORTO CARNES,35,comércio [s de qualquer meio] de animais vivos;comércio [s de qualquer meio] de s alimentícios [carnes vermelhas];comércio [s de qualquer meio] de s alimentícios [peixes];comércio [s de qualquer meio] de s alimentícios [refeições congeladas];supermercado [comércio de s];,S
PORTO BURGER,35,"assessoria, consultoria e informação em gestão de negócios e empresas; comercialização de produtos sob contrato de franquia; franchising [sistema pelo qual empresa detentora de uma marca registrada, processo patenteado de produção ou direitos similares concede a outras empresas licença de utilização dessas marcas ou processos, sob certas condições ? administração de negócios]; gestão de franquia; assessoria, consultoria e informação ao consumidor sobre produtos e respectivos preços, através de w",PORTO CARNES,29,"almôndega;aperitivo à base de carne;atum, não vivo;aves não vivas;bacon;bucho comestível;camarões, não vivos;caranguejo;carne;carne de cabrito;carne de carneiro;carne de ovelha;carne de porco;carne de rã;carne de siri;carne de sol [carne salgada e seca ao sol];carne fresca;carne seca [carne salgada e seca];carnes salgadas;feijoada;feijões em conserva;fígado;hambúrguer de carne;hambúrguer de peixe;hambúrguer de soja;língua;lingüiça;lombo;salame;salsichas;salsichas de cachorro-quente;",S
CORE ODONTOMÉDICA,40,confecção de prótese dentária [protético];montagem de materiais sob encomenda de terceiros;protético [serviço técnico de odontologia];serviços de protéticos dentários;,CORE FISIOTERAPIA E PERFORMANCE,44,"aconselhamento em questões de saúde;aconselhamento médico para pessoas com deficiências;acupuntura;assessoria, consultoria e informação em massagem;assessoria, consultoria e informação no campo da saúde e da medicina;assessoria, consultoria e informação sobre cuidados médicos;assessoria, consultoria e informação sobre doenças mentais;consultoria em saúde ocupacional;estética facial e corporal;fisioterapia;quiroprática;quiroprática [sistema terapêutico que, partindo do pressuposto de que as doenç",S
SORVETES DA NANDA,30,creme de açaí congelado batido com xarope de guaraná;frozen yogurt [sorvete à base de iogurte];gelados comestíveis;iogurte congelado [sorvete à base de iogurte];iogurte gelado [sorvete à base de iogurte];picolés;sorvetes;,QUITANDA DA NANDA,35,"comércio [através de qualquer meio] de produtos alimentícios [cereais];comércio [através de qualquer meio] de produtos alimentícios [frutas, verduras e legumes];comércio [através de qualquer meio] de produtos alimentícios [grãos];",S
CMS GESSO SÃO JOSÉ,40,de materiais sob encomenda de terceiros (gesso) desde que incluídos nesta classe.;,CMS CONTAINERS E METALÚRGICA SORRISO,6,aço;aço fundido;aço galvanizado;andaimes de metal;assoalhos de metal;barris de metal;calhas de metal para telhados;canaletas de metal para telhados;canos de metal;canos de metal para calhas;cantoneiras de metal;cantoneiras de metal para móveis;chaminé metálica;chaminé metálica para coifas;chaminés de metal;chapa de alumínio;chapa metálica;chapas de aço;chapas e placas de metal;chapas grossas de ferro;coberturas de metal para chaminés;coberturas de metal para telhados;coifa metálica não elétrica ,S
MARI CALÇADOS,35,comércio (através de qualquer meio) de artigos do ; comércio (através de qualquer meio) de artigos ortopédicos; comércio (através de qualquer meio) de malas e bolsas de viagem; comércio (através de qualquer meio) de sapatos;,USE MARI,25,*;,S
PANIFICADORA E CONFEITARIA DA MARIA,30,baozi [pão recheado]; biscoitos; biscoitos amanteigados; biscoitos de água e sal; biscoitos de malte; bolachas; bolinhos ou biscoitos de amêndoas; bolo ou pão de gengibre; bolos; bombons; brioches; cheeseburgers [sanduíches]; confeitos *; doces [confeitos]; doces com hortelã-pimenta; doces*; empadas [tortas]; gelados comestíveis; massas alimentares; mousses de chocolate; pãezinhos; pão; pão de gengibre; pão sem fermento; pizzas; pudins; quiches; sanduíches; sobremesas sob a forma de mousse de ch,COMEDORIA DA MARIA,43,serviços de lanchonetes;,S
KING MASSAS DELÍCIAS GASTRONÔMICAS,43,serviços de bar;serviços de s [];serviços de ;serviços de s;serviços de s;serviços de s de auto-serviço;,BREAD KING,43,decoração de alimentos;decoração de bolos;fornecimento de cestas de da manhã [serviços de alimentação];serviços de bar;serviços de s [];serviços de ;serviços de s;serviços de s;serviços de s de autosserviço;,S
KING MASSAS DELÍCIAS GASTRONÔMICAS,43,serviços de bar;serviços de cafés [bares];serviços de cafeteria;serviços de lanchonetes;serviços de restaurantes;serviços de restaurantes de auto-serviço;,BREAD KING,42,controle de qualidade;design de aplicativo de multimídia;design de homepage;design gráfico de material promocional;pesquisa científica;pesquisas tecnológicas;projeto de engenharia de qualquer natureza;,S
KING MASSAS DELÍCIAS GASTRONÔMICAS,43,serviços de bar;serviços de cafés [bares];serviços de cafeteria;serviços de lanchonetes;serviços de restaurantes;serviços de restaurantes de auto-serviço;,BREAD KING,31,"amêndoas [frutas];castanhas frescas;cereais em grãos, não processados;ervas frescas;frutas frescas;frutas, verduras e legumes frescos;grãos [cereais];grãos [sementes];hortaliças frescas;verdura in natura;",S
KING MASSAS DELÍCIAS GASTRONÔMICAS,43,serviços de bar;serviços de cafés [bares];serviços de cafeteria;serviços de lanchonetes;serviços de restaurantes;serviços de restaurantes de auto-serviço;,BREAD KING,40,beneficiamento de alimentos;congelamento de alimentos;conservação de alimentos e bebidas;,S
KING MASSAS DELÍCIAS GASTRONÔMICAS,43,serviços de bar;serviços de cafés [bares];serviços de cafeteria;serviços de lanchonetes;serviços de restaurantes;serviços de restaurantes de auto-serviço;,BREAD KING,35,"assessoria, consultoria e informação ao consumidor sobre produtos e respectivos preços, através de websites, em conexão com comércio realizado pela internet; comércio [através de qualquer meio] de produtos alimentícios; comércio [através de qualquer meio] de bebidas alcoólicas; comércio [através de qualquer meio] de bebidas não alcoólicas; gestão e administração de negócios e empresas; gestão de franquias; publicidade; marketing; propaganda; comunicação; organização e realização de eventos para ",S
KING MASSAS DELÍCIAS GASTRONÔMICAS,43,serviços de bar;serviços de cafés [bares];serviços de cafeteria;serviços de lanchonetes;serviços de restaurantes;serviços de restaurantes de auto-serviço;,BREAD KING,29,"aves não vivas;banha de porco;carne;carne em conserva;carne enlatada;carne fresca;carne seca [carne salgada e seca];compotas;geleias para uso alimentar, exceto confeitos;iogurte;laticínios;leite;manteiga;margarina;ovos *;peixe em conserva;peixe em salmoura;peixe enlatado;pescado, não vivo;polpas de frutas;queijos;requeijão;",S
KING MASSAS DELÍCIAS GASTRONÔMICAS,43,serviços de bar;serviços de s [bares];serviços de cafeteria;serviços de lanchonetes;serviços de restaurantes;serviços de restaurantes de auto-serviço;,BREAD KING,30,"açaí na tigela [sorbet cremoso servido na tigela, à base de polpa congelada de açaí e xarope de guaraná];alcaçuz [confeito];alimentos à base de aveia;amêndoas torradas;amendoim doce;arroz-doce;baba-de-moça [doce à base principalmente de gema de ovo com leite de coco];bala comestível;balas;bebidas à base de cacau;bebidas à base de ;bebidas à base de chá;bebidas à base de chocolate;bebidas de cacau com leite;bebidas de com leite;bebidas de chocolate com leite;beijinho [doce à base de leite condens",S
MODA PINK,40,ateliê de costura;confecção de do sob encomenda;confecção de roupas;,PINK. EYEWEAR,35,comércio (através de qualquer meio) de armações;,S
SALUD CONGELADOS FIT ORGÃNICOS,35,"demonstração de s; provimento de mercado online para compradores e vendedores s e serviços; serviços de agências de importação-exportação; comércio [s de qualquer meio] de s s [s]; comércio [s de qualquer meio] de s s [s, s e s]; comércio [s de qualquer meio] de s s [s]; comércio [s de qualquer meio] de s s [s, e ]; comércio [s de qualquer meio] de s s [s]; comércio [s de qualquer meio] de s s []; assessoria, consultoria e informação ao consumidor sobre s e respectivos preços, s de websites, em ",SALUD IMPORTS,35,comércio [s de qualquer meio] de bebidas alcoólicas;comércio [s de qualquer meio] de bebidas não alcoólicas;comércio [s de qualquer meio] de óleos vegetais s;comércio [s de qualquer meio] de s s [ e ];comércio [s de qualquer meio] de s s [biscoitos];comércio [s de qualquer meio] de s s [bolos];comércio [s de qualquer meio] de s s [s vermelhas];comércio [s de qualquer meio] de s s [];comércio [s de qualquer meio] de s s [chocolates];comércio [s de qualquer meio] de s s [s];comércio [s de qualquer,S
DOCERIA FAVO DE MEL,35,"comercio, importação e exportação de bolos e doces.;",FAVO DE MEL PRIME,5,"preparados, complementos e suplementos alimentares à base de proteína;suplementos alimentares de proteína;suplementos alimentares para seres humanos;suplementos nutricionais;",S
MARMORARIA ZONA LESTE CAPIXABA,40,"lapidação de pedras, granitos e mármores; de pedras, granitos e mármores sob encomenda desde que incluídos nesta classe.;",CAPIXABA ACABAMENTOS,37,"assentamento de tijolos;assessoria, consultoria e informação em pintura de prédios;construção e reparação de obra civil;consultoria na área de construção civil;desentupimento e limpeza de cano e tubulação;instalação de portas e janelas;instalação de serviços básicos de infraestrutura em locais de construção;instalação e manutenção de instalações elétricas;instalação e manutenção de instalações hidráulicas;instalação e reparo de aparelhos elétricos;pintura, de interior e de exterior;reconstrução ",S
MAX METALMECÂNICA,7,"turbinas hidráulicas;grampeador para uso ;esteira de transporte;centrífuga , , componente ou acessório;platinado para motor [ de qualquer motor] ;pressurizador elétrico;turbina a vapor;captador de fuligem [];câmara de pressão utilizada em lavadoras e s de lavar;camisa para motor;vácuo (bombas a -) [s];varredoras de rua (s -) [autopropulsoras];vedação (junções para -) [s de motor];s hidráulicas de carga;compressor para refrigeração de uso doméstico;condensador de vapor [];copo para freio [balanci",MAX FERRAMENTAS AUTOMOTIVAS,7,"de impacto , ;s para elevadores [s de s];elevador para lavagem de automóvel e para troca de ;elevadores [s];elevadores s para empilhar s;s [s de s];s portáteis, as de ;s-s;-s [s de s];retificadoras [s-s];s s [s-s];trocadores s de s para robôs ;",S
PROVÍNCIA BUFFET,39,"de refeições [delivery]; armazenagem, embalagem e de mercadorias (s s) desde que incluídos nesta classe.;",PROVÍNCIA BISTRÔ,35,comércio [através de qualquer meio] de bebidas alcoólicas;comércio [através de qualquer meio] de bebidas não alcoólicas;comércio [através de qualquer meio] de s s [aves e ovos];comércio [através de qualquer meio] de s s [carnes vermelhas];comércio [através de qualquer meio] de s s [doces];comércio [através de qualquer meio] de s s [grãos];comércio [através de qualquer meio] de s s [massas];comércio [através de qualquer meio] de s s [peixes];comércio [através de qualquer meio] de s s [sorvetes];c,S
PROVÍNCIA BUFFET,40,beneficiamento de alimentos;congelamento de alimentos;conservação de alimentos e bebidas;,PROVINCÍA BISTRÔ,30,arroz;bolos;espaguete;macarrão;massas alimentares;molho de tomate;molhos para massas alimentares;petits fours [pequenos doces ou salgados farináceos e assados];profiteroles;pudins;ravióli;tortas;,S
MAX EVENTOS,41,"aluguel de equipamento de ;aluguel de equipamentos para gravação de som;aluguel de salão de festas;decoração de festas, cerimônias e s;organização e realização de s de ;promotor de s [se s/culturais]; de informações sobre [lazer];serviços de ;serviços de técnico de iluminação para s;",MAX MUSIC BUSINESS,38,"¿especificação: serviços de transmissão de , vídeo e dados multimídia via internet (streaming de e vídeo em alta definição); difusão de programas musicais, s e de por rádio, televisão e satélite; broadcasting de shows, festivais, concertos e s musicais em tempo real (live streaming); de canais de comunicação online, salas de chat, redes sociais e fóruns para interação com fãs, seguidores e membros vip; transmissão de podcasts, videocasts e webinars de temática musical; serviços de comunicação po",S
MAX EVENTOS,41,"aluguel de equipamento de áudio;aluguel de equipamentos para gravação de som;aluguel de salão de festas;decoração de festas, cerimônias e s;organização e realização de s de entretenimento;promotor de s [se artísticos/culturais];provimento de informações sobre entretenimento [lazer];serviços de entretenimento;serviços de de iluminação para s;",MAX MUSIC BUSINESS,25,"¿especificação: vestuário, calçados e chapelaria; camisetas, moletons, bonés, jaquetas bordadas, coletes, blusões e calças com a identidade visual da marca max music business; uniformes profissionais para equipes de produção, s de som (roadies), seguranças e staff de turnês e s; roupas de palco, figurinos, máscaras e trajes personalizados para apresentações artísticas e cantores; cintos, luvas, echarpes, lenços e gravatas; calçados para performance, botas, tênis casuais e chinelos personalizados",S
MAX EVENTOS,41,"de de ; de s para gravação de som; de salão de festas;decoração de festas, cerimônias e eventos; e realização de eventos de ;promotor de eventos [se s/culturais];provimento de informações sobre [lazer];serviços de ;serviços de técnico de iluminação para eventos;",MAX MUSIC BUSINESS,35,"¿especificação: agenciamento, representação e gestão de carreira de artistas, cantores, músicos, modelos e influenciadores (seleção da taís souza); gestão de marcas e licenciamento de produtos e serviços para terceiros; serviços de marketing, publicidade, propaganda e promoção de vendas de obras musicais e audiovisuais; de feiras, exposições e congressos para fins comerciais ou publicitários; administração comercial de contratos de exclusividade, direitos de imagem e de performance artística; co",S
MAX EVENTOS,41,"aluguel de equipamento de áudio;aluguel de equipamentos para gravação de som;aluguel de salão de festas;decoração de festas, cerimônias e s;organização e realização de s de entretenimento;promotor de s [se s/culturais];provimento de informações sobre entretenimento [lazer];serviços de entretenimento;serviços de técnico de iluminação para s;",MAX MUSIC BUSINESS,21,"¿especificação: utensílios e recipientes para uso doméstico, de cozinha ou escritório; copos de vidro, canecas de porcelana, garrafas térmicas (squeezes), taças de cristal, pratos, louças e talheres personalizados com a marca max music business; artigos de vidro, porcelana e cerâmica não incluídos em outras classes; estatuetas, troféus, bustos e objetos de arte colecionáveis para premiações musicais, festivais e s s; itens de higiene, pentes e estojos de maquiagem para uso exclusivo em camarins ",S
MAX EVENTOS,41,"aluguel de equipamento de ;aluguel de equipamentos para de som;aluguel de salão de festas;decoração de festas, cerimônias e s; e de s de ;promotor de s [se artísticos/];provimento de informações sobre [lazer];serviços de ;serviços de técnico de iluminação para s;",MAX MUSIC BUSINESS,41,"¿especificação: serviços de estúdio de de som, imagem e dublagem; , produção e de shows, concertos, festivais, turnês artísticas e s ; produção fonográfica ( de músicas), edição de , mixagem e masterização; editoração musical, serviços de composição de letras, arranjos musicais e trilhas sonoras; de premiações, concursos de música e festivais de cinema; produção de filmes, documentários, séries audiovisuais e programas de ; workshops, cursos, seminários e treinamentos em técnica vocal, instrumen",S
MAX EVENTOS,41,"aluguel de equipamento de áudio;aluguel de equipamentos para de som;aluguel de salão de festas;decoração de festas, cerimônias e s;organização e realização de s de ;promotor de s [se s/];provimento de informações sobre [lazer];serviços de ;serviços de técnico de iluminação para s;",MAX MUSIC BUSINESS,36,"¿especificação: locação, arrendamento e administração de bens imóveis, estúdios de , escritórios e espaços para s musicais; arrendamento de instalações para gravadoras, produtoras e agências de ; serviços de consultoria financeira e gestão de ativos de propriedade intelectual; cobrança de aluguéis, royalties e taxas pelo uso licenciado das marcas e catálogos fonográficos do grupo; patrocínio financeiro de shows, festivais, turnês e projetos ; processamento de pagamentos, transações eletrônicas e",S
MAX EVENTOS,41,"aluguel de equipamento de áudio;aluguel de equipamentos para gravação de som;aluguel de salão de festas;decoração de festas, cerimônias e s;organização e realização de s de ;promotor de s [se artísticos/culturais];provimento de sobre [lazer];serviços de ;serviços de técnico de iluminação para s;",MAX MUSIC BUSINESS,45,"¿especificação: licenciamento de propriedade intelectual, marcas, patentes e direitos autorais musicais; gestão de direitos de exploração comercial de obras artísticas, fonogramas e catálogos musicais; monitoramento de identidade digital e proteção jurídica contra copiões, pirataria e uso indevido da marca; consultoria jurídica para estruturação de contratos de licenciamento, shows, parcerias e patrocínios; serviços de verificação de autenticidade de obras e ativos via blockchain; mediação e arb",S
MEGA ARMAÇÕES,6,"abraçadeira de fixação [ferragem]; abraçadeiras de metal; abraçadeiras de metal para cabos ou tubos; aço; aço estirado; aço fundido; aço galvanizado; aço laminado; aço não plano; aço para cimentação; aço, bruto ou semitrabalhado; aldrava de metal para s; algeroz ; alpaca [liga ]; alumínio; amortecedor para [ferragem]; andaimes de metal; anéis de metal *; anel de escora em metal; anel [ferragem]; arame farpado; articulação para [ferragem]; assoalhos de metal; azulejo de aço inoxidável; balaústres",MEGA MARMORES,19,"ardósia;balcão [varanda ou sacada];basalto;s para s, não s;bustos de pedra, ou mármore;s não s para s;estátuas de pedra, ou mármore;estatuetas de pedra, ou mármore;s não s para ;granito;s não s para ;s tumulares [lápides];lápides não s para túmulos;mármore;s [s] não s para ;s de lareira, não s;monumentos funerários não s;mosaicos para ;objetos de arte de pedra, ou mármore; não s para ; não substituível;pedra;pedra artificial;pedras de alvenaria;pedras de ;pilares, não s, para ;s não s;is não s;p",S
MEGA EQUIPAMENTOS GRÁFICOS,7,s tinteiros para máquinas de impressão; caixas para matrizes [impressão]; cilindros para impressão; clichês para impressão; impressoras 3d; máquina para estampar; máquinas para acabamento; máquinas para estampagem; máquinas para impressão; máquinas para impressão tipográfica; matrizes para impressão tipográfica; rolos de impressão para máquinas; impressor [máquina];,MEGA MOBILE STORE,35,"representação comercial de elétrico, eletrônico e térmico;",S
MEGA TELHAS ECO,40,"fabricação sob encomenda para terceiros de telhas e placas feitos com reciclado, desde que incluídos nesta classe.;",MEGA MARMORES,19,"ardósia;balcão [varanda ou sacada];basalto;batentes para portas, não metálicos;bustos de pedra, concreto ou mármore;degraus não metálicos para escadas;estátuas de pedra, concreto ou mármore;estatuetas de pedra, concreto ou mármore;estruturas não metálicas para construção;granito;ladrilhos não metálicos para construção;lajes tumulares [lápides];lápides não metálicas para túmulos;mármore;marquises [estruturas] não metálicas para construção;molduras de lareira, não metálicas;monumentos funerários n",S
METALÚRGICA SOLUÇÃO,6,aço (construções de -); bancos de para tornos; escora de porta de []; espiga (); metálica para cortina; forja; grampo de []; abraçadeira de fixação []; aço rápido para torno de grande velocidade; aço do; amortecedor para porta []; anel []; articulação metálica para janela []; borboleta []; porta-s de [vazias]; de ouro; dura de prata; tenazes [ de ]; ganchos [ metálica] para ardósia; ganchos [ de ]; janelas ( de para -); lingotes [urgia]; cavilhas []; cavilhas []; construções de ; construções tra,SOLUÇÃO A CASA DA BORRACHA,35,"comércio [através de qualquer meio] de artigos de ;comércio [através de qualquer meio] de s manuais;comércio [através de qualquer meio] de lubrificantes;comércio [através de qualquer meio] de máquinas-s;comércio [através de qualquer meio] de matérias para calafetar, vedar e isolar;comércio [através de qualquer meio] de motores [exceto os motores para veículos terrestres];comércio [através de qualquer meio] de preparações para temperar e r ;comércio [através de qualquer meio] de produtos de ;comé",S
METALÚRGICA SOLUÇÃO,6,aço (construções de -); bancos de metal para tornos; escora de porta de metal [ferragem]; espiga (ferragem); ferragem metálica para cortina; forja; grampo de metal [ferragem]; abraçadeira de fixação [ferragem]; aço rápido para torno de grande velocidade; aço soldado; amortecedor para porta [ferragem]; anel metálico [ferragem]; articulação metálica para janela [ferragem]; borboleta [ferragem]; porta-ferramentas de metal [vazias]; solda de ouro; soldadura de prata; tenazes [ferragem de metal]; gan,FILTROS SOLUÇÃO,37,"manutenção e reparo em máquinas e equipamentos de tratamento e de água e esgoto de gerador de hipoclorito de sódio e afins, execução e administração de obra, manutenção e reparação de máquina, aparelhos e elétricos, manutenção e reparação de geradores, transformadores e motores elétricos, instalação de máquinas e equipamentos industriais. instalação e montagem de máquinas, equipamentos e peças, inclusive montagem industrial.;",S
M2 METROQUADRADO CONSTRUTORA,35,serviços de gestão de negócios para projetos de construção;,M2,2,acabamento vitrificador para pisos de madeira;agente alisador para tinta;aglutinantes para tintas;aguarrás [diluente para tintas];aloetina [resina natural];azul da prússia [tinta];azul ultramar [tinta];brilho para uso em tinta;cal branca;corante para pintura;esmaltes [vernizes];espessantes para tintas;estuque [revestimento texturizado];fixadores [vernizes];fixadores à base de copaíba para lacas;fixadores à base de copaíba para vernizes;gomas-gutas para pintura;gomas-lacas;gomas-resinas;lacas;lac,S
DEGUSTA COUNTRY,41,agente artístico; literário e cultural [promotor de ]; aluguel de salão de festas para s; promotor de s [se artísticos/culturais];,DEGUSTA IN,41,apresentação de espetáculos de variedades;organização e realização de s de entretenimento;produção de shows;serviços de entretenimento;organização de atividades de lazer e entretenimento;,S
EURO MOTORS GROUP.,39,"; de s;, e em ;, e em embalagem;, e em serviços de ;, e em s;, e s;corretagem de ; de s para s [];embalagem de s;embalagem de s; de s para de ; de s; de s; de refeições [delivery]; de para s [ e ];serviços de em de ;; por ;",EURO TRANSPORTE,39,", e em ;, e em serviços de ;, e em serviços de tráfego;, e em s;, e s;carregamento de bagagens;descarregamento [carga]; de s para de ; de correspondência; de flores; de jornais; de malote; de mensagens; de s; de s por catálogo; de s;frete [ de s];guarda-volume [sala ou lugar qualquer para, com segurança e por determinado tempo, se depositarem volumes];intermediação de carga;intermediação de serviços de , por meio de aplicativo;localização e rastreamento de carga para de ;localização e rastreamen",S
MS EDUCA CARIOCA SOLUÇÕES EDUCACIONAIS,35,"e administração de s no ramo de ensino; comércio (através de qualquer meio) de material didático, desde que incluídos nesta classe.;",MS GESTÃO,35,"assessoria, consultoria e informação relacionadas ao planejamento, análise, e organização de s para empresas;auxílio em de s;consultoria em de s;",S
MIX AVENIDA,35,"assessoria, consultoria e informação ao consumidor sobre produtos e respectivos preços, s de websites, em conexão com comércio realizado pela internet;assessoria, consultoria e informação em gestão de negócios e comercialização de produtos sob contrato de franquia;comércio (s de qualquer meio) de aparelhos e instrumentos para conduzir, interromper, transformar, acumular, regular ou controlar eletricidade;comércio (s de qualquer meio) de jogos e brinquedos;comércio (s de qualquer meio) de de s;co","MIX FERRAMENTAS E EPI. FERRAGENS, PARAFUSOS E UTILIDADES",35,comércio [s de qualquer meio] de artigos de ferragem;comércio [s de qualquer meio] de cabos e fios de metal comuns não s;comércio [s de qualquer meio] de metálicas transportáveis;comércio [s de qualquer meio] de cordas e fios;comércio [s de qualquer meio] de ferramentas manuais;comércio [s de qualquer meio] de lubrificantes;comércio [s de qualquer meio] de máquinas-ferramentas;comércio [s de qualquer meio] de de s;comércio [s de qualquer meio] de de não s;comércio [s de qualquer meio] de matéria,S
MINAS ESPETINHOS & FRIOS,35,"assessoria, consultoria e informação em gestão de negócios e empresas; comercialização de produtos sob contrato de franquia; franchising [sistema pelo qual empresa detentora de uma marca registrada, processo patenteado de produção ou direitos similares concede a outras empresas licença de utilização dessas marcas ou processos, sob certas condições - administração de negócios]; gestão de franquia; assessoria, consultoria e informação ao consumidor sobre produtos e respectivos preços, através de w",MINA'S PIZZA,43,serviços de restaurantes para retirada; serviços de bar; serviços de restaurantes de autosserviço;,S
MINAS PARTS,12,"terminais e barras de direção das linhas de tratores agrícolas, veículos utilitários e caminhões (se partes de veículos);tratores;",MINA'S PIZZA,39,entrega de mercadorias por catálogo; frete; armazenagem; entrega de pacotes;,S
GM BATATAS,40,beneficiamento de alimentos;beneficiamento de cereal;congelamento de alimentos;conservação de alimentos e bebidas;defumação de alimentos;esterilização de alimento;pasteurização de alimentos e bebidas;,GM LANCHES,30,cheeseburgers [sanduíches];coxinha de galinha [salgadinho];crepe;cristais de geleia flavorizados para fazer confeitos de geleia;empada;empadão;empadas;empadinhas;pastel de forno;pastel frito;pastelaria;tortas;tortas [doces e salgadas];tortas de carne;,S
QUINTAL KOMBUCHA DA MIRI,40,"extração de suco de frutas; beneficiamento, congelamento e conservação de alimentos e bebidas ( frutas e polpas de frutas) desde que incluídos nesta classe.;",QUINTAL GELATOS,30,casquinha para sorvete;frozen yogurt [sorvete à base de iogurte];frozen yogurt [sorvete à base de iogurte] de açaí;iogurte congelado [sorvete à base de iogurte];iogurte gelado [sorvete à base de iogurte];picolés;sorvete de açaí;sorvetes;,S
QUINTAL KOMBUCHA DA MIRI,40,"extração de suco de frutas; beneficiamento, congelamento e conservação de alimentos e bebidas ( frutas e polpas de frutas) desde que incluídos nesta classe.;",QUINTAL GELATOS,35,comércio [através de qualquer meio] de produtos alimentícios [sorvetes];,S
MIX REPAROS AUX CONSTRUÇÕES E REFORMAS,35,"assessoria, consultoria e informação ao consumidor sobre produtos e respectivos preços, s de websites, em conexão com comércio realizado pela internet;comércio [s de qualquer meio] de de s;comércio [s de qualquer meio] de de não s;demonstração de produtos;gestão de franquia;provimento de mercado on-line para compradores e vendedores de produtos e serviços [marketplace];representação comercial;serviços de agências de importação-exportação;","MIX FERRAMENTAS E EPI. FERRAGENS, PARAFUSOS E UTILIDADES",35,comércio [s de qualquer meio] de artigos de ferragem;comércio [s de qualquer meio] de cabos e fios de metal comuns não elétricos;comércio [s de qualquer meio] de metálicas transportáveis;comércio [s de qualquer meio] de cordas e fios;comércio [s de qualquer meio] de ferramentas manuais;comércio [s de qualquer meio] de lubrificantes;comércio [s de qualquer meio] de máquinas-ferramentas;comércio [s de qualquer meio] de de s;comércio [s de qualquer meio] de de não s;comércio [s de qualquer meio] de,S
EP ELETRÔNICA PARANÁ,35,"demonstração de s; provimento de mercado online para compradores e vendedores de s e serviços [marketplace]; serviços de agências de importação-exportação; comércio (s de qualquer meio) de de de s e es; comércio (s de qualquer meio) de máquinas; comércio (s de qualquer meio) de máquinas distribuidoras automáticas; comércio (s de qualquer meio) de material de escritório; assessoria, consultoria e informação ao consumidor sobre s e respectivos preços, s de websites, em conexão com comércio realiza",EP ESTAMPARIA PAULISTA PEÇAS E ACESSÓRIOS AUTOMOTIVOS,35,"comércio [s de qualquer meio] de alfinetes e agulhas [artigos de armarinho];comércio [s de qualquer meio] de s e s de sinalização;comércio [s de qualquer meio] de s e s para , , , , ou ;comércio [s de qualquer meio] de artigos de cama, mesa e banho;comércio [s de qualquer meio] de artigos de cutelaria;comércio [s de qualquer meio] de artigos de ferragem;comércio [s de qualquer meio] de artigos de iluminação;comércio [s de qualquer meio] de botões [artigos de armarinho];comércio [s de qualquer me",S
MÓVEIS GAMA,20,aparadores [bufê]; apoio de cabeça []; armários; armários [guarda-louças]; armários para medicamentos; arquivos []; assentos [cadeiras]; balcões; bancos []; berços; cadeiras [assentos]; cadeiras altas para bebês; camas *; camas para animais domésticos; carrinhos [mobiliário]; carrinhos de chá; carrinhos de servir à mesa []; carteiras []; casinhas para animais domésticos; cômodas com gavetas; divãs; divisórias []; escrivaninhas; estante modular; guarda-fogo para chaminés [mobília]; jardineiras [],GAMA MÓVEIS,35,comércio [através de qualquer meio] de aparelhos e instrumentos fotográficos;comércio [através de qualquer meio] de artigos do vestuário;comércio [através de qualquer meio] de ;comércio [através de qualquer meio] de tapeçarias murais;,S
MR CAR,12,acendedores de cigarro para automóveis;airbag [dispositivos de segurança para automóveis];alarmes de marcha à ré para s;alavanca de câmbio [peça de terrestre];amortecedor de vidraça de ;amortecedores para automóveis;amortecedores para suspensão de s;apoios de cabeça para assentos de s;aros para rodas de s;assentos para s;automóveis;banco para ;barras de torção para s;breque [freio] [ de ];buzinas para s;cabos de embreagem para automóveis;caçamba para ;caixas de câmbio para s terrestres;calotas d,MR DIREÇÃO HIDRÁULICA,35,comércio [através de qualquer meio] de ferramentas manuais; comércio [através de qualquer meio] de s e s de s.;,S
MR CAR,12,acendedores de cigarro para ;airbag [dispositivos de segurança para ];alarmes de marcha à ré para s;alavanca de câmbio [ de terrestre];amortecedor de vidraça de ;amortecedores para ;amortecedores para suspensão de s;apoios de cabeça para assentos de s;aros para rodas de s;assentos para s;;banco para ;barras de torção para s;breque [freio] [parte de ];buzinas para s;cabos de embreagem para ;caçamba para ;caixas de câmbio para s terrestres;calotas das rodas;câmara tipo mousse para pneus;câmbio [co,MR DIREÇÃO HIDRÁULICA,37,"assessoria, consultoria e informação em reparo e manutenção de s; instalação personalizada de s de s externas, internas e mecânicas [adaptação];lubrificação de s;manutenção de s;serviço de reparo de panes em s;serviços de centro de diagnóstico de [serviços de manutenção/reparo de ];",S
MM MUTTI MODAS,39,"armazenagem, embalagem e entrega de mercadorias (roupas e acessórios do vestuário), a saber: bolsas, sapatos e s, desde que incluídos nesta classe.;",MUTTI,41,curso; curso de s;,S
MM MUTTI MODAS,39,"armazenagem, embalagem e entrega de mercadorias (roupas e acessórios do vestuário), a saber: bolsas, sapatos e s, desde que incluídos nesta classe.;",MUTTI BIJOUTERIAS,14,alfinetes de adereço;alfinetes de chapéu [joias e s];alfinetes de gravatas;alfinetes de metal precioso;anéis [joias e s];argola de uso pessoal [];argolas de metal precioso para chaveiros;artigos de joalheria / ;berloques para chaveiros;berloques para joias e s;biojoias;bracelete de qualquer material [joia ou ];brincos;button [ing.];cabochão;caixas de relógios [de parede ou de sala];caixas de relógios de pulso [partes de relógios];camafeu [broche];chaveiros de ;chaveiros para uso pessoal [exceto ,S
MM MUTTI MODAS,39,"armazenagem, embalagem e entrega de mercadorias (roupas e acessórios do vestuário), a saber: bolsas, sapatos e bijuterias, desde que incluídos nesta classe.;",MUTTI,35,comércio de bijouterias; comércio depeças para montagem de bijouterias; comercio de brinquedos; comercio de perfumaria; comercio de cosméticos; comercio de óculos; comerciod e relógios; comercio de cutelaria; comercio de guarda-chuvas; comercio de sombrinhas; comercio de canetas; comerciod e máquinas de calcular; comercio de artefatos de couro; comercio de artefatos de gesso; comercio de jóias.;,S
FERREIRA FERRAGENS SINCE 1992,8,afiador manual para instrumento de corte [acionado por força muscular];alavancas;alicates [pinças]*;alicates*;amoladores de facas;ancinhos [ferramentas manuais];anéis de foices;apanhador de fruta [colhedor manual];aparador de cerca viva elétrico;aparador de grama manual [propulsão muscular];aparelho manual [de propulsão muscular] sugador de solda não elétrico;aperta-cabo e aperta-fio [ferramenta];arco de serra;arcos de pua [ferramentas manuais];arranca-pregos [ferramentas manuais];arrancador de ,FERREIRA CONSTRUTORA,37,"assessoria, consultoria e informação em pintura de prédios;construção e reparação em colocação de alvenaria;instalação e manutenção de instalações a gás;instalação e manutenção de instalações hidráulicas;pintura, de interior e de exterior;serviços de alvenaria;serviços de encanamento;",S
MZ CONCEPT STORE,40,alfaiataria;ateliê de costura;confecção de do sob encomenda;confecção de s;montagem de materiais sob encomenda de terceiros;serviços de bordar;trabalho em couro;,MZ ENXOVAIS,35,"administração comercial;comércio [através de qualquer meio] de s do ;comércio [através de qualquer meio] de s; venda de enxovais, venda de produtos de cama mesa e banho;",S
LOJAS FRANÇA,35,"assessoria, consultoria e informação ao consumidor sobre produtos e respectivos preços, através de websites, em conexão com comércio realizado pela internet;assessoria, consultoria e informação em gestão de negócios e comercialização de produtos sob contrato de franquia;comércio (através de qualquer meio) de artigos de papelaria;comércio (através de qualquer meio) de artigos do ;comércio (através de qualquer meio) de jogos e brinquedos;comércio (através de qualquer meio) de utensílios e recipien",FRANÇA MODA FITNESS,25,baby-doll;bermuda para prática de esporte;biquíni;body [roupa íntima];calção para banho;calças compridas;calças de montaria;calcinhas*;calções de banho;calções de banho [sungas];camisas de manga curta;camisas*;camisetas;camisetas regata para a prática de esportes;camisola;canga;casacos [capotes];casacos [jaquetas];coletes [roupa íntima];combinação [roupa íntima];corpetes de lingerie;cuecas;cuecas boxer;cuecas samba-canção;fantasias de carnaval [];leggings [calças];lenços de cabeça;lenços de pesc,S
NAH DO QUEIJO,35,"assessoria, ultoria e informação em gestão de negócios; gestão de franquia; assessoria, ultoria e informação ao umidor sobre produtos e respectivos preços, através de websites, em conexão com comércio realizado pela internet; provimento de mercado online para compradores e vendedores de produtos e serviços [marketplace]; demonstração de produtos; comercio, importação, exportação e representação comercial de queijos, produtos alimentícios e bebidas desde que incluídos nesta classe.;",NAH CONFEITARIA,43,decoração de bolos;serviços de cafeteria;serviços de lanchonetes;serviços de restaurantes com entrega em domicílio;,S
NAMAR BRASIL,40,"alfaiataria;ateliê de costura;confecção de do sob encomenda;confecção de roupas;sapateiro, confecção sob medida;trabalho em couro;tratamento de tecidos;",NAMAR STREETWEAR,25,agasalhos para as mãos;s de chapelaria;s de malha [];bermudas;boné;bonés;botas *;botas de cano curto;botas de cano médio;calçado esportivo;calçados*;calças compridas;camisas;camisas de manga curta;camisetas;capuzes [];casacos [jaquetas];chapéus [chapelaria];chinelo [ comum];cintos [];jardineiras [];jérseis [];leggings [calças];luvas [];macacões;malhas [];saias;saias-calças;sandálias;sapatos*;sobretudos [];vestidos; *; bordado; confeccionado;,S
MED AGORA,35,"administração de programas de fidelidade de es; análise de custo; em gestão de s; auditoria em s; de s; de rádio; de televisão; comércio, no varejo, de preparações sanitárias, farmacêuticas e veterinárias e de suprimentos médicos; em gestão de s; em gestão e de s; demonstração de s; especialistas em eficiência de s; estudos de ; gestão administrativa terceirizada para empresas; gestão computadorizada de arquivos; de s; ; em s; s de opinião; promoção de vendas [para terceiros]; ; provimento de me",BRADESCO ÁGORA,35,"elaboração de extratos de contas; de s; ; previsões econômicas; de exposições para ou s; compilações de estatísticas; s de de s, em s; atendimento ao cliente [s.a.c.); serviço de orientação ao ]; ; , e em s relacionados à estratégia; ; serviços de intermediação (financeira); apresentação de s em de comunicação para de comércio varejista.;",S
NATU! O LADO BOM DA COMIDA SAUDÁVEL,39,entrega de refeições fornecidas por terceiros [delivery];,NATÚ AÇAÍ,29,frutas congeladas;polpa de açaí;polpa de açaí congelada;polpas de frutas;,S
NAY PLUS SIZE,40,alfaiataria;ateliê de costura; de do sob ; de s;montagem de materiais sob de terceiros;serviços de bordar;tingimento de tecidos;tratamento de têxteis;serviços de bordadeira;,NAY SPORT,40,de do sob ; de s;,S
KT IDEIA SEMI JÓIAS,35,"assessoria, consultoria e informação ao consumidor sobre produtos e respectivos preços, através de websites, em conexão com comércio realizado pela internet;comércio [através de qualquer meio] de artigos de chapelaria;comércio [através de qualquer meio] de artigos do ;comércio [através de qualquer meio] de bijuteria;comércio [através de qualquer meio] de bolsas femininas;comércio [através de qualquer meio] de calçados;comércio [através de qualquer meio] de cosméticos;comércio [através de qualque",KT,25,calçados*;chinelo [ comum];chinelos de banho;pantufas;,S
CONSTRUTORA TRIANGULO,37,construção *; construção e reparação de obra civil; construção e reparação em colocação de alvenaria; reparação de equipamento de gás [serviço de manutenção e reparo]; serviços de alvenaria; instalação de portas e janelas; serviços de bombeiro hidráulico.;,TRIÂNGULO MG SILOS,37,montagem de estruturas métalicas;,S
S.O.S. TELHADOS,37,aluguel de equipamento de ; assentamento de tijolos; *; consultoria na área de civil; demolição de edificações; e reparo de s elétricos; serviços de alvenaria; serviços de cobertura de telhado; supervisão de trabalhos de civil; serviços de bombeiro hidráulico; aplicação de estaca tipo mega para eliminação de rachadura e trinca em prédio urbano e rural; aplicação de e impermeabilizante; colocação de piso e pedra; e reparação de obra civil; e reparação em colocação de alvenaria; impermeabilização ,SOS SOLUÇÕES HIDRÁULICAS,35,administração comercial do licenciamento de produtos e serviços de terceiros;administração de empresa;agenciamento de mercadoria [intermediação];comércio [através de qualquer meio] de s de aquecimento;comércio [através de qualquer meio] de s de iluminação;comércio [através de qualquer meio] de s de sanitárias;comércio [através de qualquer meio] de artigos de ferragem;comércio [através de qualquer meio] de artigos de iluminação;comércio [através de qualquer meio] de máquinas-ferramentas;comércio ,S
NM SKIN,44,", e em estética pessoal [ de pele e cabelo]; estética [ da pele e cabelo]; serviços de estética; estética facial e corporal; serviços de s s; , e ; cirurgia plástica; serviços de dermatologia, desde que incluídos nesta classe;",NM NATÁLIA MONTEIRO ENDOCRINOLOGISTA,44,", e em assistência , prestada por s e outros especialistas da área ;, e ;, e na área ;, e no campo da saúde e da medicina;, e sobre cuidados s;assistência ;consultas s [serviços s];exames s;exames s de rastreamento;monitoramento remoto de dados s para diagnóstico e ;serviços de análises s fornecidos por laboratórios s para fins de diagnóstico e ;serviços de avaliação de saúde;serviços de s s;serviços de clínica ;serviços de medicina à distância;serviços de saúde;serviços de telemedicina;serviços",S
NM SKIN,44,"assessoria, consultoria e informação em estética pessoal [tratamento de pele e cabelo]; estética [tratamento da pele e cabelo]; serviços de estética; estética facial e corporal; serviços de centros médicos; assessoria, consultoria e informação médica; cirurgia plástica; serviços de dermatologia, desde que incluídos nesta classe;",NM NA MAQUININHA,44,serviços de barbearia;,S
PARCERIA FOOD SERVICE,35,"comércio (através de qualquer meio) de s alcoólicas;comércio [através de qualquer meio] de s não alcoólicas;supermercado [comércio de s];supermercado [comércio de artigos de higiene pessoal, cosmética e perfumaria];supermercado [comércio de lâmpadas e pilhas];supermercado [comércio de óleos, graxas e para polir];supermercado [comércio de para higiene doméstica, inclusive desinfetantes, desodorizantes de ambiente, para perfumar ambiente e repelentes para ambientes];supermercado [comércio de para ",PARCERIA,30,açafrão [temperos];açúcar *;adoçantes naturais;alecrim [tempero];algas [condimentos];alho moído [condimento];s à base de aveia;amêndoas torradas;amendoim doce;amido de mandioca para umo humano;amido de milho branco;amido para uso alimentar;angu;angu de farinha de arroz;angu de farinha de mandioca;angu de farinha de milho;arroz;arroz instantâneo;aveia descascada;aveia integral em pó;aveia moída;balas;barras de cereais;s à base de cacau;s à base de café;s à base de chocolate;s de cacau com leite;s,S
OX BURGER,39,entrega de [delivery];,OX SMOKER,35,comércio [através de qualquer meio] de bebidas alcoólicas;comércio [através de qualquer meio] de bebidas não alcoólicas;comércio [através de qualquer meio] de produtos alimentícios [aves e ovos];comércio [através de qualquer meio] de produtos alimentícios [bolos];comércio [através de qualquer meio] de produtos alimentícios [carnes vermelhas];comércio [através de qualquer meio] de produtos alimentícios [cereais];comércio [através de qualquer meio] de produtos alimentícios [chocolates];comércio [a,S
OX BURGER,39,de [];,OX SMOKER,39,de [];,S
QUINTAL ALIMENTOS,35,"assessoria, consultoria e informação em gestão de negócios; gestão de franquia; assessoria, consultoria e informação ao consumidor sobre produtos e respectivos preços, através de websites, em conexão com comércio realizado pela internet; provimento de mercado online para compradores e vendedores de produtos e serviços [marketplace]; demonstração de produtos; comércio, importação, exportação e representação comercial de bebidas e produtos alimentícios desde que incluídos nesta classe.;",QUINTAL GELATOS,30,casquinha para sorvete;frozen yogurt [sorvete à base de iogurte];frozen yogurt [sorvete à base de iogurte] de açaí;iogurte congelado [sorvete à base de iogurte];iogurte gelado [sorvete à base de iogurte];picolés;sorvete de açaí;sorvetes;,S
QUINTAL ALIMENTOS,35,"assessoria, consultoria e informação em gestão de negócios; gestão de franquia; assessoria, consultoria e informação ao consumidor sobre s e respectivos preços, s de websites, em conexão com comércio realizado pela internet; provimento de mercado online para compradores e vendedores de s e serviços [marketplace]; demonstração de s; comércio, importação, exportação e representação comercial de bebidas e s s desde que incluídos nesta classe.;",QUINTAL GELATOS,35,comércio [s de qualquer meio] de s s [sorvetes];,S
PH MOTORSCWB,12,;,PH MOTOS MECÂNICA PEÇAS E ACESSÓRIOS,37,"instalação personalizada de peças de veículos externas, internas e mecânicas [adaptação];lavagem de veículos;limpeza de veículo;lubrificação de veículos;manutenção de veículos;manutenção e reparo de ;polimento de veículo;recarga de veículos elétricos;serviço de reparo de panes em veículos;serviços de centro de diagnóstico de veículo [serviços de manutenção/reparo de ];manutenção e reparação de motocicletas e motonetas;",S
"SER SAÚDE, ESTÉTICA E REABILITAÇÃO",44,"em de ; serviços de odontologia; serviços de ; estética facial e corporal; odontologia [cirurgião-dentista]; spa [serviços médicos ou estéticos]; serviços ortodônticos; assessoria, consultoria e informação odontológica;",SER FISIOTERAPIA INTEGRATIVA,44,em de ;fisioterapia;perícia técnica na área de fisioterapia;provimento de instalações para reabilitação física;serviços de ;,S
PISTA DRINKS DISTRIBUIDORA,39,"armazenagem, embalagem e entrega de mercadorias( s e gelo) desde que incluídos nesta classe.;",PISTA,33,"aperitivos *; fermentada alcoólica;s alcoólicas destiladas à base de grãos;s alcóolicas prontas;s alcoólicas, exceto cerveja;s amargas [licor];s destiladas;brandy [];destiladas [s alcoólicas] [espirituosas];digestivos [licores e destilados];essência alcoólica para fazer s;essências alcoólicas;extratos alcoólicos;licores;",S
PLANET CAMISETERIA,25,"saias;sungas;polainas;armações de chapéus;s de malha [];calças compridas;camisas (palas para -);ciclistas ( para -);colarinhos [];couro (s de imitação de -);jaquetas;meias;meias-calças;orelheiras [];estolas;sutiã para postura sem finalidade terapêutica;quimono [];pulôveres;s de banho;s de fantasia;s de imitação couro;trajes;agasalhos para as mãos;bebês (fraldas de matérias têxteis para -);bolsos para s;camisas;camisas (peitilhos de -);cartolas;chapéus, bonés etc;cintos [];coletes;confeccionado (",PLANET SPORTS,35,"administração comercial para terceiros;administração de cartão de benefícios comerciais [promoção de negócios];apresentação de produtos em meios de comunicação para fins de comércio varejista;assessoria, consultoria e informação em franquia, licenciamento da propriedade intelectual [gestão comercial];comércio [através de qualquer meio] de s de ;comércio [através de qualquer meio] de s do ;comércio [através de qualquer meio] de s para ;comércio [através de qualquer meio] de s para de s;comércio [",S
VIP PIZZAS,43,serviços de bar; serviços de restaurantes; serviços de lanchonetes;,PIZZARIA VIP,35,"assessoria, consultoria e informação em gestão de negócios e comercialização de produtos sob contrato de franquia;comércio [através de qualquer meio] de produtos alimentícios [massas];comércio de pizzas doces, pizzas salgadas e bebidas;",S
RJ DISTRIBUIDORA AUTO PEÇAS PARA CAMINHÕES,35,"assessoria, consultoria e informação ao consumidor sobre produtos e respectivos preços, s de websites, em conexão com comércio realizado pela internet;assessoria, consultoria e informação em gestão de negócios e comercialização de produtos sob contrato de franquia;comércio (s de qualquer meio) de partes e componentes de s;demonstração de produtos;franchising [sistema pelo qual empresa detentora de uma marca registrada, processo patenteado de produção ou direitos similares concede a outras empres",RJ AUTO,35,comércio [s de qualquer meio] de s;concessionária de s [comércio de s];,S
RL REFORMAS,37,"aplicação de tinta e impermeabilizante;impermeabilização de edificações;instalação e manutenção de instalações a gás;instalação e manutenção de instalações elétricas;instalação e manutenção de instalações hidráulicas;pintura, de interior e de exterior;provimento de informações sobre reparos;serviços de alvenaria;serviços de eletricistas;serviços de encanamento;serviços de construtor;",RL VIDRAÇARIA ABC,35,comércio (através de qualquer meio) de artigos de vidros;,S
DE ROLÊ SALVADOR,41,"agência de notícias/jornalismo [elaboração de reportagens fotográficas ou não];copidesque [edição de texto, exceto de publicidade];edição de texto, exceto de publicidade [copidesque];editoração eletrônica;elaboração de roteiros [roteirização];fotografia;guias eletrônicos, revistas, jornais e boletins oferecidos ao consumidor online [somente para acesso, sem possibilidade de download];publicação de livros;publicação on-line de livros e periódicos eletrônicos;serviço de repórter [agência de notíci",DE ROLÉ,41,"agente artístico; literário e cultural [promotor de evento];apresentação de espetáculos ao vivo;apresentação de espetáculos ao vivo de chorinho [música];apresentação de espetáculos ao vivo de samba [dança];apresentação de espetáculos ao vivo de samba [música];assessoria, consultoria e informação em [lazer];direção de shows;empresário [organização e produção de espetáculos];organização de espetáculos [shows] [serviços de empresário];organização e realização de eventos de ;planejamento de festas;p",S
REAL ATIVOS JUDICIAIS,36,"de assuntos s; ;análise ;apoio ; ; relacionada a impostos;, e em de dívidas;, e em de riscos s;, e em planejamento ;, e na área econômico-;, e s prestadas a investidores; s para responder a solicitações de propostas [rfp] de prestação de serviços; de pagamento de reembolsos para terceiros;informe relacionado à econômico-;perícia na área ; de s;serviços de agências de cobranças de dívidas;serviços de cobrança ;",REAL VIDA E PREVIDÊNCIA,36,"serviços prestados por entidades de representação de classe; atividades de em empresarial, exceto específica.;",S
MANÁ PITZFIHA,43,serviços de restaurantes;,MANÁ NUTRIÇÃO ANIMAL,31,alimento para animais confinados;alimentos para animais;alimentos para animais de estimação;carne para animal [alimento para animais];cereal para animal;farinha de osso para animal;farinha de peixe para consumo animal;farinha para animais;objetos comestíveis para mascar para animais;papas para engorda de animais de criação;preparações para engorda de animais;preparações para engorda de animais de criação;preparações para postura de aves de criação;ração para animal;,S
REVIVA SENIOR&#39;S RESIDENCE,39,serviços de transporte por ambulância; serviços de remoção (transporte) de pacientes(da classe 39).;,REVIVA FISIOFITNESS,44,"aconselhamento em questões de saúde;estética facial e corporal;fisioterapia;ioga e iogaterapia [terapias alternativas para saúde física e mental];massagem;pilates [terapia alternativa para saúde física e mental];quiroprática;quiroprática [sistema terapêutico que, partindo do pressuposto de que as doenças resultam de disfunção nervosa, procuram corrigi-las por manipulação, e por outros cuidados, de estruturas; quiropraxia];serviços de estética;serviços de saúde;spa [serviços estéticos];",S
BRAVO R & S,41,de s ao ; de s; de s [s] [serviços de ]; de para ou s; e de s; e de conferências; e de congressos; e de seminários; e de simpósios; de s; de s; ; serviços de ; serviços de s; serviços de s de ; ; e [ de ]; de [serviços de ]; (serviços de -) [serviços de ]; [ e de s]; em vhs/dvd/cd (serviços de ); ; de s [se s/];,BRAVO TATUÍ,41,"; e [ de ]; de s ao ;assessoria, consultoria e informação em [lazer]; de [serviços de ];composição de canções;educação ; em vhs/dvd/cd [serviços de ]; ; de s; de s [s] [serviços de ]; de para ou s; e de s; e realização de s de ; e regência de concertos;orientação [treinamento]; de s; de s; ;serviços de composição ;serviços de [serviços de ];serviços de ensino;serviços de ;serviços de s;serviços de orquestra;",S
BRAVO R & S,41,de s ao ; de s; de s [s] [serviços de ]; de para ou s; e de s; e de conferências; e de congressos; e de seminários; e de simpósios; de s; de s; ; serviços de ; serviços de s; serviços de s de ; ; e [ de ]; de [serviços de ]; (serviços de -) [serviços de ]; [ e de s]; em vhs/dvd/cd (serviços de ); ; de s [se s/];,BRAVO TATUÍ,41,"; e [ de ]; de s ao ;assessoria, consultoria e informação em [lazer]; de [serviços de ];composição de canções;educação ; em vhs/dvd/cd [serviços de ]; ; de s; de s [s] [serviços de ]; de para ou s; e de s; e realização de s de ; e regência de concertos;orientação [treinamento]; de s; de s; ;serviços de composição ;serviços de [serviços de ];serviços de ensino;serviços de ;serviços de s;serviços de orquestra;",S
RICARDO PNEUS,35,comércio (s de qualquer meio) de s e s de s; serviços de agências de importação-exportação;,RICARDO ACESSÓRIOS,35,comércio [s de qualquer meio] de s e s de s terrestres;,S
BOY VEÍCULOS,39,aluguel de s;locação de ;,BOY AUTO MECÂNICA,37,"aperfeiçoamento de equipamento automotivo [instalação, manutenção, reparo][tuning];instalação personalizada de peças de s externas, internas e mecânicas [adaptação];lubrificação de s;manutenção de s;serviço de reparo de panes em s;serviços de centro de diagnóstico de [serviços de manutenção/reparo de ];serviços de troca de baterias de s elétricos;",S
DIVINO BURGUERKINHO,43,serviços de bar;serviços de lanchonetes;serviços de s;,DIVINO DVBG BURGER,40,beneficiamento de alimentos;beneficiamento de alimentos para s desde que incluídos nesta classe.;,S
ENCANTO DO SUL,25,bermudas; bonés; s *; calças compridas; camisas; camisetas; meias; paletós; roupas de praia; saias; s; s *; .;,ENCANTO SHOES,25,botas *;botas de cano curto;botas de cano médio;botas para esportes *; para uso profissional;s*;chinelo [ comum];chinelos [pantufas];saltos de s;saltos para s;s;s*;tênis [].;,S
ENCANTO DO SUL,25,bermudas; bonés; s *; calças compridas; camisas; camisetas; meias; paletós; roupas de praia; saias; s; s *; .;,ENCANTO SHOES,25,botas *;botas de cano curto;botas de cano médio;botas para esportes *; para uso profissional;s*;chinelo [ comum];chinelos [pantufas];saltos de s;saltos para s;s;s*;tênis [].;,S
ENCANTO DO SUL,25,bermudas; bonés; s *; calças compridas; camisas; camisetas; meias; paletós; roupas de praia; saias; sandálias; sapatos *; vestuário.;,ENCANTO SHOES,35,comércio [através de qualquer meio] de s;serviços de vendas a varejo de s;,S
ENCANTO DO SUL,25,bermudas; s; calçados *; calças compridas; camisas; s; meias; paletós; roupas de praia; saias; sandálias; sapatos *; .;,ENCANTO MULTIMARCAS,25,artigos de malha [];s;botas *;calçados*;s;casacos [jaquetas];chinelo [ comum];galochas; *;,S
ENCANTO DO SUL,25,bermudas; bonés; s *; calças compridas; camisas; camisetas; meias; paletós; roupas de praia; saias; sandálias; sapatos *; vestuário.;,ENCANTO SHOES,35,comércio [através de qualquer meio] de s;serviços de vendas a varejo de s;,S
JACK STORE,35,"assessoria, consultoria e informação ao consumidor sobre produtos e respectivos preços, através de websites, em conexão com comércio realizado pela internet;assessoria, consultoria e informação em gestão de negócios e comercialização de produtos sob contrato de franquia;comércio (através de qualquer meio) de s de ;comércio (através de qualquer meio) de s do ;comércio (através de qualquer meio) de bijuteria;comércio (através de qualquer meio) de malas e bolsas de viagem;comércio (através de qualq",JACK,25,"s; s de , a saber, bonés, chapéus, faixas para a cabeça, viseiras; , a saber, aventais, camisetas, camisas, tops, camisetas regatas, camisas de golfe, casacos de moletom, cintos, jaquetas, calças.;",S
R.A ESPAÇO ZEN,44,"assessoria, consultoria e informação em estética capilar;assessoria, consultoria e informação em estética pessoal [ de e cabelo];assessoria, consultoria e informação em massagem;depilação;depilação com cera;estética [ da e cabelo];estética facial e corporal;massagem;spa [serviços médicos ou estéticos];serviços de saúde em spa;serviços de terapia;serviços de terapia;",RA,5,"preparações farmacêuticas para o de distúrbios neurológicos, distonias musculares, distúrbios do músculo liso, distúrbios do nervo autônomo, dores de cabeça, rugas, hiperidrose, lesões esportivas, a saber, , músculo, ligamentos ou osso feridos ou quebrados, paralisia cerebral, espasmos musculares, tremores e dores musculares; preparações farmacêuticas, a saber, substratos peptídicos para uso no de distúrbios neurológicos, distonias musculares, distúrbios do músculo liso, distúrbios do nervo autô",S
RS FERRAGEM E MATERIAIS DE CONSTRUÇÃO,6,"abraçadeira de fixação [ferragem];abraçadeiras de metal;abraçadeiras de metal para cabos ou tubos;abraçadeiras para fios, em metal;aço;aço estirado;aço fundido;aço galvanizado;aço laminado;aço não plano;aço para cimentação;aço, bruto ou semitrabalhado;aldrava de metal para portas;algeroz metálico;alpaca [liga metálica];alumínio;amortecedor para porta [ferragem];andaimes de metal;anéis de metal*;anel de escora em metal;anel metálico [ferragem];arame farpado;articulação metálica para janela [ferra",RS SERVIÇOS E MANUTENÇÃO,37,"assessoria, consultoria e informação em pintura de prédios;instalação de serviços básicos de infra em locais de ;instalação e manutenção de instalações s;instalação, manutenção e reparo de de letreiro e de painel e eletrônico, inclusive de veículo;montagem de estandes de feira de exposições e lojas;pintura ou reparo de letreiros;provimento de informações sobre reparos;reparação e manutenção da de letreiro e painel não ;reparo de s de segurança;serviços de sinalização [instalação, manutenção e ];",S
NEXO CONCEPT,40,alfaiataria;ateliê de costura;confecção de do sob encomenda;confecção de s;montagem de materiais sob encomenda de terceiros;,EH NEXO STORE,35,"assessoria, consultoria e informação sobre publicidade através de mala direta;comércio [através de qualquer meio] de s de relojoaria;comércio [através de qualquer meio] de s do ;comércio [através de qualquer meio] de s para fumantes;comércio [através de qualquer meio] de bijuteria;comércio [através de qualquer meio] de calçados;comércio [através de qualquer meio] de cosméticos;comércio [através de qualquer meio] de malas e bolsas de viagem;comércio [através de qualquer meio] de máquinas de calcu",S
SAMPAIO REPRESENTAÇÕES,35,"comércio (s de qualquer meio) de s e s de s; representação comercial; serviços de agências de importação-exportação; comércio, s de qualquer meio, de motores para s terrestres;",SAMPAIO MOTOPEÇAS,35,"comércio [s de qualquer meio] de aparelhos de locomoção por terra, por ar ou por água;comércio [s de qualquer meio] de aparelhos e instrumentos para conduzir, interromper, transformar, acumular, regular ou controlar eletricidade;comércio [s de qualquer meio] de aparelhos para o registro, a transmissão e a reprodução de som ou imagens;comércio [s de qualquer meio] de máquinas-ferramentas;comércio [s de qualquer meio] de s e s de aparelhos de locomoção por terra, por ar ou por água;comércio [s de ",S
SARA PRINCESS,35,"assessoria, consultoria e informação ao consumidor sobre produtos e respectivos preços, s de websites, em conexão com comércio realizado pela internet;assessoria, consultoria e informação em gestão de negócios e ização de produtos sob contrato de franquia;comércio (s de qualquer meio) de s de chapelaria;comércio (s de qualquer meio) de s do ;comércio (s de qualquer meio) de bijuteria;comércio (s de qualquer meio) de malas e bolsas de viagem;comércio (s de qualquer meio) de s;comércio [s de qualq",SARA MODAS E ACESSÓRIOS,35,"; de ;comércio [s de qualquer meio] de s do ;comércio [s de qualquer meio] de s;comércio on-, no varejo, de virtual baixável;",S
REDUX HARD,40,"beneficiamento de s alimentares, desde que incluídos nessa classe.;",REDUX PREMIUM,5,detox natural.;,S
BOUTIQUE DOS CACHORROS,44,para [ ]; [ ]; de ; de de estimação;,BOUTIQUE DOS PETS,44,para [ ]; [ ];,S
GARAGEM TAPIOCARIA CAFÉ,43,serviços de bar; serviços de cafés []; serviços de cafeteria; serviços de s; serviços de s;,GARAGEM COMEDORIA,43,"reservas em hotéis;reservas em pensões [alojamento];serviços de agências de acomodações [hotéis, pensões];serviços de bar;serviços de s;serviços de s;serviços de s de autosserviço;serviços de s para retirada;",S
VIA PINK,35,comércio (s de qualquer meio) de s de vidro;comércio (s de qualquer meio) de produtos de metal comum;comércio (s de qualquer meio) de produtos feitos de madrepérola;comércio (s de qualquer meio) de produtos feitos de concha;comércio (s de qualquer meio) de produtos têxteis;comércio (s de qualquer meio) de produtos confeccionados de metais preciosos ou folheados;comércio (s de qualquer meio) de s de ;comércio (s de qualquer meio) de s de ;comércio (s de qualquer meio) de s do ;comércio (s de qual,PINK. EYEWEAR,35,comércio (s de qualquer meio) de armações;,S
STAR PLAC,9,"sinais eletrônicos (transmissores de -) ; sinais luminosos ; sinais, luminosos ou mecânicos ; sinalização (apitos de -) ; sinalização (bóias de -) ; sinalização (lanternas de -) ; sinalização (painéis de -), luminosos ou mecânicos ; sinalização (sinos de -) ; sinalização (triângulos de -) para veículos avariados ; sinalizadores de neblina, não-explosivos ; sinalizadores [luzes pisca-pisca] ; sinos de sinalização, sinalização de segurança industrial.;",STAR RADIODIFUSAO,38,comunicação por rádio;,S
HELP VIDA,39,serviços de transportes por ambulância.;,HELP HOSPITAL DE ENSINO E LABORATÓRIOS DE PESQUISA,44,serviços de centros médicos;serviços de saúde;serviços hospitalares;,S
SUBLIME CLÍNICA DE ESTÉTICA AVANÇADA,35,"agenciamento de mão-de-obra; recrutamento de ; serviços administrativos para encaminhamentos médicos; serviços de em gestão de negócios; serviços prestados por entidades de representação de classe, a saber, serviços de administração de convênios de benefícios; testes, exames e provas psicotécnicos para seleção de [recrutamento de ]; comercio, importação, exportação e representação comercial de artigos para pratica de esportes e ginástica, medicamentos, s alimentares, preparações farmacêuticas, s",SINTA-SE SUBLIME,44,"aconselhamento em dieta e nutrição;aconselhamento em questões de saúde;, consultoria e informação em estética [tratamento de pele e cabelo];, consultoria e informação sobre beleza;, consultoria e informação sobre s dietéticos e nutrição;estética [tratamento da pele e cabelo];estética facial e corporal;serviços de estética;serviços de esteticista;spa [serviços estéticos];",S
ERVA-MATE SERTANEJO,30,erva-mate para infusão desde que incluído nesta classe.;,APIÁRIO SERTANEJO,30,mel;,S
SZ STUDIO,44,"massagem; serviços de cabeleireiro; serviços de salões de beleza; depilação; [tratamento da pele e cabelo]; facial e corporal; manicure e pedicure; spa [serviços médicos ou estéticos]; assessoria, consultoria e informação em pessoal [tratamento de pele e cabelo]; assessoria, consultoria e informação sobre beleza;","SZ CENTRO DE ESTÉTICA, REJUVENESCIMENTO E PREVENÇÃO",44,odontologia [cirurgião-dentista];serviços de ;serviços de odontologia;,S
TREVISAN ARTE & DECORAÇÃO,20,"; mobiles; s do feitos em e para eventos, desde que incluídos nesta classe.;",TREVISAN MÓVEIS,20,"almofadas;aparadores [bufê];apoio de cabeça [];apoio para braço [];apoio para livro [];armários [];armários de cozinha [];arquivos [];s para cama, exceto roupa de cama;assentos [cadeiras];balcão [];bancadas de lavatório [];bancos [];banqueta [];bufê [];cadeira de balanço;cadeiras [assentos];cama guarda-roupa;camas *;camiseiro [];cantoneira [];carrinhos [];chapeleira [];colchões *;divisórias [];divisórias de para ;espelhos;guarda-roupas;mesas *;móbiles [decoração]; de ;painéis de afixação;peças d",S
URQUIZA JOIAS,14,"adereços de marfim [joias e bijuterias];alfinetes de chapéu [joias e bijuterias];amuletos [joias e bijuterias];anéis [joias e bijuterias];argola de uso pessoal [bijuteria];artigos de joalheria / bijuteria;berloques para joias e bijuterias;biojoias;bracelete de qualquer material [joia ou bijuteria];brincos;broches [joias e bijuterias];caixas para apresentação de joias;chaveiros de bijuteria;colares [joias e bijuterias];correntes [joias e bijuterias];crucifixos de metal precioso, exceto joias;cruc",URQUIZA SHOES,35,comércio [através de qualquer meio] de s;,S
ZOOM DISTRIBUIDORA,35,"super [comércio de s de higiene pessoal, cosmética e ];super [comércio de lâmpadas e pilhas];super [comércio de óleos, graxas e preparações para polir];super [comércio de preparações para higiene doméstica, inclusive desinfetantes, desodorizantes de ambiente, preparações para perfumar ambiente e repelentes para ambientes];super [comércio de preparações para lavanderia];super [comércio de rações para animais];super [comércio de recipientes para acondicionar alimentos];super [comércio de sacos e s",ZOOM HAIR,35,comércio [s de qualquer meio] de s do vestuário;comércio [s de qualquer meio] de cosméticos;comércio [s de qualquer meio] de escovas;comércio [s de qualquer meio] de fitas e laços;comércio [s de qualquer meio] de loções para os cabelos;comércio [s de qualquer meio] de s de ; de on-line para es e es de s e serviços [];,S
ZOOM DISTRIBUIDORA,35,"supermercado [comércio de artigos de higiene pessoal, cosmética e perfumaria];supermercado [comércio de lâmpadas e pilhas];supermercado [comércio de óleos, graxas e preparações para polir];supermercado [comércio de preparações para higiene doméstica, inclusive desinfetantes, desodorizantes de ambiente, preparações para perfumar ambiente e repelentes para ambientes];supermercado [comércio de preparações para lavanderia];supermercado [comércio de rações para animais];supermercado [comércio de reci",ZOOM HAIR,26,aplique [cabelo artificial];apliques capilares;arcos para o cabelo;barbas postiças;bigodes postiços;broches [acessórios de vestuário];cabeleira [peruca];cabelo humano;cabelos postiços;enfeites para os cabelos;fitas para cabelo;fitas para prender os cabelos;fivelas [acessórios de vestuário];fivelas para os cabelos;franjas;grampos para ondular os cabelos;grampos para os cabelos;papelotes para cachear cabelo;perucas;pompom;prendedores para os cabelos;presilhas para cabelos;redes para os cabelos;tia,S
EMPÓRIO DO MILHO PAMONHARIA,35,"assessoria, consultoria e informação em gestão de negócios; gestão de franquia; assessoria, consultoria e informação ao consumidor sobre produtos e respectivos preços, através de websites, em conexão com comércio realizado pela internet; provimento de mercado online para compradores e vendedores de produtos e serviços [marketplace]; demonstração de produtos; importação, exportação e representação comercial; comércio de bebidas e produtos alimentícios desde que incluídos nesta classe.;",EMPÓRIO DO MILHO,30,pamonha salgada de milho; pamonha doce de milho; milho torrado; milho moído; farofa de milho;,S
MINAS PEDRAS MÁRMORES & GRANITOS,19,"ardósia; bustos de pedra, concreto ou mármore; estátuas de pedra, concreto ou mármore; estatuetas de pedra, concreto ou mármore; granito; mármore; objetos de arte de pedra, concreto ou mármore; pedra; trabalhos de pedra;",MINAS PEDRAS,35,comércio [através de qualquer meio] de construções transportáveis não metálicas;comércio [através de qualquer meio] de materiais de construção não metálicos;comércio [através de qualquer meio] de minérios;,S
MM D&#39;GUST CONGELADOS,35,"assessoria, consultoria e informação em gestão de negócios e empresas; comercialização de produtos sob contrato de franquia; franchising [sistema pelo qual empresa detentora de uma marca registrada, processo patenteado de produção ou direitos similares concede a outras empresas licença de utilização dessas marcas ou processos, sob certas condições - administração de negócios]; gestão de franquia; assessoria, consultoria e informação ao consumidor sobre produtos e respectivos preços, através de w",D.GUST,30,coxinha de galinha [salgadinho];empada;joelho [enroladinho];quibe;tortas [doces e salgadas];,S
TRANQUILIZE SPA CORPO E MENTE,35,"serviços de administração e gestão de negócios de clínicas de estética: serviços de , e fornecimento de organização e administração de clínicas; serviços de e propaganda referente a clínicas.;",SPA CORPO E MENTE,35,", e ao consumidor produtos e respectivos preços, através de websites, em conexão com comércio realizado pela internet;, e em promoção de vendas;promoção de vendas para terceiros; por catálogos de vendas.;",S
CÓDIGO DRM,41,"apresentação de espetáculos ao vivo;cursos por correspondência; de competições [educação ou ]; de competições desportivas; de exposições para fins ou educativos; e apresentação de colóquios; e apresentação de conferências; e apresentação de congressos;produção de filmes, exceto para fins de publicidade;produção de podcasts;produção de programas de rádio e televisão;produção de shows;produções teatrais;programas de de rádio;programas de de televisão;projeções de filmes cinematográficos;provimento",DRM,41,agente artístico; literário e [promotor de evento]; e realização de eventos de ;promotor de eventos [se artísticos/];,S
VIVA VIDA VIAGENS E TURISMO,35,comercial para terceiros; de s de viajantes frequentes;gestão administrativa de hotéis;gestão de franquia para terceiros;serviços de assessoria em gestão de negócios;,VIDA+,35,"de cartão de desconto; de convênios de benefícios;serviços de s de fidelidade [clube, cartão, talão];",S
KELLY MODAS BY: KELLY FERREIRA,35,"assessoria, consultoria e informação ao consumidor sobre produtos e respectivos preços, através de websites, em conexão com comércio realizado pela internet;assessoria, consultoria e informação em gestão de negócios e comercialização de produtos sob contrato de franquia;comércio [através de qualquer meio] de s de chapelaria;comércio [através de qualquer meio] de s do ;comércio [através de qualquer meio] de bijuteria;comércio [através de qualquer meio] de bolsas femininas;comércio [através de qua",KELLY MODAS,25,s de malha [];aventais [];bermudas;biquíni;blazers [];body [ íntima];camisas de manga curta;camisetas;canga;cintos [];combinações [];faixas [];jardineiras [];leggings [calças];lingerie;malhas [];meias;meias-calças;saias;saias-calças;suspensórios [];ternos;uniformes;vestidos; bordado; confeccionado;,S
LEBEN,40,"beneficiamento de alimentos; congelamento de alimentos; conservação de alimentos e bebidas; beneficiamento de doces e salgados, desde que incluídos nesta classe.;",LEBENREVA PRECISION,5,aminoácido para tratamento de desnutrição ou deficiência proteica;barra dietética de cereais;cápsula de alga marinha para uso como complemento alimentar;cápsula de cartilagem de tubarão para complemento alimentar;cápsula de gelatina pura para uso como complemento alimentar;cápsula de óleo vegetal para uso como complemento alimentar;complemento/suplemento alimentar composto por cereais [não medicinal];composição de aminoácido para tratamento de desnutrição ou deficiência proteica;enzimas para con,S
NEXO,17,"[, , , , pó]; líquida; sintética;, bruta ou semitrabalhada;guta-percha;",NEXOBOR BORRACHAS TÉCNICAS,17,"anéis de ;anel ou aro de para vedação;aro de para vedação;arruelas de ou fibra vulcanizada; [, , , , pó];conexões não metálicas para tubos flexíveis;elo de ;emenda para mangueira;juntas de vedação;mangueiras de água;mangueiras de conexão para radiadores de veículos;mangueiras de matérias têxteis;tampões de ;",S
NATU & VIDA PRODUTOS NATURAIS,35,"comercio, importação e exportação de produtos naturais como: grãos, sucos, chás, sementes, shakes, açaí, ervase outros produtos alimentícios, produtos cosméticos, perfumaria e higiene pessoal.;",NAVIDA NATURAIS,30,"alimentos predominantemente de cereais, exceto para uso medicinal, terapêutico ou dietético;essências para alimentos;farinha de cevada;flavorizantes/aromatizantes para alimentos;levedura *;preparações aromáticas para uso alimentar;",S
R ROSARIA JÓIAS,35,"assessoria, consultoria e informação ao consumidor sobre produtos e respectivos preços, através de websites, em conexão com comércio realizado pela internet;assessoria, consultoria e informação em gestão de negócios e comercialização de produtos sob contrato de franquia;comércio (através de qualquer meio) de s de ;comércio (através de qualquer meio) de ;comércio (através de qualquer meio) de produtos confeccionados de s ou folheados;consultoria em gestão de negócios;consultoria em gestão e organ",JOALHERIA ROSA,14,"ágatas;água-marinha;alexandrita [pedra preciosa];ametista [pedras preciosas];amuletos [joias e s];anéis [joias e s];s de / ;balangandã [ornamento ou amuleto, ordinariamente de , em forma de figa, medalha, pendente de broche, argola ou pulseira];berloques para joias e s;bracelete de qualquer material [joia ou ];brilhante [diamante];brincos;camafeu [broche];citrino;colares [joias e s];contas de ouro para joia;contas para a fabricação de joias e s;coral para manufatura de joia;correntes [joias e s]",S
SOARESVEL VEÍCULOS,12,;,SOARES MANUTENÇÕES,37,"adaptação de carrocerias para ;conservação e manutenção de container;instalação personalizada de peças de veículos externas, internas e mecânicas [adaptação];manutenção de veículos;manutenção e reparo de ;",S
PIZZARIA CHEFF,40,beneficiamento de alimentos;congelamento de alimentos;conservação de alimentos e bebidas.;,DU CHEFF PIZZARIA,39,entrega de refeições [delivery];,S
METRO ENGENHARIA,37,asfaltamento; assentamento de tijolos; colocação de papel de parede; conserto de bomba; *; de fábricas; de portos; de quebra-mar; e manutenção de oleoduto; e reparos de armazém; naval; subaquática; na área de civil; demolição de edificações; envernizamento; sobre ; instalação de equipamentos de cozinha; instalação e reparo de alarme antifurto; instalação e reparo de alarmes de incêndio; instalação e reparo de aparelhos elétricos; instalação e reparo de dispositivos de irrigação; instalação e rep,METRO REGULAR ENGENHARIA,37,", e em de ;",S
PIZZARIA CHEFF,43,restaurantes;,DU CHEFF PIZZARIA,39,entrega de refeições [delivery];,S
CALDO PREMIUM MAIS TOP QUALITY,40,beneficiamento de alimentos;beneficiamento de cereal;congelamento de alimentos;conservação de alimentos e bebidas;esterilização de alimento;beneficiamento de ; envasamento e empacotamento de alimentos.;,CALDO SUPREMO 3B SUPER PREMIUM,29,em conserva [ou ensacado];,S
AÇAÍ WAY,43,serviços de bar;serviços de s [];serviços de cantinas;serviços de s;serviços de restaurantes;serviços de restaurantes de autosserviço;,ON WAY AÇAÍ,43,serviços de s []; serviços de cafeteria; serviços de s.;,S
PET CRISTAL LE BOUTIQUE,44,de ; de de estimação; para [ ]; [ ];,BOUTIQUE DOS PETS,44,para [ ]; [ ];,S
AÇOUGUE RANCHO DA CARNE,39,"entrega de mercadorias; entrega de s [delivery], desde que incluídos nesta classe.;",RANCHO CASA DE CARNES E CONVENIÊNCIA,35,comércio [através de qualquer meio] de água mineral engarrafada; comercialização de água bruta;comércio [através de qualquer meio] de bebidas alcoólicas;comércio [através de qualquer meio] de bebidas não alcoólicas;comércio [através de qualquer meio] de gelo;comércio [através de qualquer meio] de material de limpeza;comércio [através de qualquer meio] de óleos vegetais alimentícios;comércio [através de qualquer meio] de produtos alimentícios [aves e ovos];comércio [através de qualquer meio] de p,S
GALLO´S BIER,35,comércio (através de qualquer meio) de bebidas alcoólicas; comércio (através de qualquer meio) de bebidas não-alcoólicas; agências de importação-exportação;,GALLO BURGUER,43,serviços de lanchonetes;,S
MEMOR,42,e licenciamento de e hardware; plataforma de tecnologia de ensino [].;,EMEMOR,42,"armazenamento eletrônico de dados;criação de homepage;criação e manutenção de websites para terceiros;fornecimento de mecanismos de busca para a obtenção, manutenção e distribuição de dados a partir de um banco de dados localizado em uma rede mundial de computadores [ de um /website para terceiros];provimento de sistemas virtuais de computador por meio de computação em nuvem;sites de busca [fornecimento de mecanismos de busca na internet];tratamento de dados [serviço de informática];",S
NUTRILIFE,44,fisioterapia.;,NUTROLIFE,44,"em dieta e nutrição; em de ;, e em nutrição;, e suplementos dietéticos e nutrição; ;exames s;farmácia de manipulação [manipulação de medicamentos];serviços de ;serviços de ;",S
NOUVEL,35,comércio [através de qualquer meio] de artigos do ;comércio [através de qualquer meio] de s;,NOUV,25,bermuda para prática de esporte;body [ íntima];bonés;calções de banho;camisas desportivas;camisas*;camisetas;camisetas regata para a prática de esportes;casacos [jaquetas];faixas [];faixas para a cabeça [];gorros;jérseis [];leggings [calças];luvas de ioga;malhas [];pantufas; para ginástica;s impermeáveis; *;,S
PROTECTPET,3,lenço umedecido para animais.;,PROTECTOVET,5,medicamentos para uso veterinário;,S
LUNABELLE,35,"assessoria, ultoria e informação ao umidor sobre s e respectivos preços, através de websites, em conexão com comércio realizado pela internet;assessoria, ultoria e informação em gestão de negócios e comercialização de s sob contrato de franquia;comércio [através de qualquer meio] de s;demonstração de s;franchising [sistema qual empresa detentora de uma marca registrada, processo patenteado de produção ou direitos similares concede a outras empresas licença de utilização dessas marcas ou processo",LUNAB,25,"vestuário, incluindo roupa interior e exterior, exceto vestuário de proteção para fins especiais, a saber: calças, jaquetas, camisas, meias, cachecóis enquanto lenços de pescoço, xales, bandanas, cachecóis, cintos; s, sapatos, chinelos [pantufas], sandálias; chapelaria, bonés com viseira, boinas, bonés enquanto chapéus.",S
SYNCPAY,42,"serviço de segurança bancária por meio de utilização de senha [software];serviços de design, pesquisa, desenvolvimento, criação, , , e de suporte técnico de tecnologia, inclusive de software de computador, de programa de computador, de software aplicativo, de hardware de computador e de interface de computador, particularmente para intermediação, , verificação e cruzamento de dados para instituições financeiras; armazenamento eletrônico de dados na área de operação de com instituições financeira",SICPAY,36,"e gestão de ; técnica, e na avaliação de dano em veículo e outros bens móveis;, e em ;processamento de pagamento de cartão de ;processamento de pagamento de cartão de débito;vistoria prévia em veículo para seguradora e corretora de seguro;",S
SATBOX,35,"assessoria, consultoria e informação em de negócios e empresas; comercialização de produtos sob contrato de franquia; franchising [ pelo qual empresa detentora de uma marca registrada, processo patenteado de produção ou direitos similares concede a outras empresas licença de utilização dessas marcas ou processos, sob certas condições - administração de negócios]; de franquia; assessoria, consultoria e informação ao consumidor sobre produtos e respectivos preços, através de websites, em conexão c",STBOX,9,"aplicativo baixável para ambientes virtuais;aplicativos, baixáveis; computadorizado [hardware e software] de monitoramento e detecção de objetos em espaço aéreo, por meio de micro-ondas; computadorizado [hardware e software] de monitoramento e detecção de objetos em espaço aéreo, por meio de ondas de rádio; computadorizado [hardware e software] de monitoramento e detecção de objetos em espaço aéreo, por meio de ondas sonoras; computadorizado [hardware e software] de monitoramento e detecção de o",S
NGARU,18,"alforje de uso pessoal;alforjes;armações de selas;barraca de praia [guarda-sol];barrigueira [artigo de selaria];barrigueiras de couro [montaria];bolsa para cosméticos [vazia];bolsa para tênis;bolsas;bolsas de caça;bolsas de couro para embalagem;bolsas de couro para ferramentas, vazias;bolsas de malhas;bolsas de mão;bolsas de praia;bolsas de viagem;bolsas escolares;bolsas para alpinistas;bolsas para campistas;bolsas para carregar bebês [slings];bolsas para equipamentos esportivos*;bolsas*;bornais",NAGARU,25,vestuário *;,S
ACLOG,39,", e em s;, e s; de s para s [];entrega de malote;entrega de s;entrega de pacotes; de para s [ e ];serviços de em de ;;",ALLOG,39,"aluguel de contêineres de ;; de s;, e em ;, e em s;, e s;corretagem de frete [despachante de frete];corretagem de ; de s para s [];expedição de frete;frete [ de s];frigorífico [ de produto alimentício];intermediação de carga;intermediação de serviços de , por meio de aplicativo;localização e rastreamento de carga para fins de ; de para s [ e ];provimento de s;reservas para ;salvamento em ;serviços de despachantes de frete;serviços de em de ;; aéreo; ferroviário; fluvial; marítimo; por balsa; por",S
VERSATTY,40,"ateliê de costura;confecção de do sob encomenda;confecção de s;montagem de materiais sob encomenda de terceiros;pintura para calçados;sapateiro, confecção sob medida;trabalho em couro;",VERSÁTIL BEACH,25,s de chapelaria;s de malha [];baby-doll;bandanas;bermuda para prática de esporte;biquíni;body [ íntima];boné;calção para banho;camisas;camisetas regata para a prática de esportes;canga;chinelos de banho;lingerie;maiô;malhas []; íntima; para ginástica;s de banho;s de praia;sandálias;sungas; *; para ciclistas;viseiras [chapelaria];,S
LALUNART,35,"gestão de franquia; , e ao consumidor produtos e respectivos preços, através de websites, em conexão com comércio realizado pela internet; de mercado online para compradores e vendedores de produtos e serviços [marketplace]; demonstração de produtos; comércio, importação, exportação e representação comercial de s e produtos alimentícios a saber: doces, s, tortas, salgados, pães, panquecas, massas e s, desde que incluídos nesta classe.;",LA LUNA,43,"aconselhamento relativo a receitas culinárias;alimentação natural e macrobiótica [serviços de fornecimento de comida e ];aluguel de aparelhos de cozimento;, e em culinária;, e em culinária;, e relativa à produção de alimento;, e o vinho e suas características;, e técnica em serviço de alimentação;, e restaurante;churrascaria [restaurante];cyber café [fornecimento de comida e ];decoração de alimentos;decoração de s;escultura em alimentos;fornecimento de cestas de café da manhã [serviços de alimen",S
KATHARINA,37,"serviços de pavimentação asfáltica; coleta de ; e reparação de obras; de rodovias e ferrovias; obras de urbanização; de redes de abastecimento de água, coleta de esgoto e correlatas; serviços de demolição; preparação e limpeza de terrenos e canteiros; serviços de perfurações, terraplenagem; instalação e manutenção elétrica; instalações hidráulicas, sanitárias e de gás; instalação e manutenção de sistemas de centrais de ar condicionado, ventilação e refrigeração; instalação de painéis; montagem e",KARINA CERÂMICA,35,"comércio [através de qualquer meio] de pisos, revestimentos cerâmicos e porcelanatos; comércio (através de qualquer meio) de de não metálicos.;",S
VIVAZ,40,beneficiamento de alimentos;congelamento de alimentos;conservação de alimentos e bebidas;,VIVAS GIROLANDO E GIR LEITEIRO,35,"assessoria, consultoria e informação sobre leilões;comércio [através de qualquer meio] de animais vivos;comércio [através de qualquer meio] de produtos alimentícios [laticínios];leilões;",S
GRID,37,de s; de s;s de (serviços de -);,GRIDMS AUTO CENTER,37,"de s;aperfeiçoamento de equipamento automotivo [instalação, manutenção, reparo][tuning];assessoria, consultoria e informação em reparo e manutenção de s;carregamento de baterias de s;concessionária de s [reparo/assistência técnica para s];conserto de aparelho de som de ;conversão de s a para gás natural;instalação de aparelho de som para ;instalação e conserto de ar condicionado, inclusive de ;instalação e manutenção de instalações a gás;instalação e manutenção de instalações elétricas;instalaçã",S
NUTRALLE,39,"entrega de refeições [delivery];armazenagem, embalagem e entrega de mercadorias (produtos alimentícios) ,desde que incluídos nesta classe.;",DR NUTRA ONE,1,antioxidantes para uso em fabricação;proteínas para a indústria alimentícia;proteínas para uso na fabricação de suplementos alimentares;vitaminas para a indústria alimentícia;vitaminas para uso na fabricação de suplementos alimentares;,S
MALAKA,25,agasalhos para as mãos; anáguas; s de malha []; aventais []; bandanas; bermudas; blazers []; boá [estola de plumas]; bolsos para roupas; bonés; cachecóis; calçados (incluídos nesta classe); calcinhas; calções de ; calções de [sungas]; camisas; camisetas; casacos [capotes]; capuzes []; casacos [jaquetas]; ceroulas; chapéus [chapelaria]; cintas [roupa íntima]; cintos []; cintos porta-moedas []; colarinhos []; coletes; coletes [roupa íntima]; combinação [roupa íntima]; combinações []; corpete; cuec,MILACA GROUP,35,comércio [através de qualquer meio] de adesivos para papelaria ou para uso doméstico;comércio [através de qualquer meio] de aparelhos [lâminas] de barbear;comércio [através de qualquer meio] de aparelhos de iluminação;comércio [através de qualquer meio] de aparelhos de refrigeração;comércio [através de qualquer meio] de aparelhos de ventilação;comércio [através de qualquer meio] de aparelhos e instrumentos científicos;comércio [através de qualquer meio] de aparelhos e instrumentos cinematográfic,S
BCC BOADICCA.ONLINE,40,"alfaiataria; ateliê de costura; confecção de do sob encomenda; confecção de s; tratamento, transformação e envasamento de s, desde que incluídos nesta classe.;",BOADIK@,35,"comércio [através de qualquer meio] de s de cama, mesa e banho;comércio [através de qualquer meio] de s do ;comércio [através de qualquer meio] de calçados;comércio [através de qualquer meio] de s;comércio [através de qualquer meio] de jogos e brinquedos;comércio [através de qualquer meio] de malas e bolsas de viagem;comércio [através de qualquer meio] de s;",S
SOBERANA LINGUIÇARIA,40,beneficiamento de alimentos;congelamento de alimentos;conservação de alimentos e bebidas;,SOBERANO,35,comércio [através de qualquer meio] de artigos de papelaria;comércio [através de qualquer meio] de jogos e brinquedos;comércio [através de qualquer meio] de produtos alimentícios [doces];,S
IMPERA BOUTIQUE,39,"armazenagem, embalagem e entrega de mercadorias (roupas e acessórios do , a saber: bolsas, sapatos e bijuterias) desde que incluídos nesta classe.;",IMPERO,25,artigos de chapelaria;calçados*; *;,S
LIV & CO.,3,acetona [removedor de esmalte de unhas];adstringentes para uso ;água de cheiro para perfumar;água de colônia [eau de cologne];água de toalete [eaux de toilette];água depilatória;água micelar;água oxigenada [peróxido de hidrogênio] para uso ;álcool antisséptico em gel para ;algodão impregnado com demaquilantes;algodão para a ;algodão para uso ;antitranspirantes [s de toalete];argila para estética;aromatizadores de ambiente com varetas [difusores de aroma];basma [tintura cosmética];batons para os ,LIVZ,35,comércio [através de qualquer meio] de s;comércio [através de qualquer meio] de de não medicamentosas;comércio [através de qualquer meio] de s de ;,S
LIV & CO.,3,acetona [removedor de de s];adstringentes para uso ;água de cheiro para perfumar;água de colônia [eau de cologne];água de toalete [eaux de toilette];água depilatória;água micelar;água oxigenada [peróxido de hidrogênio] para uso ;álcool antisséptico em gel para pessoal;algodão impregnado com demaquilantes;algodão para a pessoal;algodão para uso ;antitranspirantes [produtos de toalete];argila para estética;aromatizadores de ambiente com varetas [difusores de aroma];basma [tintura ];batons para os ,LIVZ,3,s;s s; para s; ;s; s para s da ; para pessoal*;,S
NAMAR BRASIL,40,"alfaiataria;ateliê de costura; de artigo do vestuário sob encomenda; de s;sapateiro, sob medida;trabalho em couro;tratamento de tecidos;",NAMAH,40,de s; customização de s.;,S
AURUM COMÉRCIO DE MATERIAIS MÉDICOS HOSPITALARES,10,aparelhos e instrumentos cirúrgicos;aparelhos e instrumentos s;,AURIUM,44,"assessoria, consultoria e informação no campo da saúde e da medicina;avaliação da capacidade auditiva [audiometria];monitoramento remoto de dados s para diagnóstico e tratamento ;ortofonia [articulação correta das palavras];psicoterapia;serviços de rastreamento de dificuldade de aprendizagem;terapia com música [musicoterapia];",S
MECÂNICA DE MACTECH,37,"assistência técnica e manutenção de [hardware];conserto e manutenção de s audiovisuais eletroeletrônicos;instalação de s;instalação e conserto de ;instalação e reparo de s s;instalação e reparo s;instalação, manutenção e conserto de [hardware];instalação, manutenção e reparo de es;instalação, manutenção e reparo de máquinas e equipamentos de escritório;supressão de interferência em s s;",MARCTEC,9,"acumuladores s;adaptadores s;alarme de segurança;alto-falantes;alto-falantes portáteis;amperímetros;amplificador de som para automóvel;amplificadores;antenas;s s medidores;s para medição;s reguladores, s;atuadores s;balanças;balanças de banheiro;balanças de precisão;bases cooler para laptops;bobina [eletricidade];bobinas elétricas;bornes; para bateria [eletricidade];s coaxiais;s s;caixa de fusíveis [eletricidade];calculadoras de bolso;capacitores [condensadores s];carregadores de energia portáte",S
BASE URBANA,35,comércio [através de qualquer meio] de artigos de chapelaria;comércio [através de qualquer meio] de artigos do ;comércio [através de qualquer meio] de bijuteria;comércio [através de qualquer meio] de bolsas femininas;comércio [através de qualquer meio] de calçados;comércio [através de qualquer meio] de cosméticos;comércio [através de qualquer meio] de malas e bolsas de viagem;comércio [através de qualquer meio] de s;,URBNA,25,calção para banho;calças compridas;camisetas; confeccionado;s casuais;,S
KMEY PARFUM,3,"acetona (removedor de esmalte de unhas);acetona para uso pessoal;adesivos para enfeitar unhas;adstringentes para uso ;água de cheiro;água de colônia [eau de cologne];água de toalete [eaux de toilette];água depilatória;água oxigenada [peróxido de hidrogênio] para uso ;álcool antisséptico em gel para higiene pessoal;algodão para a higiene pessoal;algodão para uso ;almíscar [];âmbar [];antissépticos , para uso ;antitranspirantes [produtos de toalete];argila para estética;aromáticos [s ];basma [tint",KEMEI,3,"para ; para ; s de ; para os s; s para s; s; enxaguantes , para uso ; s; de ; líquida; de ; s de s; s para perfumar; s [].;",S
KMEY PARFUM,3,"acetona (removedor de esmalte de unhas);acetona para uso pessoal;adesivos para enfeitar unhas;adstringentes para uso cosmético; de cheiro; de colônia [eau de cologne]; de toalete [eaux de toilette]; depilatória; oxigenada [peróxido de hidrogênio] para uso cosmético;álcool antisséptico em gel para higiene pessoal;algodão para a higiene pessoal;algodão para uso cosmético;almíscar [perfumaria];âmbar [perfume];antissépticos bucais, para uso medicinal;antitranspirantes [produtos de toalete];argila pa",KEMEI,6,"escoras de metal; fios de metal para atar; chaves de metal; ferragens de metal, pequenas; dispensadores de toalha metálicos; campainhas metálicas de porta, não elétricas; trancas de metal, elétricas; cofres-fortes [metálicos ou não metálicos]; caixas de metal para ferramentas, vazias; obras de arte de metal comum; canos de metal para ; telhados de metal, incorporando células es; materiais de metal para construção; guarnições de metal para móveis.;",S
KMEY PARFUM,3,"acetona (removedor de esmalte de unhas);acetona para uso pessoal;adesivos para enfeitar unhas;adstringentes para uso cosmético;água de cheiro;água de colônia [eau de cologne];água de toalete [eaux de toilette];água depilatória;água oxigenada [peróxido de hidrogênio] para uso cosmético;álcool antisséptico em gel para higiene pessoal;algodão para a higiene pessoal;algodão para uso cosmético;almíscar [perfumaria];âmbar [perfume];antissépticos bucais, para uso medicinal;antitranspirantes [produtos d",KEMEI,7,"aparelhos eletromecânicos para preparar bebidas;aspiradores de pó;batedores elétricos;calandras rotativas portáteis para tecidos;esfregões a vapor;espremedores de frutas elétricos para uso doméstico;máquinas amassadeiras;máquinas de cozinha elétricas;máquinas misturadoras;máquinas para cortar pão;máquinas para lavar [roupas];moedores de café, os operados manualmente;moedores para cozinha, elétricos;processadores de alimentos, elétricos;",S
KMEY PARFUM,3,"acetona (removedor de esmalte de unhas);acetona para uso pessoal;adesivos para enfeitar unhas;adstringentes para uso cosmético;água de cheiro;água de colônia [eau de cologne];água de toalete [eaux de toilette];água depilatória;água oxigenada [peróxido de hidrogênio] para uso cosmético;álcool antisséptico em gel para higiene pessoal;algodão para a higiene pessoal;algodão para uso cosmético;almíscar [perfumaria];âmbar [perfume];antissépticos bucais, exceto para uso medicinal;antitranspirantes [pro",KEMEI,9,cabos de dados; carregadores de energia portáteis; fones de ouvido; alto-falantes inteligentes; s para smartphones; aparelhos de televisão; plugues elétricos [conector macho]; relógios inteligentes; balanças; carregadores de pilhas e baterias; fontes de alimentação portáteis (baterias recarregáveis); aferidores [aferímetro]; cronógrafos [instrumento para medição de tempo]; medidores; suportes de telefone para carros; interruptores elétricos; fechaduras elétricas; es de cabeça para esportes; carr,S
KMEY PARFUM,3,"acetona (removedor de esmalte de unhas);acetona para uso pessoal;adesivos para enfeitar unhas;adstringentes para uso cosmético;água de cheiro;água de colônia [eau de cologne];água de toalete [eaux de toilette];água depilatória;água oxigenada [peróxido de hidrogênio] para uso cosmético;álcool antisséptico em gel para higiene pessoal;algodão para a higiene pessoal;algodão para uso cosmético;almíscar [perfumaria];âmbar [perfume];antissépticos bucais, para uso medicinal;antitranspirantes [produtos d",KEMEI,10,"aparelhos para ; aparelhos elétricos para s para domésticos; s higiênicas; travesseiros soporíferos contra insônia; mamadeiras; aparelho de para os s; aparelho para tratamento estético facial utilizando ondas ultrassônicas; camisas de força; aparelhos de vibro; cadeiras de com aparelhos para embutidos; aparelhos elétricos para tratamento estético facial, vaporizadores faciais; s de led para terapêuticos; óculos.;",S
KMEY PARFUM,3,"acetona (removedor de esmalte de unhas);acetona para uso pessoal;adesivos para enfeitar unhas;adstringentes para uso cosmético;água de cheiro;água de colônia [eau de cologne];água de toalete [eaux de toilette];água depilatória;água oxigenada [peróxido de hidrogênio] para uso cosmético;álcool antisséptico em gel para higiene pessoal;algodão para a higiene pessoal;algodão para uso cosmético;almíscar [perfumaria];âmbar [perfume];antissépticos bucais, exceto para uso medicinal;antitranspirantes [pro",KEMEI,12,"assentos veiculares de segurança para s;bicicletas*;carrinhos de bebê;carrinhos de compras;carros;diciclos elétricos, com direção baseada no autoequilíbrio;estofamentos para veículos;helicópteros de controle remoto com câmera embutida;pneus para rodas de veículo;porta-bagagem para veículos;skates motorizados;veículos elétricos;",S
KMEY PARFUM,3,"acetona (removedor de esmalte de unhas);acetona para uso pessoal;adesivos para enfeitar unhas;adstringentes para uso cosmético;água de cheiro;água de colônia [eau de cologne];água de toalete [eaux de toilette];água depilatória;água oxigenada [peróxido de hidrogênio] para uso cosmético;álcool antisséptico em gel para higiene pessoal;algodão para a higiene pessoal;algodão para uso cosmético;almíscar [perfumaria];âmbar [perfume];antissépticos bucais, exceto para uso medicinal;antitranspirantes [pro",KEMEI,14,chaveiros de bijuteria; enfeites [pingentes] para chaveiros; argolas de metal precioso para chaveiros; chaveiros retráteis; instrumentos cronométricos; relógios de pulso; artigos de joalheria / bijuteria; porta-joias; chaveiros [argolas com pingente ou enfeite ]; emblemas de metal precioso; objetos de arte de metal precioso.;,S
KMEY PARFUM,3,"acetona (removedor de esmalte de unhas);acetona para uso pessoal;adesivos para enfeitar unhas;adstringentes para uso cosmético;água de cheiro;água de colônia [eau de cologne];água de toalete [eaux de toilette];água depilatória;água oxigenada [peróxido de hidrogênio] para uso cosmético;álcool antisséptico em gel para higiene pessoal;algodão para a higiene pessoal;algodão para uso cosmético;almíscar [perfumaria];âmbar [perfume];antissépticos bucais, exceto para uso medicinal;antitranspirantes [pro",KEMEI,16,"artigos de aria;artigos para desenhar;artigos para escrever;cadernos de anotações;caixas de ou ão;canetas [material de escritório];fitas s para aria ou para uso doméstico;material escolar [aria]; *; toalha;ão *;quadros de avisos, de ou ão;sacos [invólucros, sacolas] de ou plástico para embalar;toalhas de , de ;",S
KMEY PARFUM,3,"acetona (removedor de esmalte de unhas);acetona para uso pessoal;adesivos para enfeitar unhas;adstringentes para uso ;água de cheiro;água de colônia [eau de cologne];água de toalete [eaux de toilette];água depilatória;água oxigenada [peróxido de hidrogênio] para uso ;álcool antisséptico em gel para higiene pessoal;algodão para a higiene pessoal;algodão para uso ;almíscar [perfumaria];âmbar [perfume];antissépticos bucais, exceto para uso medicinal;antitranspirantes [produtos de toalete];argila pa",KEMEI,18,"bastões para alpinismo;baús [bagagem];bengalas*;bolsas para campistas;bolsas para carregar bebês [slings];bolsas*;carteiras de bolso;correias para guiar s;cubos de compressão para bagagens [bolsas de compressão];enfeites de couro para móveis;s de s [frasqueiras], vazios;etiquetas de bagagem;guarda-chuva*;mochilas;nécessaires, não adaptadas;roupas para animais de estimação;sacolas de compras reutilizáveis;",S
KMEY PARFUM,3,"acetona (removedor de esmalte de unhas);acetona para uso pessoal;adesivos para enfeitar unhas;adstringentes para uso cosmético;água de cheiro;água de colônia [eau de cologne];água de toalete [eaux de toilette];água depilatória;água oxigenada [peróxido de hidrogênio] para uso cosmético;álcool antisséptico em gel para higiene pessoal;algodão para a higiene pessoal;algodão para uso cosmético;almíscar [perfumaria];âmbar [perfume];antissépticos bucais, para uso medicinal;antitranspirantes [produtos d",KEMEI,20,"aparadores [bufê];arca para ferramentas, não metálicas, vazias;caixas, de metal, para liberação de toalhas de ;carrinhos [mobiliário];cavaletes [mobiliário];cercados para bebê;colchões para acampamento;contêineres não metálicos [armazenagem e transporte];dispensadores não metálicos de toalhas;espelhos;espreguiçadeiras;fechaduras não metálicas, elétricas;ganchos para pendurar bolsas, não metálicos;guarnições não metálicas para móveis;jardineiras [móveis];molduras para quadros;peças de mobiliário;",S
KMEY PARFUM,3,"acetona (removedor de esmalte de unhas);acetona para uso pessoal;adesivos para enfeitar unhas;adstringentes para uso cosmético;água de cheiro;água de colônia [eau de cologne];água de toalete [eaux de toilette];água depilatória;água oxigenada [peróxido de hidrogênio] para uso cosmético;álcool antisséptico em gel para higiene pessoal;algodão para a higiene pessoal;algodão para uso cosmético;almíscar [perfumaria];âmbar [perfume];antissépticos bucais, para uso medicinal;antitranspirantes [produtos d",KEMEI,21,"utensílios de mesa, facas, garfos e colheres; caldeiras [panelas]; caldeirões; panelas não elétricas; grelhas [utensílios para cozinhar]; moedores para cozinha, não elétricos; autoclaves para cozinha, não elétricas; panelas de pressão, não elétricas; batedores não elétricos; chaleiras não elétricas; fritadeiras, não elétricas; utensílios para cozinha; panelas não elétricas para hot pot; frascos de vidro [recipientes]; porcelanas; recipientes para beber; moedores manuais para café; cafeteiras não",S
KMEY PARFUM,3,"acetona (removedor de esmalte de unhas);acetona para uso pessoal;adesivos para enfeitar unhas;adstringentes para uso cosmético;água de cheiro;água de colônia [eau de cologne];água de toalete [eaux de toilette];água depilatória;água oxigenada [peróxido de hidrogênio] para uso cosmético;álcool antisséptico em gel para higiene pessoal;algodão para a higiene pessoal;algodão para uso cosmético;almíscar [perfumaria];âmbar [perfume];antissépticos bucais, exceto para uso medicinal;antitranspirantes [pro",KEMEI,22,"amarrações não metálicas [amarrilhos]; redes de pesca; capas para veículos, não adaptadas; sacos de bivaque como abrigos; lonas de contra poeira; tendas; sacos [invólucros, sacolas] de matéria têxtil, para embalar; redes para dormir; sacos em malha para lavagem de roupa; toldos de matérias têxteis; sacos para roupa suja.;",S
KMEY PARFUM,3,"acetona (removedor de esmalte de unhas);acetona para uso pessoal;adesivos para enfeitar unhas;adstringentes para uso cosmético;água de cheiro;água de colônia [eau de cologne];água de toalete [eaux de toilette];água depilatória;água oxigenada [peróxido de hidrogênio] para uso cosmético;álcool antisséptico em gel para higiene pessoal;algodão para a higiene pessoal;algodão para uso cosmético;almíscar [perfumaria];âmbar [perfume];antissépticos bucais, exceto para uso medicinal;antitranspirantes [pro",KEMEI,24,"roupa de cama; cobertores para uso externo; toalhas de piquenique; toalhas de ; toalhas de de matérias têxteis; toalhas de tecido para secar o ; sacos de dormir; cobertura de tecido para tampo de vaso sanitário; colchas; capas para móveis, de tecido; fazendas não tecidas [não urdidas]; artigos têxteis domésticos.;",S
KMEY PARFUM,3,"acetona (removedor de esmalte de unhas);acetona para uso pessoal;adesivos para enfeitar unhas;adstringentes para uso cosmético;água de cheiro;água de colônia [eau de cologne];água de toalete [eaux de toilette];água depilatória;água oxigenada [peróxido de hidrogênio] para uso cosmético;álcool antisséptico em gel para higiene pessoal;algodão para a higiene pessoal;algodão para uso cosmético;almíscar [perfumaria];âmbar [perfume];antissépticos bucais, para uso medicinal;antitranspirantes [produtos d",KEMEI,28,"jogos; s; bolas para brincadeiras e jogos; aparelhos para musculação; joelheiras para uso esportivo; aparelhos para exercícios físicos; apetrechos de pesca; bicicletas fixas para exercício; patins em linha; skates; robôs de ; s inteligentes; decorações para árvores de natal, luzes, s e confeitos.;",S
UNIO SAÚDE,36,"de cartão de afinidade [serviço de crédito]; de convênio médico-hospitalar; de seguro-saúde;, e sobre planos de saúde;, e sobre seguros de saúde;cobertura de seguro médico para viajante [seguro-saúde];comercialização de seguro saúde;fornecimento de descontos a estabelecimentos de terceiros através do uso de cartão de associado;plano de saúde, venda e ;seguros de saúde;venda e de plano funerário;",UNO,36,"de assuntos financeiros; financeira;análise financeira; financeira;, e em de riscos financeiros;, e em fundo de investimentos;, e em investimentos;, e em planejamento financeiro;, e na área econômico-financeira;, e financeiras prestadas a investidores;informe financeiro relacionado à econômico-financeira;investimentos de capital [finanças];provimento de financeiras;",S
CONSTRUTORA KASAFLEX,37,*; e de obra civil; e em de alvenaria; na área de civil;,CASA FLEX FORROS & DECORAÇÕES,37,"assessoria, e informação em pintura de prédios;assessoria, e informação em serviços de revestimentos; e em de piso;ferramentaria manual [, montagem e ];instalação de portas e janelas;instalação de serviços básicos de infraestrutura em locais de ;instalação, manutenção e reparo de máquinas;pintura ou reparo de letreiros;pintura, de interior e de exterior;serviços de pinturas viárias;",S
RESTAURANTE CANAÃ,40,beneficiamento de alimentos;congelamento de alimentos;conservação de alimentos e bebidas;defumação de alimentos;esterilização de alimento;irradiação de alimentos;pasteurização de alimentos e bebidas;,APIÁRIOS CANNÃ,35,comércio [através de qualquer meio] de produtos alimentícios [doces];,S
RESTAURANTE CANAÃ,40,beneficiamento de alimentos;congelamento de alimentos;conservação de alimentos e bebidas;defumação de alimentos;esterilização de alimento;irradiação de alimentos;pasteurização de alimentos e bebidas;,APIÁRIOS CANNÃ,42,fornecimento de mecanismos de busca para a internet;sites de busca [fornecimento de mecanismos de busca na internet];,S
LENHADOR BURGUER,40,beneficiamento de alimentos;congelamento de alimentos;conservação de alimentos e bebidas.;,OLENHADOR BURGUER E GRILL,35,comércio [através de qualquer meio] de produtos alimentícios [carnes vermelhas]; comércio [através de qualquer meio] de produtos alimentícios [massas]; comércio [através de qualquer meio] de produtos alimentícios [pães]; comércio [através de qualquer meio] de produtos alimentícios [refeições congeladas]; comércio [através de qualquer meio] de produtos alimentícios [sanduíches]; comércio [através de qualquer meio] de produtos alimentícios [sorvetes]; comércio [através de qualquer meio] de produto,S
LENHADOR BURGUER,40,beneficiamento de alimentos;congelamento de alimentos;conservação de alimentos e bebidas.;,OLENHADOR EMPÓRIO,35,comércio [através de qualquer meio] de produtos alimentícios [carnes vermelhas]; comércio [através de qualquer meio] de produtos alimentícios [massas]; comércio [através de qualquer meio] de produtos alimentícios [pães]; comércio [através de qualquer meio] de produtos alimentícios [refeições congeladas]; comércio [através de qualquer meio] de produtos alimentícios [sanduíches]; comércio [através de qualquer meio] de produtos alimentícios [sorvetes]; comércio [através de qualquer meio] de produto,S
M MIRANTE&#39;S,43,"serviços prestados por s e similares, a saber: fornecimento de alimentos e bebidas em geral, prontos para o consumo servidos por garçons ou em buffet, em quantidade e em porções. preparo em geral de assados e cozidos. pizzas, galetos e seus acompanhamentos; também pizzas e massas em geral, rodízio e a lacart (ing.); chops, cervejas, drinks e bebidas destiladas, não destiladas, gasosas e não gasosas em geral. choperia.;",BAR DO MIRANTE,43,serviços de bar;serviços de cafés [bares];serviços de s;,S
BRAZUKA SUSHI,39,entrega de refeições [delivery].;,DISTRIBUIDORA BRAZUKA'S PRODUTOS ALIMENTÍCIOS,30,temperos;,S
CABANA&#39;S LANCHES,40,beneficiamento de alimentos;congelamento de alimentos;conservação de alimentos e bebidas;,CABANA CHARCUTARIA ARTEZANAL LTDA,29,charcutaria;charque [carne salgada e seca];charque ou carne seca;,S
EQUILIBRIUS SUPLEMENTO VITAMÍNICO E MINERAL A-Z,35,"comercio, importação e exportação de suplementos vitaminicos e minerais.;","INSTITUTO EQUILLIBRIUM PSICOLOGIA, SAÚDE E EDUCAÇÃO",44,"orientação psicológica;psicometria [medida da duração e da intensidade de processos mentais, por meio de métodos padronizados];psicopedologia [estudo da atividade psíquica infantil];psicoterapia;serviços de psicólogos;serviços psicológicos prestados a título de assistência social;terapia ocupacional [serviços psicológicos];",S
JUJUBA CAKES,39,"armazenagem, embalagem e entrega de mercadorias [produtos alimentícios] a saber: bolos, s e salgados desde que incluídos nesta classe.;",JUJUBA´S DIAS GOURMET,30,"chocolate;chocolate em pó [para uso na culinária, exceto para fabricação de bebidas];coxinha de galinha [salgadinho]; à base de leite em pó; de leite;s [confeitos];gelados comestíveis;sorvetes;tortas [s e salgadas];geladinho gourmet, salgados;",S
PRADO NEGÓCIOS IMOBILIÁRIOS,45,"serviços s para a regularização imobiliária; serviços s para a regularização de imóveis; , e s regularização de imóveis desde que incluídos nesta .;",DO PRADO ADVOCACIA E CONSULTORIA JURÍDICA,45,"serviços prestados por entidades de representação de , a saber, aos associados; serviços prestados por entidades de representação de , a saber; serviços prestados por entidades de representação de , a saber; serviços prestados por entidades de representação de , a saber, de uma determinada ; serviços prestados por entidades sindicais, a saber, aos seus associados; serviços prestados por entidades sindicais, a saber.;",S
MINEIRO&#39;S.RP ESPETOS & PORÇÕES BAR,43,serviços de bar;serviços de cafés [bares];serviços de s;serviços de s;serviços de s de autosserviço;serviços de s para retirada;,MINEIRO'S BURGER,43,serviços de s;serviços de s;,S
PEPPI PIZZA,40,beneficiamento de s;congelamento de s;conservação de s e s;,PEPIS PANINI,43,"serviços de alimentação; serviços de restaurante, lanchonete e cafeteria; preparo e fornecimento de s e s para consumo no local e para entrega (delivery); serviços de take-away; comercialização de sanduíches, panini e produtos de culinária italiana.;",S
SERVTEC ENERGIA SOLAR,9,"acumuladores elétricos;aparelho de medição de temperatura;aparelho para produção, distribuição e conversão de energia elétrica;aparelhos elétricos medidores;aparelhos elétricos para controle;s solares;células fotovoltaicas;conversores elétricos;indicadores de nível de água;indicadores de temperatura;instrumento de controle para caldeira;instrumentos para controle de caldeira;painéis solares para produção de eletricidade;placas para s;recarregador de energia [];resistências elétricas;resistor [re",SERVTEC HR ELECTRONIC SERVICIO TÉCNICO DE TELEFONOS,37,instalação e conserto de telefone;instalação e reparo telefones;serviços de recarga de para telefones celulares;,S
CARAMELLE CAFÉ,40,"beneficiamento de alimentos; beneficiamento de cereal; congelamento de alimentos; conservação de alimentos e bebidas; moagem de farinha; moagem de café; fabricação de pães, s e s sob encomenda, desde que incluídos nesta classe.;",CARAMELLA CANDY,30,"s;brigadeiro [ à base de leite condensado e chocolate];chocolate;decorações, à base de confeitos, para s;decorações, feitas de chocolate, para s;mousses de chocolate;pastas à base de chocolate;pipoca;pipoca [pronta];pipoca salgada [pronta];",S
MARIELA MODAS,35,"comércio (s de qualquer meio) de alfinetes e agulhas [s de armarinho]; comércio (s de qualquer meio) de s de cama, mesa e banho; comércio (s de qualquer meio) de s do ; comércio (s de qualquer meio) de s e produtos confeccionados de couro e imitações de couro; comércio (s de qualquer meio) de s e produtos confeccionados de peles de animais; comércio (s de qualquer meio) de ; comércio (s de qualquer meio) de botões [s de armarinho]; comércio (s de qualquer meio) de colchetes e ilhoses [s de armar",USE MARIELLE MODA FEMININA,35,comércio [s de qualquer meio] de s do ;comércio [s de qualquer meio] de ;comércio [s de qualquer meio] de calçados;comércio [s de qualquer meio] de s;,S
SB STEFANY BORDADOS,35,"assessoria, consultoria e informação ao consumidor sobre produtos e respectivos preços, através de websites, em conexão com comércio realizado pela internet;assessoria, consultoria e informação em gestão de negócios e comercialização de produtos sob contrato de franquia;comércio (através de qualquer meio) de s de cama, mesa e ;comércio (através de qualquer meio) de s do ;comércio (através de qualquer meio) de malas e bolsas de viagem;comércio [através de qualquer meio] de bolsas femininas;demons",S STEFANO,25,s de malha [];bermuda para prática de esporte;blazers [];bonés;cachecóis;calçados*;calças compridas;calções de ;camisas*;camisetas;casacos [capotes];chinelo [ comum];cintos [];cuecas;malhas [];meias*;roupa íntima; *;,S
SB STEFANY BORDADOS,35,", e ao consumidor sobre s e respectivos preços, s de websites, em conexão com comércio realizado pela internet;, e em de s e de s sob de ;comércio (s de qualquer meio) de s de cama, mesa e banho;comércio (s de qualquer meio) de s do ;comércio (s de qualquer meio) de malas e bolsas de viagem;comércio [s de qualquer meio] de bolsas femininas;demonstração de s;franchising [ pelo qual empresa detentora de uma marca registrada, processo patenteado de produção ou direitos similares concede a outras em",S STEFANO,35,", e em de s e de s sob de ;, e na implantação e viabilização de de ;comércio [s de qualquer meio] de s de chapelaria;comércio [s de qualquer meio] de s do ;comércio [s de qualquer meio] de calçados;comércio [s de qualquer meio] de roupas;",S
VALORIZA REAL ESTATE,35,"gestão de franquia no ramo imobiliário; serviço de disponibilização via internet de portal de anúncios; serviço de disponibilização na internet de de s de imóveis com o objetivo de promover vendas com desconto; serviço de disponibilização na internet de filmes para divulgação de imóveis [serviço de publicidade e propaganda]; gestão e administração de negócios desde que incluídos nesta classe. [para todos os itens, excluídos quaisquer serviços imobiliários];",VALORI BANK,38,"fornecimento de mecanismos de busca para a obtenção, manutenção e distribuição de s a partir de um de s localizado em uma rede mundial de computadores [provimento de acesso a um website];provimento de informações sobre telecomunicações;provimento de acesso a de s;provimento de acesso à rede global de computadores;provimento de fóruns on-line;provimento de salas de bate-papo;provimento de salas de bate-papo em ambientes virtuais;transmissão de arquivos digitais;transmissão por satélite;",S
SOLUTION COSMETICS,3,"adstringentes para uso ; água oxigenada [peróxido de hidrogênio] para uso ; algodão para uso ; batons para os lábios; brilho para os lábios; cera para bigode; cera para depilação; cílios postiços; colorantes para toalete; condicionadores para cabelos; s; s para as sobrancelhas; s para os cílios; cremes s; cremes para clarear a pele; decalques decorativos para uso ; desodorantes [perfumaria]; esmalte para unhas; estojos de s [kits de s]; géis de massagem, exceto para uso medicinal; geleia de petr",SOLUTTY COSMÉTICOS,3,s;,S
BETO PIZZARIA,43,serviços de restaurantes;,BET PIZZAS,43,pizzaria com serviços que envolvem a preparação e o fornecimento de refeições e bebidas para consumo e retirada;,S
DELÍCIAS DO AÇAÍ,40,beneficiamento de alimentos;congelamento de alimentos;conservação de alimentos e s;extração de suco de frutas;,DELÍCITAS DE AÇAÍ AÇAÍTERIA E SORVETERIA,30,"açaí na tigela [sorbet cremoso servido na tigela, à base de polpa congelada de açaí e xarope de guaraná];s à base de chá;s à base de chocolate;s de cacau com leite;s de chocolate com leite;casquinha para sorvete;chocolate;creme de açaí congelado batido com xarope de guaraná;iogurte gelado [sorvete à base de iogurte];soft-serve sorvete de açaí [sorvete mais macio e menos denso de açaí];sorbet de açaí [sorbet cremoso à base de polpa congelada de açaí e xarope de guaraná] com granola;sorvete de aça",S
MAG EXPECTOR,5,absorvente para incontinência urinária;absorvente para uso pós-operatório;absorvente para uso pós-parto;absorventes higiênicos externos para menstruação;absorventes higiênicos internos;absorventes internos para menstruação;acetato de alumínio para uso farmacêutico;acetatos para uso farmacêutico;ácido gálico para uso farmacêutico;ácidos para uso farmacêutico;açúcar de farmácia para uso medicinal;açúcar de leite para uso farmacêutico;adesivo odontológico;adesivos para dentaduras;adesivos transdérm,MAG-3 COMPLEX,5,"em , por bisglicinato, malato e taurato para auxiliar na saúde óssea, cerebral e energia.;",S
MAG EXPECTOR,5,absorvente para incontinência urinária;absorvente para uso pós-operatório;absorvente para uso pós-parto;absorventes higiênicos externos para menstruação;absorventes higiênicos internos;absorventes internos para menstruação;acetato de alumínio para uso farmacêutico;acetatos para uso farmacêutico;ácido gálico para uso farmacêutico;ácidos para uso farmacêutico;açúcar de farmácia para uso medicinal;açúcar de leite para uso farmacêutico;adesivo odontológico;adesivos para dentaduras;adesivos transdérm,MAG-3 COMPLEX,35,"comércio [através de qualquer meio] de em , por bisglicinato, malato e taurato para auxiliar na saúde óssea, cerebral e energia.;",S
ÂMBITO ENGENHARIA GEOTECNOLOGIAS E SOLUÇÕES AMBIENTAIS,42,", e informação .;",ÂMBITTA SOLUÇÕES AMBIENTAIS,42,licença prévia; licença de instalação; licença prévia e de instalação unificadas; licença de operação; licença de operação de regularização; dispensa de licença ?; tratamento de água? e ?tratamento de efluente industrial?;,S
IMPERIUM LANCHES,39,entrega de refeições [delivery];,IMPÉRIO FOODS,43,"churrascaria [restaurante];intermediação de serviços de fornecimento de comida e bebida materiais, por meio de um ambiente virtual;intermediação de serviços de fornecimento de comida e bebida, por meio de aplicativo;serviços de lanchonetes;serviços de restaurantes;",S
DINÂMICA SOLAR,11,"aquecedores de água;banheiras;coletores solares [aquecimento];ofurôs e spas; aquecimento a gás; cisternas( tanques de água), desde que incluídos nesta classe.;",DYNAMIS SOLLAR,42,projeto de geração de energia elétrica;,S
ANÁLISES LABORATÓRIO DE ANÁLISES CLÍNICAS,44,", em , de para /veterinária; [ ]; de ;",ANALISA LABORATÓRIO,44,"aconselhamento em questões de saúde;assessoria, consultoria e informação ;, em , de para ;enfermagem []; [ ]; de seqüência genética; médico para fins de liberação de quarentena; patológico para diagnóstico e tratamento médico;s médicos;s médicos de rastreamento;s toxicológicos em participantes de esportes para verificar o uso de substâncias que melhoram o desempenho;investigação de paternidade []; de ;serviços de s s fornecidos por s médicos para fins de diagnóstico e tratamento;serviços de aval",S
R REAL INFINITY CONFECÇÕES,25,"agasalhos para as mãos; anáguas; s de malha [vestuário]; aventais [vestuário]; bandanas; bermudas; blazers [vestuário]; bolsos; bonés; cachecóis; calçados *; camisas; camisetas; capuzes [vestuário]; casacos [vestuário]; ceroulas; chapéus, bonés etc; cintas [roupa íntima]; cintos [vestuário]; colarinhos [vestuário]; coletes; coletes [roupa íntima]; combinação [roupa íntima]; combinações [vestuário]; confeccionado (vestuário -); confeccionados (forros -) [parte de vestuário]; corpete; cuecas; enxo",INFINITY GLOVES,35,comércio [através de qualquer meio] de s para de s;,S
R REAL INFINITY CONFECÇÕES,25,"s para as mãos; anáguas; s de []; []; bandanas; s; blazers []; bolsos; bonés; cachecóis; dos *; s; s; capuzes []; s []; ceroulas; chapéus, bonés etc; cintas [ ]; cintos []; colarinhos []; coletes; coletes [ ]; combinação [ ]; combinações []; confeccionado ( -); confeccionados (forros -) [parte de ]; corpete; cuecas; enxovais de bebês; espartilhos; s []; forros confeccionados [parte de ]; gorros; gravatas; (s -); ( -); s; s []; s [s]; s de pescoço; ligas; lingerie (fr.); s []; s []; meias; paletó",INFINITY BLUE,25,"s para os pés, aquecidos eletricamente ou não;s de []; [];-; para de ; para equitação;calção para ;s s;s de montaria;calções de ;calções de [s];s de manga curta;s desportivas;s*;s;s regata para a de s;;s [capotes];s [s];s de ;coletes*;s [];s para a cabeça [];jaleco;s [];s [s];s de cabeça;s de pescoço*;s [];s de ciclismo;s de ioga;macacões;s [];mantilhas;máscaras faciais [], exceto para fins médicos ou sanitários;máscaras para dormir;meias*;pantufas;s;rash guards [ de compressão para esportiva]; ",S
AMOR DE SALGADO,30,"cheeseburgers [s]; empadas [tortas]; pãezinhos; pão; pizzas; quiches; s; tortas; crepe; empada; empadão; esfiha; pastel; quibe; , exceto croquete; tortas [s e salgadas]; s;",AMORIM ALIMENTOS,35,administração comercial;assessoria em gestão comercial ou industrial;assessoria em gestão industrial ou comercial;comércio [através de qualquer meio] de produtos alimentícios [aves e ovos];comércio [através de qualquer meio] de produtos alimentícios [s];comércio [através de qualquer meio] de produtos alimentícios [bolos];comércio [através de qualquer meio] de produtos alimentícios [carnes vermelhas];comércio [através de qualquer meio] de produtos alimentícios [cereais];comércio [através de qualq,S
CASA DO GESSO,19,divisórias não s; estuque [gesso] *; forros [revestimentos] não metálicos para ; gesso [gipsita]; molduras não s para ; sanca;,CASA GESSO,35,comércio [através de qualquer meio] de aparelhos de iluminação;comércio [através de qualquer meio] de artigos de ferragem;comércio [através de qualquer meio] de artigos de iluminação;comércio [através de qualquer meio] de s transportáveis;,S
VIANA ESQUADRIAS EM ALUMÍNIO,6,esquadros de metal para ; janelas de metal; de metal para ; portas de metal *.;,VIANA MIX CONSTRUÇÕES E VENDAS,35,comércio [através de qualquer meio] de de metálicos;comércio [através de qualquer meio] de de não metálicos;comércio [através de qualquer meio] de tubos rígidos não metálicos para a ;serviços de gestão de negócios para projetos de ;,S
MM MARCIEL CONSTRUÇÃO E REFORMA,35,agenciamento de mão-de-obra;fornecimento de mão-de-obra [terceirização];serviços de gestão de negócios para s de ;terceirização [fornecimento de mão-de-obra];,MACIEL EDIFICA,42,"assessoria, consultoria e informações sobre arquitetura;assessoria, consultoria e informações sobre de estrutura predial [engenharia];concepção de protótipo [elaboração de ];concepção e s de maquetes e protótipos;consultoria em arquitetura;criação e de planta para ;desenho de plantas para ;perícia [engenharia];perícia técnica na área de arquitetura;perícia técnica na área de engenharia;pesquisas no campo de de edificações; de arquitetura; de engenharia civil; de engenharia de qualquer natureza;s",S
PENSE FIT,43,serviço de bufê;serviços de bar;serviços de cantinas;serviços de lanchonetes;serviços de s;serviços de s de autosserviço;serviços de s para ;,PENSE BURGUER,43,serviços de s para ;,S
VIANNA ENGENHARIA CIVIL,42,"assessoria, consultoria e informações sobre de estrutura predial [engenharia];assessoria, consultoria e informações sobre engenharia;assessoria, consultoria e informações sobre pesquisas no campo de engenharia genética;cálculo e dimensionamento na área de engenharia;criação e de planta para ;desenho de plantas para ;engenharia;pesquisas no campo de de edificações; de engenharia civil; de engenharia de qualquer natureza;",VIANA MIX CONSTRUÇÕES E VENDAS,35,comércio [através de qualquer meio] de materiais de metálicos;comércio [através de qualquer meio] de materiais de não metálicos;comércio [através de qualquer meio] de tubos rígidos não metálicos para a ;serviços de gestão de negócios para s de ;,S
EMPÓRIO DONA MITA,29,"arranjos de frutas processadas; cascas [raspas] de frutas; compotas; compotas de gengibre; consomê; consomês concentrados; frutas cobertas com açúcar; frutas congeladas; frutas conservadas em álcool; frutas cozidas; frutas cristalizadas; frutas do bosque em calda; frutas em conserva; frutas enlatadas; frutas, legumes e verduras cozidos; verduras e legumes em conserva; frutas, legumes e verduras secos; geleias de frutas; geleias de frutas cítricas; geleias para uso alimentar; pasta de abobrinha; ",DONALITA NATURAIS,35,comércio [através de qualquer meio] de alfinetes e agulhas [artigos de armarinho];comércio [através de qualquer meio] de botões [artigos de armarinho];comércio [através de qualquer meio] de colchetes e ilhoses [artigos de armarinho];comércio [através de qualquer meio] de óleos essenciais;comércio [através de qualquer meio] de óleos alimentícios;comércio [através de qualquer meio] de produtos alimentícios [cereais];comércio [através de qualquer meio] de produtos alimentícios [s];comércio [através,S
COSTUMAQ COMERCIO DE MÁQUINAS DE COSTURA E BORDADOS,35,"assessoria, consultoria e informação em gestão de negócios e comercialização de produtos sob contrato de franquia; franchising [sistema pelo qual empresa detentora de uma marca registrada, processo patenteado de produção ou direitos similares concede a outras empresas licença de utilização dessas marcas ou processos, sob certas condições ? administração de negócios]; gestão de franquia; assessoria, consultoria e informação ao consumidor sobre produtos e respectivos preços, através de websites, e",COSTAMAQ MÁQUINAS E USINAGEM,7,laminadores; para lapidação de pedra;s de corte para ajuste de tamanho para fins industriais;s fresadoras;s perfuradoras;matrizes de corte [s industriais];motores e s hidráulicas;pedras para amolar [s de s];plainas para alisar;prensas [s para uso industrial];tornos mecânicos [s-ferramentas];,S
É DE CASA ED,37,de estofamento;higienização de estofamento;lavagem;lavagem a seco;lavagem a vapor;lavanderia;,É DI CASA STORE,21,"abafadores para chaleiras;abotoadeiras;abridores de garrafas, elétricos e não elétricos;açucareiros;adornos para centros de mesa;aeradores de vinho;almofarizes para uso na cozinha;almotolia [vasinho de argila];amassadeira não elétrica;ampolas de vidro [recipientes];anilhos para aves;anilhos para aves domésticas;apagadores de velas;apanha-migalhas;aparelho ou dispositivo para matar ou repelir inseto, exceto ferramenta manual;aparelho para absorver fumaça para uso doméstico;aparelhos cosméticos pa",S
K KOMILÃO LANCHES MG,35,"assessoria, consultoria e informação em gestão de negócios e empresas; comercialização de produtos sob contrato de franquia; franchising [sistema pelo qual empresa detentora de uma marca registrada, processo patenteado de produção ou direitos similares concede a outras empresas licença de utilização dessas marcas ou processos, sob certas condições - administração de negócios]; gestão de franquia; assessoria, consultoria e informação ao consumidor sobre produtos e respectivos preços, através de w",AÇAI KOMELÃO,43,serviços de cantinas;serviços de lanchonetes;,S
REFORTEC CONSTRUÇÃO E REFORMAS,37,"aluguel de de trução;assentamento de tijolos;, ultoria e em aluguel de s para trução;, ultoria e em truções;, ultoria e em serviços de revestimentos;, ultoria e em supervisão de trução;trução *;trução e reparação de obra civil;trução e reparação em colocação de alvenaria;trução e reparação em colocação de calha;trução e reparação em colocação de piso;trução e reparação em colocação de tela;ultoria na área de trução civil;ferramentaria manual [reparação, montagem e trução];instalação de serviços ",RFORTE AGRONEGÓCIO,35,", ultoria e ao umidor produtos e respectivos preços, através de websites, em conexão com comércio realizado pela internet; de de negócios através de um website;representação comercial;comércio (através de qualquer meio) de máquinas, aparelhos e s para uso agropecuário; partes, peças, componentes e acessórios; ferragens e ferramentas; materiais de trução; defensivos agrícolas, adubos, fertilizantes e corretivos do solo; medicamentos de uso veterinário; insumos agropecuários; materiais hidráulicos",S
KI SAPORE PIZZERIA E HAMBURGUERIA,43,serviços de bar; serviços de lanchonetes; serviços de restaurantes;,KISABOR GELADINHO GOURMET,30,frozen yogurt [sorvete à base de iogurte];frozen yogurt [sorvete à base de iogurte] de açaí;gelados comestíveis;iogurte congelado [sorvete à base de iogurte];iogurte gelado [sorvete à base de iogurte];sorvete de açaí;sorvetes;,S
VÁ BELLA,35,comércio [através de qualquer meio] de s do ;comércio [através de qualquer meio] de roupas;,VI BELA,35,comércio (físico e online) de acessórios para cabeça [chapelaria]; botas de cano curto; s de malha []; botas *; botas de cano médio; sapatos *; calçados de madeira; calçados *; camisas; camisetas; casacos [jaquetas]; chinelos [pantufas]; chinelos de banho; cintos []; coletes; combinações []; faixas []; faixas para a cabeça []; gáspeas para sapatos; camisas;,S
ÁREA 44 ACADEMIA,41,"de dança;s [educação];assessoria, consultoria e informação em educação [instrução];assessoria, consultoria e informação em educação física;assessoria, consultoria e informação em [demonstração][ensino];assessoria, consultoria e informação ensino;aulas de ;aulas particulares;avaliação de aptidão física para fins de ;coaching [];cursos livres [ensino];educação física;ioga e iogaterapia, sendo atividades desenvolvidas em s de ;organização de competições [educação ou entretenimento];organização de c",ARENA 54,41,serviços de de [ e para a ];,S
SOMOS BRASIL CONACON CONGRESSO NACIONAL CONSERVADOR,41,", e em atividades desportivas e culturais;, e em [];, e em entretenimento [lazer];, e em [][]; [];guias eletrônicos, revistas, jornais e boletins oferecidos ao consumidor online [somente para acesso, sem possibilidade de download]; de exposições para fins culturais ou educativos; de programas de intercâmbio cultural e educativo.; e de colóquios; e de conferências; e de congressos; e de s de []; e de s; e de simpósios; [];provimento de sobre entretenimento [lazer];provimento de instalações despor",CONCANN - CONGRESSO NACIONAL DE CANNABIS MEDICINAL,41,", e em [];, e em [][];, e ; []; e de s de []; [];serviços de ; de cursos, s, palestras e s.;",S
VILLA BOOM,41,"aluguel de salão de festas;decoração de festas, cerimônias e eventos;organização e realização de eventos de entretenimento;promotor de eventos [se artísticos/culturais];provimento de informações sobre entretenimento [lazer];serviços de entretenimento;",CASA BLOOM,43,serviço de bufê;,S
ALPHA,35,", , organização de s no ramo imobiliário; funções de escritório; de s; de e de aconselhamento a consumidores para escolha de serviços; do de serviços de terceiros; emissão e compilação de documentos para s na área imobiliária; , e organização de feiras para fins ou publicitários no ramo imobiliário; e em marketing relativas a promoção de serviço de terceiros; marketing e publicidade para o setor imobiliário, desde que incluídos nesta classe.;",ALFA,35,";, e em de s e ização de produtos sob contrato de ;, e na implantação e viabilização de sistema de ;, e franchising [ ];comércio [através de qualquer meio] de artigos de chapelaria;comércio [através de qualquer meio] de artigos do vestuário;comércio [através de qualquer meio] de artigos para prática de esportes;comércio [através de qualquer meio] de bolsas femininas;comércio [através de qualquer meio] de calçados;comércio [através de qualquer meio] de imitações de couro;comércio [através de qual",S
BRAVEC,35,"assessoria, consultoria e informação em gestão de negócios e empresas; comercialização de produtos sob contrato de franquia; franchising [sistema pelo qual empresa detentora de uma marca registrada, processo patenteado de produção ou direitos similares concede a outras empresas licença de utilização dessas marcas ou processos, sob certas condições - administração de negócios]; gestão de franquia; assessoria, consultoria e informação ao consumidor sobre produtos e respectivos preços, através de w",BRAVA,33,"aguardente de cana; energética alcoólica; fermentada alcoólica;s à base de vinho;s alcoólicas contendo frutas;s alcóolicas prontas;s alcoólicas, exceto cerveja;s destiladas;caipirinha;caipirosca [ alcoólica à base de vodca];destiladas [s alcoólicas] [espirituosas];digestivos [licores e destilados];essência alcoólica para fazer s;essências alcoólicas;extratos alcoólicos;gim;licores;rum;sidra;sidra [ alcoólica];uísque;vinho;vinho de fruta;vodca;",S
BRAVEC,35,"assessoria, consultoria e informação em gestão de negócios e empresas; comercialização de produtos sob contrato de franquia; franchising [sistema pelo qual empresa detentora de uma marca registrada, processo patenteado de produção ou direitos similares concede a outras empresas licença de utilização dessas marcas ou processos, sob certas condições - administração de negócios]; gestão de franquia; assessoria, consultoria e informação ao consumidor sobre produtos e respectivos preços, através de w",BRAVA,32,água mineral [];águas [s]; energética não alcoólica; fermentada não alcoólica;s energéticas;s isotônicas;s não alcoólicas;cerveja;coquetéis não alcoólicos;essências não alcoólicas para fazer s;extratos de fruta não alcoólicos;guaraná [ não alcoólica];limonadas;pó para suco;refrigerante [];sidra não alcoólica;substância para fazer não alcoólica;suco de fruta;xarope de fruta;xaropes para s;,S
URBAN STYLE,40,alfaiataria;ateliê de costura;confecção de artigo do sob encomenda;confecção de s;montagem de materiais sob encomenda de terceiros;serviços de bordar;trabalho em couro;,URBNA,25,calção para banho;calças compridas;camisetas; confeccionado;s casuais;,S
PONTO 41,43,serviços de bar;serviços de lanchonetes;serviços de restaurantes;serviços de restaurantes de autosserviço;,PONTO 50,32,bebida energética não alcoólica;,S
MK HAUS ENGENHARIA,37,", e em ;, e em de de ;, e em de s;, e em serviços de s;, e em de ; de papel de parede; de e pedra; *; e de ; e em de ; e em de ; e em de cerca de arame; e em de ; e em de ; e em de tela; na de ; de ;impermeabilização em ; de serviços s de em de ; e de a gás; e de s; e de s;pavimentação de rua;, de e de ;provimento de sobre ;serviços de ;serviços de s;serviços de ;serviços de ;serviços de ; de s de ;;serviços de ;",S.HAUS ENGENHARIA,37,"aluguel de equipamento de ;aplicação de estaca tipo mega para eliminação de rachadura e trinca em urbano e rural;aplicação de tinta e impermeabilizante;asfaltamento;assentamento de tijolos;, e em ;, e em de de ;, e em de s;, e em serviços de s;, e em de ; *; de fábrica; de fábricas; e de ; e em de ; e em de ; e em de ; e em de ; na de ; de ; de serviços s de em de ; e de a gás; e de s; e de s;montagem de casas pré-fabricadas;, de e de ;serviços de ;serviços de bombeiro hidráulico;serviços de car",S
TECA,35,"assessoria promocional, consultoria e informação sobre propaganda;assessoria, consultoria e informação em marketing;assessoria, consultoria e informação em negócios relacionados à estratégia, marketing, produção, pessoal e assuntos relativos ao comércio varejista;assessoria, consultoria e informação em publicidade e propaganda s de qualquer meio;marketing;marketing por meio da colocação de produtos para terceiros em ambientes virtuais;organização de eventos para fins publicitários e/ou comerciai",TUDO TECA,35,"comércio [s de qualquer meio] de aparelhos de iluminação;comércio [s de qualquer meio] de aparelhos de locomoção por terra, por ar ou por água;comércio [s de qualquer meio] de aparelhos de refrigeração;comércio [s de qualquer meio] de aparelhos de secagem;comércio [s de qualquer meio] de aparelhos de ventilação;comércio [s de qualquer meio] de s de ferragem;comércio [s de qualquer meio] de s de iluminação;comércio [s de qualquer meio] de s de joalheria;comércio [s de qualquer meio] de s de reloj",S
NOBEKO,25,agasalhos para as mãos;s de ;s de []; [];baby-doll;bermuda para prática de esporte;bermudas;biquíni;s [];boá [estola de plumas]; [ ];bonés;cachecóis;cachenês;s *;calção para ;calças compridas;calcinhas;calções de ;calções de [sungas];camisas;camisas de manga curta;camisas ds;camisetas;camisetas regata para a prática de esportes;camisola;canga;es [];carapuça [barrete cônico; gorro];casacos [jaquetas];ceroula;s []; [ ];s [pantufas];s [ ];s liga;s [];s -s [];s [];s postiços;s;s [ ]; [ ]; [];corpete,NOBUCO,25,"armações de s;s de ;s de []; [];bandagem elástica [];s []; [ ];s para s; esportivo; para uso profissional;s de madeira;s para snowboarding;s*;es [];s [];s de papel [];s de piaçava; [ ];s [ ];s [];s -s [];s [];s [ ]; [ ]; [];enxovais para recém-nascidos [];s [];s [];s para a [];s [s];s de carnaval [];s de carnaval [];forros s [ de ];s [];s []; [];s [];s [];s faciais [], exceto para fins médicos ou sanitários;mitras [s];s [];s []; []; ; descartável; para ;s de ;s de ;s de de ;s de ;s s com sensore",S
NODAN,35,"assessoria, consultoria e informação em gestão de negócios e comercialização de produtos sob contrato de franquia; franchising [sistema pelo qual empresa detentora de uma marca registrada, processo patenteado de produção ou direitos similares concede a outras empresas licença de utilização dessas marcas ou processos, sob certas condições ? administração de negócios]; gestão de franquia; assessoria, consultoria e informação ao consumidor sobre produtos e respectivos preços, através de websites, e",NORDIAN,9,receptores gnss/gps de posicionamento de precisão; antenas gnss/gps; aparelhos e instrumentos de navegação e posicionamento por satélite; dispositivos eletrônicos de comunicação de dados para uso em campo; gateways de conectividade; roteadores e modems para comunicação de dados; leitores [s de processamentos de dados];,S
NODAN,35,"assessoria, consultoria e informação em de negócios e ização de produtos sob contrato de franquia; franchising [sistema pelo qual empresa detentora de uma marca registrada, processo patenteado de produção ou direitos similares concede a outras empresas licença de utilização dessas marcas ou processos, sob certas condições ? administração de negócios]; de franquia; assessoria, consultoria e informação ao consumidor sobre produtos e respectivos preços, s de s, em conexão com comércio realizado pel",NORDIAN,35,"serviços de venda (varejo) via de receptores gnss/gps de posicionamento de precisão e antenas gnss; serviços de ização via de planos/assinaturas de dados de correção gnss e de acesso à para uso em campo; de assinaturas e faturamento de pacotes de dados; comércio [s de qualquer meio] de componentes eletrônicos, s de telefonia e comunicação, máquinas, s, partes e peças para uso ;",S
NODAN,35,"assessoria, consultoria e informação em gestão de negócios e comercialização de produtos sob contrato de franquia; franchising [sistema pelo qual empresa detentora de uma marca registrada, processo patenteado de produção ou direitos similares concede a outras empresas licença de utilização dessas marcas ou processos, sob certas condições ? administração de negócios]; gestão de franquia; assessoria, consultoria e informação ao consumidor sobre produtos e respectivos preços, através de websites, e",NORDIAN,38,"serviços de telecomunicações, incluindo transmissão de dados via e via satélite; de acesso à ; de dados de correção gnss em tempo real (rtk/ntrip/ppp-rtk) via ou via satélite; serviços de conectividade e transmissão de dados para operação de s gnss em campo;",S
ELORA,42,"assessoria, e informações sobre s s;composição [ em ];computação [serviços de informática];desenho de , inclusive para ; de ;serviços de em s s;serviços de ilustrações s, técnicas e simulações s de projeto; de computador para mapeamento de projeção de vídeos;",ELLERA,42,em de websites; de ; de ;serviços de em s s;,S
URAÍNET,38,"aluguel de aparelhos de s;aluguel de aparelhos de de mensagens;aluguel de caixas postais s para e-mail;aluguel de equipamentos de ;aluguel de modems;aluguel de tempo de a s globais de es;, e em ;bbs [serviços de ]; por s de ; por celular; por terminais de ; por ; a , , e de s de e ;fornecimento de mecanismos de busca para a obtenção, manutenção e distribuição de dados a partir de um banco de dados localizado em uma de es [ de a um website]; de []; de ; de a bancos de dados; de a lojas s []; de d",URUNET,38,", e em ; por s de ; a , , e de s de e ; de []; de ; de de para uma de es;serviços de para a de uma de um até uma de [];serviços de difusão sem fio [];serviços de geolocalização [serviços de ];serviços de e de ;serviços de telechamadas [, ou outros de ];serviços de ; [] de de por ;",S
DOGÃO067,43,serviços de bar;serviços de s [];serviços de ;serviços de s;serviços de s;serviços de s de ;serviços de casas de chás e sucos desde que incluídos nesta classe.;,DOGÃO,43,"assessoria, consultoria e informação relativa à produção de alimento;assessoria, consultoria e informação técnica em serviço de alimentação;cyber [fornecimento de comida e bebida];intermediação de serviços de fornecimento de comida e bebida materiais, por meio de um ambiente virtual;intermediação de serviços de fornecimento de comida e bebida, por meio de aplicativo;padaria [fornecimento de comidas e bebidas para consumo imediato];serviço de bufê;serviços de bar;serviços de s [];serviços de ;ser",S
LUNABELLE,25,alpercatas;botas *; esportivo;s *; [ comum];s [s];chuteiras;coturno;s;s *;,LUNAB,25,", incluindo roupa interior e exterior, exceto de proteção para fins especiais, a saber: calças, jaquetas, camisas, meias, cachecóis enquanto lenços de pescoço, xales, bandanas, cachecóis, cintos; s, s, s [s], s; chapelaria, bonés com viseira, boinas, bonés enquanto chapéus.",S
SIKO,35,"assessoria, ultoria e informação ao umidor sobre produtos e respectivos preços, através de websites, em conexão com comércio realizado pela internet;comércio [através de qualquer meio] de artigos do vestuário;comércio [através de qualquer meio] de roupas;demonstração de produtos;gestão de franquia;provimento de mercado on-line para compradores e vendedores de produtos e serviços [marketplace];representação comercial;serviços de agências de importação-exportação;",SYKKA,9,"aplicativo baixável para ambientes virtuais;aplicativos, baixáveis;carteiras eletrônicas baixáveis;conjuntos de dados, gravados ou baixáveis;dispositivos para processamento de dados;máquinas para pagamento com cartão de crédito;plataformas de programas de computador, gravados ou baixáveis;programas de computador baixáveis;programas operacionais para computador, gravados;softwares de computador, gravados;",S
SIKO,35,"assessoria, e informação ao consumidor sobre produtos e respectivos preços, através de websites, em conexão com comércio realizado pela internet;comércio [através de qualquer meio] de artigos do vestuário;comércio [através de qualquer meio] de roupas;demonstração de produtos;gestão de franquia;provimento de mercado on-line para compradores e vendedores de produtos e serviços [marketplace];representação comercial;serviços de agências de importação-exportação;",SYKKA,42,em software de computador; em tecnologia da computação;desenvolvimento de plataformas de computador;manutenção de software de computador;pesquisas tecnológicas;plataforma computacional como serviço [paas];programação de computador [informática];serviços de autenticação de usuário usando tecnologia para transações de comércio eletrônico;serviços de tecnológica para transformação digital;software como serviço [saas];,S
SIKO,35,", e ao consumidor sobre produtos e respectivos preços, s de s, em conexão com comércio realizado pela internet;comércio [s de qualquer meio] de artigos do vestuário;comércio [s de qualquer meio] de roupas;demonstração de produtos;gestão de franquia; de mercado on-line para compradores e vendedores de produtos e serviços [marketplace];representação comercial;serviços de agências de importação-exportação;",SYKKA,36,administração de assuntos financeiros;análise financeira; financeira; financeira;emissão de cartões de crédito; de financeiras; de financeiras s de uma ;serviços de pagamento por carteira eletrônica [e-wallet];transferência eletrônica de fundos;transferência eletrônica de fundos provida por meio de tecnologia blockchain;,S
SIKO,35,"assessoria, e ao consumidor sobre produtos e respectivos preços, s de s, em conexão com comércio realizado pela internet;comércio [s de qualquer meio] de artigos do vestuário;comércio [s de qualquer meio] de roupas;demonstração de produtos; de franquia; de mercado on- para compradores e vendedores de produtos e serviços [marketplace];representação ;serviços de agências de importação-exportação;",SYKKA,35,auditoria contábil e financeira; em de negócios; profissional em negócios;elaboração de extratos de contas;marketing;organização e realização de eventos ;promoção de vendas para terceiros; de de negócios s de um ;publicidade on- em rede de computadores;serviços de intermediação ;,S
REUMAPLUS,5,"cápsula de alga marinha para uso como complemento ;cápsula de cartilagem de tubarão para complemento ;cápsula de gelatina pura para uso como complemento ;cápsula de óleo vegetal para uso como complemento ;cápsula de óleo vegetal para uso medicinal, terapêutico ou dietético;chá de erva medicinal;chás de ervas para uso medicinal;chás medicinais;complemento/ composto por cereais [não medicinal];complemento/ para uso medicinal;complemento/ para uso terapêutico ou dietético; vitamínicas*;preparados, ",REUMALAN,5,medicamentos para uso humano; farmacêuticas;s es para seres humanos;,S
CURITIBEATS,43,serviços de bar;serviços de s [bares];serviços de ;serviços de lanchonetes;serviços de s;serviços de s de ;,CURITIBOX,43,"aluguel de acomodação em viagens;aluguel de acomodações temporárias;assessoria, consultoria e informação em viagens [alojamento e reservas];fornecimento de cestas de da manhã [serviços de alimentação];serviços de acomodação em hotel;serviços de acomodação, em casas, para turistas;serviços de ;serviços de pensão [acomodações temporárias];serviços de pensão [serviços de fornecimento de comida e bebida];serviços de s de ;serviços de s para retirada;",S
NGARU,18,"de uso ;s; de s; de [-sol]; [ de ria];s de []; para s []; para ;s;s de ;s de para ;s de para s, s;s de s;s de mão;s de ;s de ;s es;s para s;s para s;s para s [s];s para s ;s*; [s];s para s;s para ;s s de s para ; [ria]; para ;s de ;cobertas para s; para ;s para s [];s para s de ; para ;s de ;s para *;s de s;s de [s de ]; de ; [ria];s para ;s para s;s para ;- [s]; e para ;s com s;s de ;s para s;s;s para s;e []; de ;s [s];s es;s para s;-s [s];-s [s];s para de ;s de s com s;s es;ria;s para ;s*;kit ",NARU,18,"alças de s;alças de valises;alças s de s; de uso ;s;antolhos;argolas para -chuva; de s; para s [peças estruturais de s]; para -chuva ou para -sol;arminho [pele];s para ;bainhas de para molas; de [-sol]; [ de ria];s de [];bastões de ;bastões de caminhada;bastões de trekking;bastões para alpinismo;baús [bagagem];bengalas*;bengalas-assento;boleadeiras; para s []; para ;s;s de ;s de capim dourado;s de para ;s de para s, s;s de s;s de mão;s de ;s de ;s es;s para s;s para s;s para s [s];s para s ;s*;s",S
NGARU,18,"alforje de uso pessoal;alforjes; de selas;barraca de [-sol];barrigueira [ de selaria];barrigueiras de [];bolsa para cosméticos [vazia];bolsa para tênis;bolsas;bolsas de caça;bolsas de para embalagem;bolsas de para ferramentas, vazias;bolsas de s;bolsas de mão;bolsas de ;bolsas de viagem;bolsas escolares;bolsas para alpinistas;bolsas para campistas;bolsas para carregar s [slings];bolsas para equipamentos esportivos*;bolsas*;bornais [mochilas];cabrestos para cavalos;s para animais;s protetoras de ",NARU,25,"agasalhos [regalo] de pés, não aquecidos eletricamente;agasalhos para as ;alças para sutiãs;alpercatas;alva [veste litúrgica];anáguas;antiderrapantes para calçados; de chapéus;s de chapelaria;s de [vestuário];aventais [vestuário];babador não descartável;babadores, com manga, exceto de papel;babadouros, exceto de papel;baby-doll;bandagem elástica [vestuário];bandanas;batina;beca;bermuda para prática de esporte;bermudas;biqueiras para calçados;biquíni;blazers [vestuário];blusa ;boá [estola de plum",S
OCONTEMPLADO,35,"serviços de apoio administrativo, e preparação de documentos.;",SÓCONTEMPLADOS,35,"agenciamento de mercadoria [intermediação];assessoria, consultoria e informação ao consumidor sobre produtos e respectivos preços, através de websites, em conexão com comércio realizado pela internet;assessoria, consultoria e informação em negócios relacionados à estratégia, marketing, produção, pessoal e assuntos relativos ao comércio varejista;comércio [através de qualquer meio] de equipamento de de dados e computadores;gerenciamento de banco de dados;provimento de informações de negócios atra",S
MIMALISSA,35,"administração comercial do licenciamento de produtos e serviços de terceiros;agenciamento de artistas;agenciamento de modelo para publicidade [administração de carreira];agenciamento, gestão e intermediação de obra artística;apresentação de produtos em de comunicação para fins de comércio varejista;assessoria, consultoria e informação ao consumidor sobre produtos e respectivos preços, s de websites, em conexão com comércio realizado pela internet;assessoria, consultoria e informação sobre organi",MINALIZZA,35,comércio [s de qualquer meio] de cosméticos;,S
LÚMINA,35,"comércio (s de qualquer meio) de grãos, sementes e cereais desde que incluídos nesta classe.;",LUMINA ESG,35,"consultoria em gestão de práticas de sustentabilidade e esg (meio ambiente, social e governança). serviços de assessoria em gestão de práticas de sustentabilidade e esg (meio ambiente, social e governança). auditoria de sustentabilidade e esg (meio ambiente, social e governança). consultoria em diagnóstico de empresas e aplicação e monitoramento de práticas de sustentabilidade e esg (meio ambiente, social e governança). consultoria comercial e empresarial com relação ao uso de padrões de relatór",S
MEGA,45,franchising referente ao licenciamento de marcas e patentes; licenciamento de propriedade intelectual;,M MEGA PROTEGE,45,"planejamento, organização e administração de benefícios e serviços sociais; serviços prestados por entidades de representação de classe, a saber, assistência jurídica aos associados; serviços prestados por entidades de representação de classe, a saber, representação diante da administração pública ou de entidades privadas; serviços prestados por entidades de representação de classe, a saber, representação jurídica de uma determinada classe; representação, diante da administração pública ou de en",S
MINIS,35,"assessoria, consultoria e informação em gestão de negócios; gestão de franquia; assessoria, consultoria e informação ao consumidor sobre produtos e respectivos preços, s de websites, em conexão com comércio realizado pela internet; provimento de mercado online para compradores e vendedores de produtos e serviços [marketplace]; demonstração de produtos; comércio, importação, exportação e representação comercial de bebidas e produtos alimentícios desde que incluídos nesta classe.;",APOLO MINIS,35,comércio [s de qualquer meio] de jogos e brinquedos;,S
OCEANIC,35,demonstração de produtos; provimento de mercado online para compradores e vendedores de produtos e serviços [marketplace]; serviços de agências de importação-exportação; comércio [através de qualquer meio] de plantas e flores naturais; comércio (através de qualquer meio) de artigos para prática de esportes; comércio (através de qualquer meio) de bijuteria; comércio (através de qualquer meio) de cosméticos; comércio (através de qualquer meio) de decorações para árvores de natal; comércio (através,OCEANIC PARK,35,", e em contabilidade;contabilidade;serviços de em gestão de negócios;",S
OCEANIC,35,demonstração de produtos; de mercado online para compradores e vendedores de produtos e serviços [marketplace]; serviços de agências de importação-exportação; comércio [através de qualquer meio] de plantas e flores naturais; comércio (através de qualquer meio) de artigos para prática de esportes; comércio (através de qualquer meio) de bijuteria; comércio (através de qualquer meio) de cosméticos; comércio (através de qualquer meio) de decorações para árvores de natal; comércio (através de qualque,OCEANIC PARK,41,"apresentação de exposições em museu;, e em entretenimento [lazer];condução de visitas guiadas;fotografia;organização de espetáculos [shows] [serviços de empresário];organização de exposições para fins culturais ou educativos;organização e realização de eventos de entretenimento;parque de diversão; de instalações para museus;reserva e emissão de bilhetes para shows;reservas de lugares para shows;serviços de agenciamento de ingressos;serviços de cenografia;serviços de divertimento;serviços de entr",S
TH,37,conservação de campo de esporte;conservação de quadra para a prática de esporte;serviços de conservação e limpeza em campo de esporte;,TH PINTURAS,37,"aplicação de tinta e impermeabilizante;pintura ou reparo de letreiros;pintura, de interior e de exterior.;",S
BRAVINUM,35,comércio [s de qualquer meio] de bebidas alcoólicas;comércio [s de qualquer meio] de bebidas não alcoólicas;demonstração de produtos [demo];gestão de franquia para terceiros;provimento de informações de negócios s de um website;provimento de mercado on-line para compradores e vendedores de produtos e serviços [marketplace];representação comercial de produtos ou serviços de terceiros;serviços de agências de importação-exportação;,BRAVIUM,35,"comércio (s de qualquer meio) de artigos de ferragem; comércio (s de qualquer meio) de acessórios sanitários metálicos; comércio (s de qualquer meio) de materiais de construção metálicos; comércio (s de qualquer meio) de: porta-papel higiênico, saboneteiras, manteigueira metálica, argolas para guardanapos, porta-guardanapos, porta-sabonetes, dispensadores metálicos de toalhas de papel, dispensadores de sabão, porta-toalha, porta-papel higiênico, porta-papel toalha, ganchos de metal, penduradores",S
AROC,35,comércio (s de qualquer meio) de aparelhos e instrumentos ópticos;,AROK,35,comércio [s de qualquer meio] de cosméticos;comércio [s de qualquer meio] de produtos de perfumaria;,S
AROC,35,comércio (através de qualquer meio) de aparelhos e instrumentos ópticos;,AROK,3,cosméticos;perfumes;,S
RM,40,"assessoria, consultoria e informação em de ;blindagem de veículo;cromagem dos para-choques de veículo;ferramentaria [transformação, ou beneficiamento];provimento de informações sobre processamento de ;provimento de informações sobre de ;revestimento de poliuretano em peça [serviço de de ];serviços de aplicação de película em vidros de carros; e montagem de sob encomenda de terceiros (peças automotivas) desde que incluídos nesta classe.;",RM SERRALHERIA,40,fundição de metal;metalizar;recozimento de metal;serragem de ;serralheria [];temperamento de metal; de metal;usinagem metalúrgica;,S
BDR,41,agente artístico; literário e cultural [promotor de evento]; de espetáculos ao vivo;banda de música [serviços de entretenimento];composição de canções;direção de shows;empresário [organização e de espetáculos];gravações musicais em vhs/dvd/cd [serviços de estúdio];grupo musical;locutor de eventos;organização de espetáculos [shows] [serviços de empresário];organização de eventos de assunção de personagens [cosplay] para de entretenimento;organização de exposições para culturais ou educativos;orga,BDR.DIGITAL LEAD GENERATION,35,"assessoria e consultoria em marketing ; assessoria, consultoria e em agências de modelos para publicidade ou promoção de s ; pesquisa de marketing ;marketing direcionado ; marketing no âmbito de publicação de softwares ; marketing por meio da colocação de produtos para terceiros em ambientes virtuais ;gestão de banco de dados ; levantamentos de de negócios ; prospecção de para terceiros ; de contatos comerciais e de negócios; telemarketing ;telepesquisa [pesquisa de opinião]. assessoria, consult",S
DALLE,25,botas *;botas de cano médio;botas de esqui;botas para esportes *;cachecóis;cachenês;calça para equitação; para uso profissional;s de madeira;s para snowboarding;s*;sapatos*;vestuário *;,DALE ALE BRECHÓ,35,comércio [através de qualquer meio] de bijuteria;comércio [através de qualquer meio] de bolsas femininas;comércio [através de qualquer meio] de s;comércio [através de qualquer meio] de malas e bolsas de viagem;comércio [através de qualquer meio] de roupas;,S
