numero_base,classe,descricao
010001,1,Comburentes [aditivos químicos para combustível]
010002,1,Substâncias adesivas para fins industriais
010003,1,"Sal para conservar, exceto para alimentos"
010004,1,Fluidos auxiliares para uso com abrasivos
010005,1,Aceleradores de vulcanização
010006,1,Soluções antiespumantes para baterias
010006,1,Soluções antiespumantes para acumuladores
010007,1,Acetatos [produtos químicos]*
010008,1,"Acetato de celulose, não processado"
010009,1,Preparações bacteriológicas para acetificação
010010,1,Anidrido acético
010011,1,Acetona
010012,1,Acetileno
010013,1,Tetracloreto de acetileno
010014,1,Ácidos *
010015,1,Preparações químicas de condensação
010016,1,Composições químicas à prova de ácidos
010017,1,Preparações para acabamento usadas na manufatura do aço
010018,1,Actínio
010019,1,Aditivos químicos para lamas de perfuração
010020,1,Aditivos químicos para combustível
010021,1,Aditivos detergentes para gasolina
010022,1,Preparações adesivas para ataduras cirúrgicas
010023,1,Preparações para abrandar água
010024,1,Goma tragacanta para uso industrial [alcatira]
010025,1,Carvão ativado
010026,1,Gases propulsores para aerossóis
010027,1,Agentes redutores para uso em fotografia
010028,1,Substâncias adesivas para cartazes
010029,1,Ágar-ágar para uso industrial
010030,1,"Aglutinantes para concreto Substâncias químicas para agricultura, exceto fungicidas, herbicidas, inseticidas e"
010032,1,Composições para reparar câmaras-de-ar de pneus
010033,1,"Albumina [animal ou vegetal, matéria-prima]"
010034,1,Albumina iodada
010035,1,Albumina de malte
010036,1,Papel albuminado
010037,1,Álcalis
010038,1,Álcali cáustico
010039,1,Metais alcalino-terrosos
010040,1,Álcool para uso industrial
010041,1,Álcool etílico
010042,1,Aldeídos *
010043,1,Algas [fertilizantes]
010044,1,Substâncias químicas para conservação de alimentos
010045,1,Preparações químicas para facilitar a liga de metais
010046,1,Alumina
010047,1,Alume de alumínio
010048,1,Hidrato de alumínio
010049,1,Silicato de alumínio
010050,1,Cloreto de alumínio
010051,1,Iodeto de alumínio
010052,1,Alúmen
010053,1,Preparações químicas para melhoramento de solo
010054,1,Amerício
010055,1,Amido para uso industrial
010056,1,Agentes químicos para fluidificar amido [agentes de descolagem]
010056,1,Agentes de descolagem [preparações químicas para fluidificar amido]
010057,1,Sal amoníaco [cloreto de amônio]
010058,1,Espírito de sal
010060,1,Sais amoniacais
010061,1,Amoníaco *
010062,1,Aldeído de amônio
010063,1,Alúmen de amoníaco
010064,1,Acetato de amido
010065,1,Álcool de amido
010066,1,Amoníaco anídrico
010067,1,Anidridos
010068,1,Carvão animal [negro animal]
010070,1,Ácido antranílico
010071,1,Substâncias antidetonantes para motores de combustão interna
010072,1,Anticongelante
010073,1,Anti-incrustantes
010074,1,Antimônio
010075,1,Óxido de antimônio
010076,1,Sulfeto de antimônio
010077,1,Preparações químicas para acabamentos da indústria têxtil
010078,1,Goma arábica para uso industrial
010079,1,Preparações viscosas para enxertos de árvores
010080,1,Mástique para enchimento de cavidades de árvores
010081,1,Soluções de sais de prata para pratear
010082,1,Argônio
010083,1,Arseniato de chumbo
010084,1,Arsênico
010085,1,Ácido arsenioso
010086,1,Astatino
010087,1,Combustíveis para reatores nucleares
010089,1,Preparações químicas para descarbonização de motores
010090,1,Papel autovirador [fotografia]
010091,1,Substâncias químicas para avivar têxteis
010092,1,Nitrogênio
010093,1,Óxido nitroso [monóxido de dinitrogênio]
010094,1,Adubos nitrogenados
010094,1,Fertilizantes nitrogenados
010095,1,Ácido nítrico Bactericidas para enologia [preparações químicas usadas durante a fabricação de
010097,1,Banhos fixadores [fotografia]
010098,1,Banhos de galvanização
010099,1,Banhos de viragem [fotografia]
010100,1,Soda do comércio [soda barrilha]
010101,1,Bário
010102,1,Barita
010103,1,Papel barítico
010104,1,Adubo orgânico de bário
010105,1,Substâncias para impedir o desfiar de meias
010106,1,Bases [preparações químicas]
010107,1,"Produtos químicos, exceto pigmentos, para fabricação de esmaltes"
010108,1,Bauxita
010109,1,Bentonita
010110,1,Ácidos à base de benzeno
010111,1,Derivados de benzeno
010112,1,Ácido benzóico
010113,1,Sulfimida benzóica para uso industrial
010114,1,Sacarina para fins industriais
010115,1,Berquélio
010116,1,Substâncias químicas para aeração de concreto
010117,1,"Produtos para conservação de concreto, exceto tintas e óleos"
010118,1,Bicloreto de estanho
010119,1,Bicromato de potássio
010120,1,Bicromato de sódio
010121,1,Agentes clarificantes de cerveja
010122,1,Catalisadores bioquímicos
010123,1,Dioxalato de potássio
010124,1,Dióxido de manganês
010125,1,Bismuto
010126,1,Galato básico de bismuto [subgalato de bismuto]
010127,1,Preparações umectantes para uso em branqueamento [lavanderia]
010128,1,Substâncias químicas para branquear ceras
010130,1,Madeira para curtimento [madeira tanante]
010131,1,Álcool metílico [metanol]
010132,1,Polpa de madeira
010133,1,Vinagre de madeira [ácido pirolenhoso]
010133,1,Ácido pirolenhoso [vinagre de madeira]
010134,1,Bórax
010135,1,Ácido bórico para uso industrial
010136,1,Lamas de perfuração
010137,1,Preparações para brasagem
010138,1,Substâncias químicas para evitar condensação
010139,1,Cauchu
010140,1,Cainite
010141,1,Cianamida de cálcio [fertilizante]
010141,1,Cianamida cálcica [fertilizante]
010142,1,Califórnio
010143,1,Plastificantes
010145,1,Preservativos de borracha
010146,1,Carbonatos
010147,1,Carbonato de magnésio
010148,1,Carbono
010149,1,Dissulfeto de carbono
010150,1,Ácido carbônico
010151,1,Carbonetos [carbetos]*
010152,1,Carboneto de cálcio [carbeto de cálcio]
010153,1,Cassiopeio [lutécio]
010153,1,Lutécio [cassiopeio]
010154,1,Catalisadores
010155,1,Celulose
010156,1,Pasta de papel
010157,1,Viscose [solução celulósica]
010158,1,Cimento [metalurgia]
010159,1,Férmio
010160,1,Esmalte para cerâmica
010161,1,Cério
010162,1,Sais de metais de terras raras
010163,1,Césio
010164,1,Cetonas
010165,1,Preparações de carvão animal
010166,1,Carvão para filtros
010167,1,Carvão de ossos
010168,1,Carvão de sangue
010169,1,Preparações para economizar carvão
010170,1,Mástique para calçados
010171,1,Acetato de cálcio
010172,1,Carbonato de cálcio
010173,1,Cloreto de cálcio
010174,1,Substâncias químicas para limpeza de chaminés
010175,1,Substâncias químicas para renovar couro
010176,1,"Substâncias químicas industriais Chemical preparations for scientific purposes, other than for medical or veterinary"
010178,1,"Reagentes químicos, exceto para uso médico ou veterinário"
010179,1,Materiais moderadores para reatores nucleares
010180,1,"Elementos químicos de fissão Substâncias químicas para análises em laboratório, exceto para uso médico ou 1 veterinário Preparações químicas para análises em laboratórios, exceto para uso médico ou 1 veterinário"
010182,1,Cloratos
010183,1,Cloro
010184,1,Cloridratos
010185,1,Ácido hidroclorídrico
010186,1,Ácido cólico
010187,1,Cromato
010188,1,Alúmen de cromo
010189,1,Óxido de cromo
010190,1,Sais de cromo
010191,1,Ácido crômico
010192,1,Mástique para couro
010193,1,Mástique para pneus
010194,1,Cimento para consertar objetos quebrados
010195,1,"Preparações para impermeabilização de cimento, exceto tintas"
010196,1,"Produtos para conservação de cimento, exceto tintas e óleos"
010197,1,Fluidos para circuitos hidráulicos
010197,1,Líquidos para circuitos hidráulicos
010198,1,Cera para enxertar árvores
010199,1,Ácido cítrico para uso industrial
010200,1,Preparações para colagem de mostos
010202,1,Cola para acabamento
010203,1,Substâncias adesivas para papel de parede
010205,1,Agentes de colagem para vinho
010206,1,Colódio *
010207,1,Sais para colorir metal
010208,1,Banhos [molhos] para amaciar peles
010208,1,"Banhos [molhos] para amaciar peles, exceto óleos"
010209,1,Produtos para conservação de flores
010210,1,Produtos para conservação para uso na indústria farmacêutica
010211,1,Preparações químicas para uso em fotografia
010212,1,Tela sensível para fotografia
010213,1,Chapas fotossensíveis
010214,1,Preparações corrosivas
010215,1,Preparações para acabamento do couro
010216,1,Preparações para acabamento de peles
010219,1,Creme de tártaro para uso químico
010220,1,Aldeído crotônico
010221,1,Preparações criogênicas
010222,1,Colas para couro
010223,1,Substâncias químicas para revestimento do couro
010224,1,Substâncias químicas para impregnação de couro
010225,1,Vitríolo azul
010225,1,Sulfato de cobre [vitríolo azul]
010226,1,Cúrio
010227,1,Soluções para cianotipia
010228,1,Cianetos [prussiatos]
010228,1,Prussiatos
010229,1,Ferrocianetos
010230,1,Cimeno
010231,1,Preparações desengordurantes para uso em processo de manufatura
010232,1,Preparações para descolar e separar
010232,1,Preparações para descolagem
010233,1,Substâncias químicas para separação de óleo
010234,1,Solventes de goma
010234,1,Preparações para desengomar
010236,1,Desfolhantes
010237,1,Preparações para desmoldagem
010238,1,Substâncias para despolir
010239,1,Preparações desidratantes para uso industrial
010240,1,Desincrustantes
010241,1,Detergentes para uso em processos de manufatura
010242,1,Dextrina [acabamento]
010243,1,"Preparações para diagnóstico, exceto para uso médico ou veterinário"
010244,1,Diástase para uso industrial
010245,1,Papel diazo
010246,1,Preparações para renovar discos fonográficos
010247,1,Água destilada
010248,1,Dolomita para uso industrial
010249,1,Preparações para endurecer metal
010250,1,Disprósio
010251,1,Água acidulada para recarga de baterias
010251,1,Água acidulada para recarga de acumuladores
010252,1,Glicerina para uso industrial
010253,1,Água pesada
010254,1,Preparações de clarificação
010254,1,Preparações de purificação
010255,1,Permutadores de íons [substâncias químicas]
010256,1,Preparações para fabricação de flashes
010257,1,Preparações para economizar combustível
010259,1,"Papel reagente, exceto para uso médico ou veterinário"
010260,1,"Preparações antiestáticas, exceto para uso doméstico"
010261,1,Sais para células galvânicas
010261,1,Sais para pilhas galvânicas
010262,1,Opacificadores para esmalte
010263,1,Opacificadores para vidros
010265,1,Substâncias químicas para tingir os esmaltes
010267,1,Emulsões fotográficas
010268,1,Emulsificadores
010269,1,Chapas fotográficas sensibilizadas
010270,1,Preparações para colar
010271,1,Fertilizantes
010272,1,Preparações de enzima para uso industrial
010273,1,Enzimas para uso industrial
010274,1,"Resinas epóxi, não processadas"
010275,1,Preparações para purificação do gás
010276,1,Érbio
010277,1,Espíritos de vinagre [ácido acético diluído]
010278,1,Papel químico para testes
010279,1,Ésteres *
010280,1,Etano
010281,1,Éteres *
010282,1,Éter etílico
010283,1,Éteres de glicol
010284,1,Éter metílico
010285,1,Éter sulfúrico
010286,1,Substâncias químicas para evitar manchas em tecidos
010287,1,Európio
010288,1,Composições extintoras de fogo
010289,1,Farinha para uso industrial
010290,1,Sais de ferro
010291,1,Fermentos para uso químico
010292,1,Chapas ferrotípicas [fotografia]
010293,1,Preparações fertilizantes
010294,1,Preparações ignífugas
010295,1,Composições para fiar
010296,1,Preparações para filtragem para a indústria de bebidas
010297,1,Material de fissão para energia nuclear
010298,1,Fixadores [fotografia]
010299,1,Flores de enxofre para uso químico
010301,1,Substâncias para endurecer calcário
010302,1,Flúor
010303,1,Compostos de espatoflúor
010304,1,Ácido fluorídrico
010305,1,Grafite para uso industrial
010306,1,Aglutinantes para fundição
010307,1,Preparações para moldagem de fundição
010308,1,Aditivos químicos para inseticidas
010309,1,Aditivos químicos para fungicidas
010310,1,Ácido fórmico
010311,1,Formaldeído para uso químico
010312,1,Preparações para pisoamento para uso na indústria têxtil
010313,1,Preparações para pisoamento
010314,1,Frâncio
010315,1,Fluidos para freios
010316,1,Negro de fumo para uso industrial [fuligem]
010317,1,Preparações químicas para defumar carne
010318,1,Gadolínio
010319,1,Nozes de galha [bugalhos]
010320,1,Ácido gálico para manufatura de tinta
010321,1,Gálio
010322,1,Papel fotográfico
010323,1,Ácido galotânico
010324,1,Preparações para galvanização
010325,1,Gambir
010326,1,Gases protetores para solda
010328,1,Gases solidificados para uso industrial
010329,1,Gelatina para uso fotográfico
010330,1,Gelatina para uso industrial
010331,1,Sal gema
010332,1,Getters [substâncias reativas]
010333,1,Gelo seco [dióxido de carbono]
010334,1,Visco
010335,1,Glicosídeos
010336,1,Glicerídeos
010337,1,Glicol
010339,1,Substâncias químicas para branquear gorduras
010340,1,Ácidos graxos
010341,1,Mástique para enxertar árvores
010342,1,Guano
010343,1,Bálsamo de gurjun para fabricação de verniz
010344,1,Hélio
010345,1,Hólmio
010346,1,"Hormônios para acelerar a maturação de frutos Substâncias químicas para horticultura, exceto fungicidas, herbicidas, inseticidas e 1 parasiticidas"
010348,1,Óleos para conservação de alimentos
010349,1,Óleos para preparar couro no processo de manufatura
010350,1,Óleos para curtimento do couro
010351,1,Dispersantes para petróleo
010352,1,Dispersantes para óleo
010353,1,Substâncias químicas para branquear óleo
010354,1,Substâncias químicas para purificação de óleo
010355,1,Húmus
010356,1,Hidratos
010357,1,Hidratos de carbono [carboidratos]
010358,1,Hidrazina
010359,1,Hidrogênio
010360,1,Hipoclorito de sódio
010361,1,Hipossulfitos
010362,1,Substâncias químicas para impermeabilização de têxteis
010363,1,Substâncias químicas para impregnação de têxteis
010364,1,Substâncias químicas para impermeabilização de couro
010365,1,Iodo para uso químico
010366,1,Sais de iodo
010367,1,Ácido iódico
010368,1,Iodo para uso industrial
010369,1,Isótopos para uso industrial
010370,1,Caulim
010370,1,Caulino
010371,1,Trípole
010372,1,Criptônio
010373,1,Ácido láctico
010374,1,Fermentos lácteos para uso químico
010375,1,Lantânio
010377,1,Preparações para prevenir embaciamento de lentes
010378,1,Litina [óxido de lítio]
010379,1,Lítio
010380,1,"Produtos para conservação de alvenaria, exceto tintas e óleos"
010381,1,"Produtos para conservação de tijolos, exceto tintas e óleos"
010382,1,Magnesita
010383,1,Cloreto de magnésio
010384,1,Manganato
010385,1,Casca de mangue para uso industrial
010386,1,Substâncias químicas para foscar vidros
010387,1,Mercúrio
010388,1,Sais de mercúrio
010389,1,Óxido de mercúrio
010390,1,Metalóides
010391,1,Sais de metais preciosos para uso industrial
010393,1,Preparações para recozer metal
010394,1,Metano
010395,1,Preparações químicas para prevenir míldio
010396,1,Ácidos minerais
010397,1,Sais para uso industrial
010398,1,Preparações umectantes para uso em tingimento [tinturaria]
010399,1,Naftalina
010400,1,Neodímio
010401,1,Néon
010402,1,Netúnio
010403,1,Neutralizadores de gases tóxicos
010404,1,Preparações químicas para prevenir mangra
010404,1,Preparações químicas para proteção contra mangra
010405,1,Nitrato de urânio
010406,1,Chapas sensibilizadas para impressão em ofsete
010407,1,Ácido oléico
010408,1,Olivina [silicato]
010409,1,Sais de ouro
010410,1,Sal de azedas
010411,1,Oxalatos
010412,1,Ácido oxálico
010413,1,Oxigênio para uso industrial
010414,1,Água oxigenada para uso industrial
010415,1,Cloreto de paládio
010416,1,Papel nitrado
010417,1,Papel fotométrico
010418,1,Papel sensível
010419,1,Papel de tornassol
010420,1,Pectina [fotografia]
010421,1,Perborato de sódio
010422,1,Percarbonatos
010423,1,Perclorato
010424,1,Persulfatos
010425,1,Ácido persulfúrico
010426,1,Fenol para uso industrial
010427,1,Fosfatos [fertilizantes]
010428,1,Escórias [fertilizantes]
010429,1,Fosfátidos
010430,1,Fósforo [composto químico]
010431,1,Superfosfatos [fertilizantes]
010432,1,Papel para cópia heliográfica
010433,1,Ácido fosfórico
010434,1,Tela para impressão heliográfica
010435,1,Reveladores fotográficos
010436,1,Sensibilizadores fotográficos
010437,1,Ácido pícrico
010438,1,Plásticos não processados
010439,1,Plastissóis
010440,1,Acetato de chumbo
010441,1,Óxido de chumbo
010442,1,Plutônio
010443,1,Polônio
010444,1,Fécula de batata para uso industrial
010445,1,Vasos feitos de turfa para horticultura
010446,1,Potassa
010447,1,Potássio
010448,1,Água potássica
010449,1,Praseodímio
010450,1,Promécio
010451,1,Protactínio
010452,1,Proteína [matéria-prima]
010453,1,Ácido pirogálico
010454,1,Quebracho para uso industrial
010455,1,"Resinas sintéticas, não processadas"
010456,1,Elementos radioativos para uso científico
010457,1,Radônio
010458,1,Rádio para uso científico
010459,1,Preparações frigoríficas
010460,1,Subprodutos do processamento de cereais para uso industrial
010461,1,"Resinas acrílicas, não processadas"
010463,1,Rênio
010464,1,"Filmes para raio x sensibilizados, mas não expostos"
010465,1,Composições para reparos de pneus
010466,1,Rubídio
010467,1,Areia de fundição
010468,1,Ácido salicílico
010469,1,Salitre
010471,1,Molho para preparar tabaco
010472,1,Sabão [metálico] para uso industrial
010473,1,Escândio
010474,1,Ácido sebácico
010475,1,Sais [preparações químicas]
010476,1,Sal bruto
010477,1,Sais crômicos
010478,1,Sais [fertilizantes]
010479,1,Selênio
010480,1,Substâncias para conservar sementes
010481,1,Silicatos
010483,1,Silício
010484,1,Silicones
010485,1,Sódio
010486,1,Sulfetos
010487,1,Substâncias químicas para solda
010488,1,Soda calcinada [carbonato de sódio]
010489,1,Cáusticos para uso industrial
010490,1,Soda cáustica para uso industrial
010491,1,Sais de sódio [compostos químicos]
010493,1,Enxofre
010494,1,Subnitrato de bismuto [nitrato básico de bismuto] para uso químico
010495,1,Baritina
010496,1,Espinelas [óxidos]
010497,1,Ácido esteárico
010498,1,Estrôncio
010499,1,Fuligem para uso industrial ou agrícola
010500,1,Líquidos para remover sulfatos de baterias
010500,1,Líquidos para remover sulfatos de acumuladores
010501,1,Ácidos sulfônicos
010502,1,Ácido sulfuroso
010503,1,Ácido sulfúrico
010504,1,"Sumagre para curtume Substâncias químicas para uso na silvicultura, exceto fungicidas, herbicidas, inseticidas 1 e parasiticidas"
010506,1,Talco [silicato de magnésio]
010507,1,Casca de árvore para curtume [matéria tanante]
010508,1,Tanino
010509,1,Substâncias para curtir
010510,1,Sais de cálcio
010511,1,Ácido tânico
010512,1,Farinha de tapioca para uso industrial
010514,1,"Tártaro, exceto para uso farmacêutico"
010515,1,Ácido tartárico
010516,1,Tecnécio
010517,1,Telúrio
010518,1,Agentes tensoativos
010518,1,Agentes químicos tensoativos
010519,1,Térbio
010521,1,Substâncias químicas para tingir vidro
010522,1,Preparações para evitar embaciamento de vidro
010523,1,Substâncias químicas antiembaciantes para janelas
010524,1,Terra para cultivo
010525,1,Terra de pisoeiro para uso na indústria têxtil
010526,1,Terras raras [lantanídeos]
010527,1,Marga
010528,1,Tetracloreto de carbono
010529,1,Tetracloretos
010530,1,Preparações umectantes para uso na indústria têxtil
010532,1,Tálio
010533,1,Tiocarbanilida
010534,1,Túlio
010535,1,Tório
010536,1,Dióxido de titânio para uso industrial
010537,1,Titanita
010538,1,Toluol
010538,1,Tolueno
010539,1,Turfa [fertilizante]
010540,1,"Conservantes para telhas, exceto tintas e óleos"
010541,1,Ácido túngstico
010542,1,Urânio
010543,1,Óxido de urânio
010544,1,Vidro solúvel [silicato]
010545,1,Produtos amaciadores de carne para uso industrial
010546,1,Preparações químicas para prevenir doenças da vinha
010547,1,Álcool vínico
010548,1,Sais de viragem [fotografia]
010549,1,Preparações para vulcanização
010550,1,Viterite
010551,1,Xenônio
010552,1,Itérbio
010553,1,Ítrio
010554,1,Cloretos
010555,1,Sulfatos
010556,1,Zircônia [dióxido de zircônio]
010557,1,Preparações para acelerar cozimento para uso industrial
010558,1,Amoníaco [álcali volátil] para uso industrial
010558,1,Álcali volátil [amoníaco] para uso industrial
010559,1,Iodetos alcalinos para uso industrial
010560,1,Metais alcalinos
010561,1,Sais de metais alcalinos
010562,1,Alcaloides *
010564,1,Alginatos para uso industrial
010565,1,Acetato de alumínio *
010566,1,"Pasta de amido [adesiva], exceto para papelaria ou uso doméstico"
010567,1,Sais de amônio
010568,1,Carbono animal
010569,1,Nitrato de prata
010570,1,Substâncias químicas para avivar cores para uso industrial
010571,1,Preparações antigerminantes para vegetais
010572,1,Nitratos
010573,1,Substâncias adesivas para ladrilhos
010574,1,Sulfato de bário
010575,1,Substâncias químicas para fabricação de tintas
010576,1,Benzol metílico
010577,1,Metilbenzeno
010578,1,Bicarbonato de sódio para uso químico
010579,1,"Preparações biológicas, exceto para uso médico ou veterinário"
010580,1,Preparações alvejantes [descolorantes] para uso industrial
010581,1,"Filmes sensibilizados, mas não expostos"
010582,1,Preparações para destilação de álcool de madeira
010583,1,Fundentes para brasagem
010584,1,Fundentes para soldagem
010585,1,Bromo para uso químico
010586,1,Carbonila para proteção de plantas
010587,1,Floculantes
010588,1,Lecitina [matéria-prima]
010589,1,Substratos para cultivo fora do solo [agricultura]
010590,1,Ésteres de celulose para uso industrial
010591,1,Caseína para uso industrial
010592,1,Derivados de celulose [substâncias químicas]
010593,1,Éteres de celulose para uso industrial
010594,1,"Preparações bacterianas, exceto para uso médico ou veterinário"
010595,1,"Preparações bacteriológicas, exceto para uso médico ou veterinário"
010596,1,"Culturas de microrganismos, exceto para uso medicinal ou veterinário"
010597,1,Negro de carvão para uso industrial [fragmento de carvão]
010598,1,"Filmes cinematográficos sensibilizados, mas não expostos"
010599,1,Óxido de cobalto para uso industrial
010600,1,Cola para uso industrial
010601,1,Óleos para acabamento do couro
010602,1,Creosoto para uso químico
010603,1,Composições para a fabricação de discos fonográficos
010604,1,Preparações para dissociar gorduras
010605,1,Dispersões de matérias plásticas
010606,1,Solventes para vernizes
010607,1,Adoçantes artificiais para fins industriais
010608,1,Substâncias químicas para purificação de água
010609,1,Emolientes para uso industrial
010610,1,Material para filtragem em matérias plásticas não processadas
010611,1,Material para filtragem constituído por preparações químicas
010612,1,Material para filtragem constituído por substâncias minerais
010613,1,Material para filtragem constituído por substâncias vegetais
010614,1,Glicose para uso industrial
010616,1,Gomas [colas] para fins industriais
010617,1,"Substâncias químicas, exceto tintas, à prova de umidade para alvenaria"
010618,1,"Ictiocola, exceto para papelaria, uso doméstico ou uso alimentar"
010619,1,Agentes para conservação de cerveja
010620,1,Materiais sintéticos para absorção de óleo
010621,1,Materiais cerâmicos em partículas para uso como meio de filtragem
010622,1,Adubo composto
010631,1,Composições para manufatura de cerâmicas técnicas
010632,1,Terra diatomácea
010633,1,Mordentes para metais
010634,1,Preparações para regularizar o crescimento de plantas
010635,1,"Preparações desincrustantes, exceto para uso doméstico"
010636,1,Água do mar para uso industrial
010637,1,Preparações de elementos traço para plantas
010638,1,Cânfora para uso industrial
010639,1,Intensificadores químicos para papel
010640,1,Intensificadores químicos para borracha
010641,1,Coberturas de húmus
010642,1,Fluido magnético para uso industrial
010643,1,Fluido para direção hidráulica
010644,1,Fluido para transmissão
010645,1,Preparações antifervura para substâncias refrigerantes de motores
010646,1,Composições de cerâmica para sinterização [grânulos e pós]
010647,1,Líquidos de arrefecimento para motores de veículos
010648,1,Substâncias químicas para esvaziar radiadores
010649,1,Massas de preenchimento para reparo de carroceria de automóveis
010649,1,Massas de preenchimento para reparo de carroceria de carros
010650,1,Géis para eletroforese
010651,1,Mástique de vidraceiro
010652,1,Argila expandida para cultura hidropônica [substrato]
010653,1,Preparações para remover papel de parede
010654,1,Aditivos químicos para óleos
010656,1,Genes de sementes para produção agrícola
010657,1,"Células tronco, exceto para uso médico ou veterinário"
010658,1,"Cultura de tecido biológico, exceto para uso médico ou veterinário"
010659,1,Fertilizante de farinha de peixe
010660,1,Preparações de enzima para a indústria de alimentos
010661,1,Enzimas para a indústria de alimentos
010662,1,Glicose para a indústria de alimentos
010663,1,Lecitina para a indústria de alimentos
010664,1,Lecitina para uso industrial
010665,1,Pectina para a indústria de alimentos
010666,1,Pectina para uso industrial
010667,1,Creme de tártaro para a indústria de alimentos
010668,1,Creme de tártaro para uso industrial
010669,1,Alginato para indústria de alimentos
010670,1,Glúten para indústria de alimentos
010671,1,Glúten para fins industriais
010672,1,Lactose para indústria de alimentos
010673,1,Lactose para uso industrial
010674,1,Lactose [matéria-prima]
010675,1,Leite fermentado para a indústria de alimentos
010676,1,Leite fermentado para uso industrial
010677,1,Caseína para indústria de alimentos
010678,1,Espírito de sal amoníaco
010679,1,Substâncias químicas para a fabricação de pigmentos
010680,1,"Preparações de microrganismos, exceto para uso medicinal ou veterinário"
010681,1,Terra preparada para plantio em vasos
010682,1,Preparações para temperar metais
010683,1,Ácido glutâmico para fins industriais
010684,1,Extratos de chá para uso na fabricação de produtos farmacêuticos
010685,1,Extratos de chá para a indústria alimentícia
010686,1,Compostos orgânicos [fertilizantes]
010687,1,Extratos de chá para uso na fabricação de cosméticos
010688,1,Colágeno para fins industriais
010689,1,Carboneto [carbeto] de silício [material em bruto]
010690,1,"Adjuvantes, exceto para fins médicos ou veterinários"
010691,1,Vitaminas para uso na fabricação de suplementos alimentares
010692,1,Vitaminas para a indústria alimentícia
010693,1,Antioxidantes para uso em fabricação
010694,1,Antioxidantes para uso na fabricação de cosméticos
010695,1,Antioxidantes para uso na fabricação de produtos farmacêuticos
010696,1,Antioxidantes para uso na fabricação de suplementos alimentares
010697,1,Proteínas para uso em manufatura
010698,1,Proteínas para uso na fabricação de suplementos alimentares
010699,1,Proteínas para a indústria alimentícia
010700,1,Nitrato de amônio
010701,1,Vitaminas para uso na fabricação de produtos farmacêuticos
010702,1,Vitaminas para uso na fabricação de cosméticos
010703,1,Flavonóides [compostos fenólicos] para fins industriais
010704,1,Timol para fins industriais
010705,1,Terra vegetal
010706,1,Óleo para transmissão
010707,1,"Resinas poliméricas, não processadas"
010708,1,Revestimentos químicos para lentes oftálmicas
010709,1,Calomelo [cloreto de mercúrio]
010710,1,Esterco
010711,1,Xilol
010712,1,Xileno [xilênio]
010713,1,Benzeno
010714,1,Benzol
010715,1,Grafeno
010716,1,Gipsita para uso como fertilizante
010717,1,"Nanopós para fins industriais Polímeros à base de dendrímeros, utilizados na fabricação de cápsulas para produtos 1 farmacêuticos"
010719,1,Preparações químicas para prevenir doenças de plantas cerealíferas
010720,1,Bioestimulantes para plantas
010721,1,"Resinas condutoras, não processadas"
010722,1,Adesivos condutivos
010723,1,Lixívia para a indústria alimentícia
010724,1,Levedura para fins científicos
010725,1,Levedura para uso na produção de biocombustível
010726,1,Pasta térmica
010727,1,"Tiras de diagnóstico para testar leite materno, exceto para uso médico ou veterinário"
010728,1,Extratos de plantas para a indústria alimentícia
010729,1,Extratos de plantas para uso na fabricação de cosméticos
010730,1,Extratos de plantas para uso na fabricação de produtos farmacêuticos
010731,1,Ingredientes químicos ativos
010732,1,Dióxido de carbono para fins industriais
010733,1,Adoçantes artificiais para a indústria alimentícia
010734,1,Sacarina para a indústria alimentícia
010735,1,Aspartame para fins industriais
010736,1,Aspartame para a indústria alimentícia
010737,1,"Fluidos dielétricos como preparação química para uso em metalurgia, exceto óleos"
010738,1,Extratos de origem animal para a indústria alimentícia
010739,1,"Caldos para culturas bacteriológicas, exceto para fins médicos ou veterinários"
010739,1,"Meios para culturas bacteriológicas, exceto para fins médicos ou veterinários"
010740,1,Preparações de diagnóstico para uso em laboratório de pesquisa
010741,1,Ingredientes químicos ativos para uso na fabricação de produtos farmacêuticos
010743,1,Terpenos
010742,1,"Vírus, exceto para fins médicos e veterinários"
010744,1,Óleos essenciais para uso em fabricação
010745,1,Fosfato de ferro e lítio
010746,1,Óxido de lítio e cobalto
010747,1,Extratos de ervas para a indústria alimentícia
010748,1,Corantes fluorescentes para fins científicos
010749,1,Almíscar para uso em fabricação
010750,1,Vanilina para uso em fabricação
020001,2,Tintas *
020002,2,Mordentes *
020003,2,Vernizes *
020004,2,Corantes para bebidas
020005,2,Corantes alimentícios
020005,2,Colorantes alimentícios
020006,2,Alizarina [corante]
020007,2,Tintas de alumínio
020008,2,Pó de alumínio para pintura
020009,2,Tintas de amianto
020010,2,Preparações anticorrosão
020011,2,Fixadores para aquarelas
020014,2,Pasta de prata
020015,2,Emulsões de prata [pigmentos]
020016,2,Pós para pratear
020017,2,Betume da judeia
020018,2,Auramina
020019,2,Tintas bactericidas
020020,2,Estuque [revestimento texturizado]
020021,2,Faixas anticorrosão
020022,2,Bálsamo do canadá
020023,2,Corantes para manteiga
020024,2,Corantes para cerveja
020025,2,Verniz betuminoso
020026,2,Revestimentos para madeira [tintas]
020027,2,Mordentes para madeira
020028,2,Tinturas para madeira
020029,2,Terra de siena [argila]
020031,2,Lacas de bronzagem
020032,2,Pó de bronze para pintura
020033,2,Tintas para couro
020034,2,Caramelo [corante alimentar]
020035,2,Malte caramelo [corante alimentar]
020036,2,Revestimentos para feltros isolantes de telhados [tintas]
020037,2,Tintas para cerâmica
020038,2,Alvaiade [branco de chumbo]
020039,2,Negro de carvão [pigmento]
020040,2,Primer anticorrosivo para chassis de veículos
020040,2,Fundos seladores para proteção de chassis de veículos
020041,2,Tintas para calçado
020042,2,Leite de cal
020043,2,Pastas para impressão [tintas]
020044,2,Óxido de cobalto [corante]
020045,2,Carmim de cochonilha
020046,2,Colofônia [resina natural] *
020047,2,Colorantes *
020047,2,Corantes
020048,2,Corantes de malte
020049,2,Preparações para conservação de madeira
020050,2,Copal
020052,2,Anilina [corante]
020053,2,Tíneres para tintas [diluentes]
020054,2,Tíneres para lacas [diluentes]
020055,2,Espessantes para tintas
020056,2,Creosoto para conservação da madeira
020057,2,Tinturas para couro
020057,2,Mordentes para couro
020058,2,Tinturas *
020059,2,Pigmentos
020060,2,Curcuma [corante]
020061,2,Resinas naturais em bruto
020062,2,Têmpera [tinta]
020064,2,Esmaltes [vernizes]
020065,2,Esmaltes para pintar
020066,2,Tintas para impressão
020067,2,Tintas para marcar animais
020068,2,Sicativos para tintas
020070,2,Revestimentos [tintas]
020072,2,Fixadores [vernizes]
020073,2,Negro de fumo [pigmento]
020074,2,Fustete [corante]
020075,2,"Vidrados [tintas, lacas]"
020076,2,Gomas-gutas para pintura
020077,2,Gomas-lacas
020078,2,Gomas-resinas
020079,2,Graxas antiferrugem
020080,2,Tinta para gravura
020081,2,Óxido de zinco [pigmento]
020082,2,Óleos para conservação de madeira
020083,2,Óleos antiferrugem
020085,2,Tintas à prova de fogo
020086,2,Índigo [corante]
020087,2,Aglutinantes para tintas
020088,2,Corantes para licores
020089,2,Óxido de chumbo [pigmento]
020089,2,Litargírio [pigmento]
020090,2,"Metais em pó para uso em pintura, decoração, impressão e arte"
020091,2,Mástique [resina natural]
020092,2,"Folhas metálicas para uso em pintura, decoração, impressão e arte"
020093,2,Produtos antiembaciamento para metais
020094,2,Preparações para proteção de metais
020095,2,Zarcão
020095,2,Mínio
020096,2,Papel para tingir ovos
020098,2,Urucum [corante]
020098,2,Anato [corante]
020099,2,Açafrão [corante]
020100,2,Sandáraca
020101,2,Fuligem [corante]
020102,2,Sumagre para vernizes
020106,2,Dióxido de titânio [pigmento]
020107,2,Preparações antiferrugem
020108,2,Substâncias usadas para preparar uma superfície para pintura [primer]
020110,2,Cal branca
020111,2,Madeira corante
020111,2,Madeira tintória
020112,2,Extratos de madeira tintória
020113,2,Carbolineum [óleo de antraceno] para conservação de madeira
020114,2,Verniz de copal
020115,2,Lacas*
020121,2,Tintas para impressoras e fotocopiadoras
020122,2,Tintas anti-incrustantes
020123,2,"Cartuchos de toner, abastecidos, para impressoras e fotocopiadoras"
020124,2,Aguarrás [diluente para tintas]
020125,2,Pastilhas de pintura removíveis
020126,2,Tintas de aquarela para uso em arte
020127,2,Tintas a óleo para uso em arte
020128,2,Tintas comestíveis
020129,2,"Cartuchos de tintas comestíveis, abastecidos, para impressoras"
020130,2,Corantes sob a forma de caneta para restauração de mobiliário
020131,2,Revestimentos antigrafite [tintas]
020132,2,Toner para impressoras e fotocopiadoras
020133,2,"Cartuchos de tinta, abastecidos, para impressoras e fotocopiadoras"
020134,2,Acabamento vitrificador para pisos de madeira
020135,2,Tintas antiurina
020136,2,Tintas para pintura condutoras
020137,2,"Tintas para escrita, desenho ou impressão condutoras"
020138,2,Tinta para tatuagem
020139,2,Corantes
020140,2,Brilho para uso em tinta
020141,2,Líquido de mascaramento para uso em pintura em aquarela
020141,2,Máscara líquida para uso em pintura em aquarela
020142,2,Verniz comestível para decorar alimentos
030001,3,Substâncias adesivas para fixar cabelos postiços
030002,3,Pedras para amaciar
030003,3,Preparações para afiar
030005,3,Pedra de barbear [adstringente]
030006,3,Óleo de amêndoas para uso cosmético
030007,3,Sabonete de amêndoas
030009,3,Goma de amido para brilho [lavanderia]
030010,3,Goma de amido para lavanderia
030011,3,Rouge [vermelho] para polimento
030011,3,Rouge de joalheiro
030012,3,Sabões*
030013,3,Sabões de avivamento de cores [têxtil]
030014,3,Anil para lavanderia
030016,3,Preparações cosméticas para banhos
030017,3,Sabonete para barbear
030018,3,Batons para os lábios
030019,3,Hastes com pontas de algodão para fins cosméticos
030020,3,Máscaras de beleza
030022,3,Branco de espanha [carbonato de cálcio]
030023,3,Cremes para clarear a pele
030025,3,Produtos para clarear couro
030026,3,Sais para branquear
030027,3,Soda para branquear
030028,3,Produtos para alvejar roupa
030029,3,Produtos para dar brilho [lavanderia]
030030,3,Madeira aromática
030031,3,"Enxaguantes bucais, exceto para uso medicinal"
030032,3,Esmalte para unhas
030033,3,Produtos para maquiagem
030034,3,Loções capilares*
030035,3,Carbonetos metálicos [abrasivos]
030036,3,Carboneto [carbeto] de silício [abrasivo]
030038,3,Cinza vulcânica para limpeza
030039,3,Creme para sapato
030040,3,Tinturas para os cabelos
030041,3,Preparações para ondular os cabelos
030042,3,Cílios postiços
030043,3,Produtos cosméticos para os cílios
030045,3,Preparações para polimento
030046,3,Cera para sapatos
030047,3,Cera para assoalhos e móveis
030048,3,Produtos para fazer brilhar [lustração]
030049,3,Cera para sapateiros
030050,3,Pez para sapateiros
030052,3,Cera para bigode
030053,3,Cera para assoalhos de tacos
030054,3,Cera para polir
030055,3,Cera para alfaiates
030058,3,Água de colônia [eau de cologne]
030060,3,Colorantes para toalete
030061,3,Conservantes para couro [produtos para polir]
030062,3,Coríndon [abrasivo]
030063,3,Cosméticos para animais
030064,3,Paletas de maquiagem contendo cosméticos
030065,3,Cosméticos
030066,3,Algodão para uso cosmético
030067,3,Giz para limpeza
030068,3,Tira-manchas
030069,3,Lápis para uso cosmético
030070,3,Cremes para polir
030071,3,Cremes cosméticos
030072,3,Cristais de soda para a limpeza
030073,3,Pastas para afiar navalha
030074,3,Cremes para couro
030074,3,"Cera para couro Detergents, other than for use in manufacturing operations and for medical"
030076,3,Soluções para decapagem
030077,3,"Preparações desengordurantes, exceto para uso em processos de fabricação"
030078,3,Produtos para remover maquiagem
030079,3,Dentifrícios*
030081,3,Preparações desincrustantes para uso doméstico
030082,3,Diamantina [abrasivo]
030083,3,Preparações antiestáticas para uso doméstico
030084,3,Lixa de esmeril com costado de papel
030085,3,Produtos para remover lacas
030086,3,Lixa de esmeril com costado de pano
030087,3,Produtos descolorantes
030088,3,Produtos para remover vernizes
030089,3,Água de javel [solução à base de cloro diluído]
030091,3,Água de cheiro para perfumar
030092,3,Água de toalete [eaux de toilette]
030093,3,Casca de quilaia para lavagem
030094,3,Esmeril
030095,3,Incenso*
030096,3,Preparações depilatórias
030097,3,Cera para depilação
030098,3,Produtos para enxaguar a roupa [lavanderia]
030100,3,Óleos voláteis para fins cosméticos
030100,3,Óleos essenciais para fins cosméticos
030102,3,Maquiagem para o rosto
030104,3,Preparações para limpeza
030109,3,Geleia de petróleo para uso cosmético
030111,3,Gorduras para uso cosmético
030112,3,Água oxigenada [peróxido de hidrogênio] para uso cosmético
030114,3,Óleos para uso cosmético
030117,3,Óleos para limpeza
030118,3,Óleos para perfumar
030120,3,Óleos para toalete
030122,3,Loções para uso cosmético
030123,3,Leites de limpeza para toalete
030124,3,Produtos para lavanderia
030125,3,Preparações para higiene pessoal*
030126,3,Líquidos para limpeza de para-brisa
030127,3,Produtos para alisar [engomar]
030131,3,Cosméticos para as sobrancelhas
030133,3,Produtos neutralizadores para permanentes nos cabelos
030134,3,Xampus*
030135,3,Perfumes
030136,3,Unhas postiças
030137,3,Preparações para o cuidado das unhas
030138,3,Preparações para limpeza de papel de parede
030139,3,Papel para polir
030140,3,Lixa com costado de papel [lixa de papel]
030142,3,Preparações cosméticas para cuidados da pele
030143,3,Sabonete antitranspirante para os pés
030144,3,Pedras de polir
030145,3,Pedra-pomes
030146,3,Pomadas para uso cosmético
030147,3,Pó para maquiagem
030148,3,Preparações para barbear
030149,3,Sabonete desodorante
030150,3,Sachês para perfumar roupa
030152,3,Sabonetes
030153,3,Lixívia de soda
030154,3,Lápis de sobrancelhas
030155,3,Talco para toalete
030156,3,Tinturas cosméticas
030157,3,Terebintina para desengordurar
030158,3,Óleo de terebintina para desengordurar
030160,3,Lixa com costado de tecido [lixa pano]
030160,3,Tela [tecido] abrasiva
030161,3,Tecido de vidro [tecido abrasivo]
030162,3,Antitranspirantes [produtos de toalete]
030163,3,Sabonete antitranspirante
030164,3,Pedra trípole para polimento
030165,3,Abrasivos *
030166,3,Papel abrasivo
030167,3,Amoníaco [álcali volátil] [detergente]
030167,3,Álcali volátil [amoníaco] [detergente]
030168,3,Pedras de alúmen [pedras-ume] [adstringente]
030169,3,Leite de amêndoas para uso cosmético
030170,3,Preparações para remoção de ferrugem
030171,3,Preparações para bronzear [cosméticos]
030174,3,Produtos químicos de uso doméstico para avivar cores [lavanderia]
030175,3,"Sais de banho, exceto para uso medicinal"
030176,3,Tinturas para barba
030177,3,Preparações cosméticas para emagrecimento
030178,3,Substâncias adesivas para fixar cílios postiços
030179,3,Produtos para remover a pintura
030180,3,Desodorantes [perfumaria]
030181,3,Decalques decorativos para uso cosmético
030191,3,Adstringentes para uso cosmético
030192,3,Produtos descolorantes para uso cosmético
030193,3,Amaciantes de tecidos [lavanderia]
030194,3,Preparações para limpeza de próteses dentárias
030195,3,Produtos para desentupir canos de esgoto
030196,3,Xampus para animais de estimação [preparações para higiene não medicamentosas]
030197,3,Lenços impregnados com loções cosméticas
030198,3,Produtos para polimento de próteses dentárias
030199,3,Substâncias adesivas para uso cosmético
030200,3,Loções pós-barba
030201,3,Laquê para cabelos
030202,3,Cosmético para dar cor e volume aos cílios
030203,3,Mistura de fragrâncias
030204,3,Pulverizadores para refrescar o hálito
030205,3,Produtos para lavagem a seco
030206,3,Removedores de cera para assoalhos [produtos para decapagem]
030207,3,Cera antiderrapante para pisos
030208,3,Líquidos antiderrapantes para pisos
030209,3,Ar comprimido em lata para fins de limpeza
030210,3,Géis para clareamento dental
030211,3,Panos impregnados com detergente para limpeza
030212,3,Produtos para dar brilho às folhas das plantas
030213,3,Varetas de incenso
030214,3,Agentes de secagem para máquinas de lavar louças
030214,3,Agentes de secagem para lava-louças
030215,3,Preparações para perfumar ambientes
030216,3,Tiras refrescantes para o hálito
030217,3,Desodorizante para animais de estimação Preparações de banho para higiene íntima ou para uso desodorante [produtos de
030219,3,Preparações de aloe vera para uso cosmético
030220,3,"Géis de massagem, exceto para uso medicinal"
030221,3,Brilho para os lábios
030222,3,"Bálsamo, exceto para uso medicinal"
030223,3,Xampu a seco*
030224,3,Adesivos para enfeitar unhas
030225,3,Preparações para proteção solar
030227,3,Henna [tintura cosmética]
030228,3,Preparações polidoras para calçados
030229,3,Porta-batom
030230,3,"Preparações para banho, exceto para fins medicinais"
030231,3,Condicionadores para cabelos
030232,3,Preparações para alisar cabelos
030233,3,Lenços impregnados com preparações para remover maquiagem
030234,3,Preparações de colágeno para fins cosméticos
030235,3,Tiras para branqueamento dental
030237,3,Preparações fitocosméticas
030238,3,"Preparações de limpeza para fins de higiene íntima pessoal, não medicinais"
030239,3,Extratos de ervas para fins cosméticos
030240,3,Removedores de esmalte de unhas
030241,3,Cera para assoalhos
030242,3,Xampus para animais [preparações higiênicas não medicinais]
030243,3,"Produtos para lavar os olhos, não medicinais"
030244,3,Lavagens vaginais para fins de higiene ou desodorização
030245,3,Produtos químicos de limpeza para uso doméstico
030246,3,Aromatizadores de ambiente com varetas [difusores de aroma]
030247,3,Produtos alvejantes [descolorantes] para uso doméstico
030248,3,Velas de massagem para fins cosméticos
030249,3,Cosméticos para crianças
030250,3,Preparações para refrescar o hálito para higiene pessoal
030251,3,"Lenços umedecidos para bebês, impregnados com preparações para limpeza"
030252,3,Basma [tintura cosmética]
030253,3,Parches em gel para os olhos para fins cosméticos
030254,3,Brilho para unhas [glitter]
030255,3,Água micelar
030256,3,Tinta corporal para uso cosmético
030257,3,Látex líquido para tinta corporal para uso cosmético
030258,3,Pastas de dentes*
030259,3,Algodão impregnado com preparações demaquilantes
030260,3,Folhas para máquina de lavar que previnem a descoloração
030261,3,Folhas antiestáticas para máquina de secar
030262,3,Glitter corporal
030263,3,Fitas para pálpebra dupla
030264,3,Sprays de resfriamento para fins cosméticos
030265,3,"Máscaras descartáveis aquecidas a vapor, exceto para fins medicinais"
030266,3,Pastilhas de limpeza para máquinas de café
030267,3,Curativos para reconstrução das unhas
030268,3,Cera aromática para derreter [preparações de fragrância]
030269,3,"Carimbos cosméticos, abastecidos"
030271,3,Chá para banho para fins cosméticos
030272,3,Mascaras de tecido [sheet mask] para fins cosméticos
030273,3,Tônicos para fins cosméticos
030275,3,Soros para uso cosmético
030276,3,Canetas para clareamento dental
030277,3,Hidratantes para a pele para fins cosméticos
030278,3,Esferas de lavanderia abastecidas com sabão para roupas
030279,3,Detergentes para lavar louça
030280,3,Detergentes para máquinas de lavar louças
030280,3,Detergentes para lava-louças
030281,3,Pasta de açúcar para depilação
030282,3,Pau-de-águila [incenso]
030283,3,Fitas adesivas para fixar cabelos postiços
030284,3,Cera para modelagem de sobrancelhas
030285,3,Bombas efervescentes de banho [sal de banho]
030285,3,Óleos essenciais para perfumar Óleos voláteis para perfumar
030287,3,Água floral para fins cosméticos
030288,3,Essências para fins cosméticos
030289,3,Essências para perfumar
030290,3,Cera de efeitos especiais para maquiagem
040001,4,Cera de abelha*
040002,4,Álcool metilado
040003,4,Álcool [combustível]
040004,4,Combustível à base de álcool
040005,4,Tiras de papel para acender fogo
040006,4,Aparas de madeira para acender fogo
040007,4,Isca para acender fogo
040008,4,Antracito
040009,4,Preparações antiderrapantes para correias
040011,4,Graxa para armas
040012,4,Compostos para ligar pó para varredura
040013,4,Lenha para fogo
040014,4,Carvão vegetal [combustível]
040015,4,Velas [iluminação]
040016,4,Briquetes de carvão
040017,4,Blocos de turfa [combustível]
040018,4,Briquetes de madeira
040019,4,Briquetes combustíveis
040020,4,Misturas combustíveis vaporizadas
040021,4,Cera de carnaúba
040022,4,Ceresina
040023,4,Carvão [combustível]
040024,4,Turfa [combustível]
040025,4,Combustível*
040026,4,Graxa para calçados
040027,4,Cera [matéria-prima]
040028,4,Cera para correias
040029,4,Cera para iluminação
040030,4,Cera industrial
040031,4,Coque
040032,4,Combustível mineral
040033,4,Graxa para correias
040034,4,Graxa para couro
040035,4,Graxas industriais
040036,4,Óleos para desmoldar [construção]
040037,4,Sebo
040038,4,Produtos para remover pó
040039,4,Óleos para iluminação
040040,4,Gás para iluminação
040041,4,Combustível para iluminação
040042,4,Óleo lubrificante
040043,4,Gasolina
040044,4,Éter de petróleo
040045,4,Ligroína
040046,4,Pavios para velas
040047,4,Geleia de petróleo para uso industrial
040048,4,Óleo diesel
040048,4,Gasóleo
040049,4,Gás combustível
040050,4,Gás de óleo
040052,4,Grafite lubrificante
040053,4,Òleo de coltar [óleo de alcatrão de hulha]
040054,4,Nafta de carvão
040055,4,Óleos para conservação de alvenaria
040056,4,Óleo umectante
040057,4,Óleo de peixe para uso industrial
040058,4,Preparações de óleo de soja para tratamento antiaderente de utensílios de cozinha
040059,4,Querosene
040060,4,Graxa lubrificante
040061,4,Pavios de candeeiro
040062,4,Linhita
040063,4,Lubrificantes
040064,4,Mazut [óleo pesado combustível]
040065,4,Óleo de colza para uso industrial
040066,4,Nafta
040067,4,Óleo de ossos para uso industrial
040068,4,Oleína
040069,4,Ozocerite
040070,4,Parafina
040071,4,"Petróleo, em bruto ou refinado"
040072,4,Pó de carvão [combustível]
040073,4,Estearina
040074,4,Lanolina
040074,4,Suarda [lanolina]
040075,4,Óleo de girassol para uso industrial
040076,4,Velas votivas
040079,4,Compostos para ligar pó
040080,4,Óleo para uso têxtil
040081,4,Carburantes
040081,4,Combustível para motor
040084,4,Óleo combustível
040085,4,"Aditivos, não químicos, para combustível para motores"
040086,4,Graxas para conservação de couro
040087,4,Óleo industrial
040088,4,Gás solidificado [combustível]
040089,4,Óleo de rícino para uso industrial
040090,4,Óleos para conservação de couro
040101,4,Fluidos de corte
040102,4,Óleos para tintas
040103,4,Gás pobre
040104,4,Óleo para motor
040105,4,Velas perfumadas
040106,4,Energia elétrica
040107,4,Etanol [combustível]
040108,4,Acendalha
040109,4,Compostos para absorção de pó
040110,4,Benzina
040111,4,Combustível à base de biomassa [biocombustível]
040112,4,Combustível à base de benzeno
040113,4,Combustível à base de xileno
040114,4,Cera para esquis
040115,4,Lanolina para uso na fabricação de cosméticos
040116,4,Cera de abelha para uso na fabricação de cosméticos
040117,4,Carvão para narguilé
040118,4,Óleo de transmissão
040119,4,Lascas de madeira para uso como combustível
040120,4,Lascas de madeira para defumar e saborizar alimentos
040121,4,Velas de soja
040122,4,Óleo dielétrico para uso em metalurgia
040123,4,Combustível hidrogênio
040124,4,Gás natural
050001,5,Abrasivos dentários
050002,5,Aconitina
050003,5,Adesivos para dentaduras
050005,5,Preparações para purificar o ar
050006,5,Alimentos à base de albumina para uso medicinal
050007,5,Preparações à base de albumina para uso medicinal
050008,5,Álcool para uso medicinal
050009,5,Aldeídos para uso farmacêutico
050010,5,Ligas de metais preciosos para uso odontológico
050012,5,Amálgamas dentários
050013,5,Amido para uso dietético ou farmacêutico
050017,5,Anestésicos
050018,5,Óleo essencial de endro para uso medicinal
050019,5,Esparadrapos
050020,5,Casca de angustura para uso medicinal
050022,5,Chá antiasma
050023,5,Pomada protetora contra enregelamento de membros para uso farmacêutico
050025,5,Preparações para hemorróidas
050026,5,Preparações para destruir fungos da podridão seca
050028,5,Substâncias contra traças
050029,5,Preparações antiparasitárias
050030,5,Antissépticos
050031,5,Algodão antisséptico
050032,5,Preparações antiúricas
050033,5,Lápis antiverrugas
050034,5,Algodão asséptico
050035,5,Papel apanha-moscas
050036,5,Caldos para culturas bacteriológicas para uso médico ou veterinário
050036,5,Meios para culturas bacteriológicas para uso médico ou veterinário
050037,5,Preparações bacteriológicas para uso medicinal e veterinário
050038,5,Venenos bacterianos
050039,5,Preparações bacterianas para uso medicinal ou veterinário
050040,5,Anéis para calos dos pés
050041,5,Preparações para banhos com fins medicinais
050042,5,Sais para banhos de água mineral
050043,5,Banhos de oxigênio
050044,5,Água do mar para banhos medicinais
050045,5,Preparações terapêuticas para banhos
050046,5,Preparações balsâmicas para uso medicinal
050049,5,Ataduras para curativos
050050,5,Bálsamos para uso medicinal
050051,5,Produtos para lavar gado [inseticidas]
050052,5,Biocidas
050053,5,Preparações de bismuto para uso farmacêutico
050054,5,Água saturnina [solução aquosa de subacetato de chumbo]
050054,5,Água vegetomineral de goulard [solução aquosa de subacetato de chumbo]
050055,5,Inseticidas
050056,5,Carvão vegetal para uso farmacêutico
050057,5,Balas [doces] medicinais
050058,5,Lama medicinal
050058,5,Sedimento medicinal [lama]
050059,5,Lama para banhos
050061,5,Preparações para tratamento de queimaduras
050062,5,Catechu para uso farmacêutico
050063,5,Preparações para calos
050064,5,Calomelano [fungicida]
050065,5,Pó de cantáridas
050066,5,Borracha para uso odontológico
050067,5,Xaropes para uso farmacêutico
050068,5,Cápsulas para remédios
050069,5,Preparações farmacêuticas
050070,5,Cataplasmas
050072,5,Algodão [chumaço] para uso medicinal
050073,5,Bandagem [atadura] para uso medicinal
050074,5,Preparações farmacêuticas à base de cal
050075,5,Produtos para lavar cães [inseticidas]
050076,5,Repelentes para cães
050077,5,Preparações químico-farmacêuticas
050079,5,Cloral hidratado para uso farmacêutico
050080,5,Clorofórmio
050081,5,"Cigarros sem tabaco, para uso medicinal"
050082,5,Cimentos dentários
050083,5,Cimento para cascos de animal
050084,5,Cera de moldagem para uso odontológico
050086,5,Cocaína para fins medicinais
050087,5,Coleiras antiparasitas para animais
050088,5,Colírios
050089,5,Compressas
050090,5,Preparações vitamínicas*
050091,5,Condutores químicos para eletrodos de eletrocardiógrafo
050092,5,Casca de condurango para uso medicinal
050093,5,Remédios para alívio de constipação
050094,5,Soluções para lentes de contato
050095,5,Contraceptivos químicos
050096,5,Substâncias para contraste radiológico para uso médico
050098,5,Calicidas [remédios contra calos]
050099,5,Algodão para uso medicinal
050100,5,Preparações farmacêuticas para tratamento de queimaduras de sol
050102,5,Bastões cáusticos
050103,5,Preparações para frieiras
050104,5,Bastões hemostáticos
050105,5,Casca de cróton
050106,5,Curare
050107,5,Vacinas
050108,5,Detergentes para uso médico
050109,5,Decocções para uso farmacêutico
050110,5,Materiais para obturação dentária
050111,5,Materiais para moldes dentários
050112,5,Vernizes dentários
050113,5,Mástiques dentários
050114,5,Curativos medicinais
050115,5,Porcelana para próteses dentárias
050116,5,Preparações para facilitar a dentição
050117,5,Medicamentos depurativos
050118,5,Desinfetantes para uso higiênico
050119,5,"Desodorantes, exceto para seres humanos e animais"
050120,5,Preparações para matar camundongos
050121,5,"Pão para diabéticos, para fins medicinais"
050122,5,Digestivos para uso farmacêutico
050123,5,Digitalina
050124,5,Analgésicos
050125,5,Drogas para uso medicinal
050126,5,"Estojos portáteis para remédios, abastecidos"
050127,5,Magnésia para uso farmacêutico
050128,5,Água de melissa para uso farmacêutico
050129,5,Água mineral para uso medicinal
050130,5,Sais de água mineral
050131,5,Água termal
050132,5,Cascas de árvore para uso farmacêutico
050133,5,Elixires [preparações farmacêuticas]
050134,5,Solventes para remover esparadrapo
050135,5,Preparações anticriptogâmicas
050136,5,Esponjas vulnerárias
050137,5,Sais para uso medicinal
050138,5,Ésteres para uso farmacêutico
050139,5,Éteres para uso farmacêutico
050140,5,Curativos cirúrgicos
050141,5,Eucaliptol para uso farmacêutico
050142,5,Eucalipto para uso farmacêutico
050143,5,Purgantes
050144,5,Farinhas para uso farmacêutico
050145,5,Farinhas lácteas para bebês
050146,5,Febrífugos
050147,5,Erva-doce para uso medicinal
050148,5,Infusões medicinais
050149,5,Chás medicinais
050150,5,Óleo de fígado de bacalhau
050151,5,Fungicidas
050152,5,Nervinos
050153,5,Guaiacol para uso farmacêutico
050154,5,Vermífugos
050154,5,Anti-helmínticos
050155,5,Gaze para curativos
050156,5,Laxativos
050157,5,Gelatina para uso medicinal
050158,5,Genciana para uso farmacêutico
050159,5,Germicidas
050160,5,Glicerofosfatos
050161,5,Gomas para uso medicinal
050162,5,Linhaça para uso farmacêutico
050163,5,Gorduras para uso medicinal
050164,5,Gorduras para uso veterinário
050165,5,Gordura para ordenhar
050166,5,Preparações químicas para diagnóstico de gravidez
050167,5,Óleos medicinais
050168,5,Hematogênio
050169,5,Hemoglobina
050170,5,Ervas medicinais
050171,5,Hormônios para uso medicinal
050172,5,Óleo de mostarda para uso medicinal
050174,5,Hidrastina
050175,5,Hidrastinina
050176,5,Algodão hidrófilo
050177,5,Sêmen para inseminação artificial
050178,5,Repelentes contra insetos
050179,5,Tintura de iodo
050180,5,Peptonas para uso farmacêutico
050181,5,Iodofórmio
050182,5,Musgo irlandês para uso medicinal
050183,5,Jalapa [vegetal]
050184,5,Jujubas medicinais
050185,5,Alcaçuz para uso farmacêutico
050186,5,Extratos de tabaco [inseticidas]
050187,5,Fermentos lácticos para uso farmacêutico
050188,5,Bebidas de leite maltado para uso medicinal
050189,5,Produtos para lavar animais [inseticidas]
050190,5,Farinha de linhaça para uso farmacêutico
050191,5,Loções para uso farmacêutico
050192,5,Açúcar de leite para uso farmacêutico
050192,5,Lactose para uso farmacêutico
050193,5,Produtos para exterminar larvas
050194,5,Lêvedo para uso farmacêutico
050195,5,Preparações para exterminar lesmas
050196,5,Linimentos [ungüentos]
050197,5,Lupulina para uso farmacêutico
050198,5,Gomas de mascar para uso medicinal
050199,5,Casca de mangue para uso farmacêutico
050200,5,Calcinhas higiênicas para menstruação
050200,5,Calças higiênicas para menstruação
050201,5,Menta para uso farmacêutico
050202,5,Preparações químicas para tratar mofo
050203,5,Malte para uso farmacêutico
050204,5,Herbicidas
050204,5,Preparações para destruir ervas daninhas
050205,5,Bastões de enxofre [desinfetantes]
050207,5,Pomadas para uso medicinal
050208,5,Tinturas para uso medicinal
050209,5,Soros para fins médicos
050210,5,Mentol
050211,5,Ungüentos mercuriais
050212,5,Substâncias nutritivas para microrganismos
050213,5,Culturas de microrganismos para uso medicinal ou veterinário
050214,5,Pastilhas para uso farmacêutico
050216,5,Veneno para ratos
050217,5,Cola para capturar moscas
050217,5,Adesivos para capturar moscas
050218,5,Preparações para abater moscas
050219,5,Mostarda para uso farmacêutico
050220,5,Loções para uso veterinário
050221,5,Casca de mirabólano para uso farmacêutico
050222,5,Preparações químicas para tratar ferrugem em plantas
050222,5,Preparações químicas para tratar mangra
050223,5,Narcóticos
050224,5,Sais aromáticos
050225,5,Ungüentos para uso farmacêutico
050226,5,Opiáceos
050227,5,Ópio para fins médicos
050228,5,Opodeldoque
050229,5,Preparações para opoterapia
050229,5,Preparações para organoterapia
050230,5,Amálgamas dentários de ouro
050231,5,Pectina para uso farmacêutico
050232,5,Absorventes higiênicos internos
050232,5,Absorventes internos para menstruação
050234,5,Toalhas higiênicas para menstruação
050234,5,Absorventes higiênicos externos para menstruação
050236,5,Fenol para uso farmacêutico
050237,5,Papel para sinapismos
050237,5,Papel para cataplasmas de mostarda
050238,5,Parasiticidas
050239,5,Preparações farmacêuticas para cuidar da pele
050240,5,Chás de ervas para uso medicinal
050241,5,Preparações farmacêuticas para combate à caspa
050242,5,Pepsinas para uso farmacêutico
050243,5,Comprimidos para uso farmacêutico
050244,5,"Estojos de primeiros socorros, abastecidos"
050245,5,Fosfatos para uso farmacêutico
050246,5,Preparações químicas para tratar filoxera
050247,5,Remédios antitranspirantes para os pés
050248,5,Plasma sanguíneo
050249,5,Venenos
050251,5,Sais de potássio para uso medicinal
050252,5,Pó de píretro
050253,5,Quebracho para uso medicinal
050254,5,Quássia para uso medicinal
050255,5,Quinquina [quina] para uso medicinal
050255,5,Cinchona para uso medicinal
050256,5,Quinino para uso medicinal
050257,5,Quinoleína para uso medicinal
050258,5,Substâncias radioativas para uso medicinal
050259,5,Rádio para uso medicinal
050260,5,Raízes medicinais
050261,5,Raízes de ruibarbo para uso farmacêutico
050262,5,Tônicos [medicamento]
050263,5,Subnitrato de bismuto [nitrato básico de bismuto] para uso farmacêutico
050264,5,Salsaparrilha para uso medicinal
050265,5,Sangue para uso medicinal
050266,5,Sanguessugas para uso medicinal
050267,5,Escapulários para uso cirúrgico
050268,5,Sedativos
050268,5,Tranqüilizantes
050269,5,Ergotina para uso farmacêutico
050270,5,Medicamentos soroterápicos
050271,5,Emplastros de mostarda
050271,5,Cataplasmas de mostarda
050272,5,Preparações para esterilização do solo
050273,5,Soporíferos
050274,5,Sais de sódio para uso medicinal
050275,5,Preparações para esterilização
050276,5,Estricnina
050277,5,Substâncias hemostáticas [estípticos]
050278,5,Açúcar para uso medicinal
050279,5,Sulfonamidas [medicamentos]
050280,5,Supositórios
050281,5,Tártaro para uso farmacêutico
050282,5,Terebintina para uso farmacêutico
050283,5,Óleo de terebintina para uso farmacêutico
050284,5,Timol para uso farmacêutico
050285,5,Remédios contra transpiração
050286,5,Papel antitraça
050287,5,Preparações veterinárias
050288,5,Preparações químicas para tratar doenças da vinha
050289,5,Preparações para destruir pragas
050290,5,Vesicantes
050291,5,Acetatos para uso farmacêutico
050292,5,Ácidos para uso farmacêutico
050294,5,Fitas adesivas para uso medicinal
050296,5,Alcaloides para uso medicinal
050297,5,Alimentos dietéticos adaptados para uso medicinal
050298,5,Alimentos para bebês
050299,5,Acetato de alumínio para uso farmacêutico
050300,5,Leite de amêndoas para uso farmacêutico
050301,5,Ungüentos para queimaduras de sol
050302,5,Sais de banho para uso medicinal
050303,5,Bastões de alcaçuz para uso farmacêutico
050304,5,Bicarbonato de sódio para uso farmacêutico
050305,5,Preparações biológicas para uso medicinal
050306,5,Bromo para uso farmacêutico
050307,5,Bebidas dietéticas adaptadas para uso medicinal
050308,5,Óleo de cânfora para uso medicinal
050309,5,Cânfora para uso medicinal
050310,5,Açúcar-cande para uso medicinal
050311,5,Carbolineum [parasiticida]
050312,5,Algicidas
050313,5,Lecitina para uso medicinal
050314,5,Gases para uso medicinal
050315,5,Protetores para calcinha [produtos higiênicos]
050316,5,Geleia real para uso farmacêutico
050317,5,Preparações medicinais para emagrecimento
050318,5,Ésteres de celulose para uso farmacêutico
050319,5,Cáusticos para uso farmacêutico
050320,5,Éteres de celulose para uso farmacêutico
050321,5,Subprodutos do processamento de grãos de cereais para fins dietéticos ou medicinais
050323,5,Preparações químicas para uso farmacêutico
050324,5,Colódio para uso farmacêutico
050325,5,Creme de tártaro para uso farmacêutico
050326,5,Creosoto para uso farmacêutico
050327,5,Medicamentos para uso odontológico
050328,5,Medicamentos para uso humano
050329,5,Medicamentos para uso veterinário
050330,5,Preparações para diagnóstico para uso medicinal
050331,5,Glicerina para uso medicinal
050332,5,Bebidas medicinais
050333,5,Fermentos para uso farmacêutico
050334,5,Flores de enxofre para uso farmacêutico
050335,5,Formaldeído para uso farmacêutico
050336,5,Ervas para fumar para uso medicinal
050337,5,Inalantes para fins médicos
050338,5,Ácido gálico para uso farmacêutico
050339,5,Geleia de petróleo para uso medicinal
050340,5,Glicose para uso medicinal
050341,5,Gomas-gutas para uso medicinal
050342,5,Bálsamo de gurjun para uso medicinal
050343,5,Extratos de lúpulo para uso farmacêutico
050344,5,Óleo de rícino para uso medicinal
050345,5,Peróxido de hidrogênio para uso medicinal
050346,5,Iodo para uso farmacêutico
050347,5,Iodetos para uso farmacêutico
050348,5,Iodetos alcalinos para uso farmacêutico
050349,5,Isótopos para uso medicinal
050350,5,Substâncias dietéticas adaptadas para uso medicinal
050351,5,Fraldas higiênicas para pessoas com incontinência
050361,5,Preparações biológicas para uso veterinário
050362,5,Preparações químicas para uso medicinal
050363,5,Preparações químicas para uso veterinário
050364,5,Reagentes químicos para uso medicinal ou veterinário
050365,5,Preparações para limpeza de lentes de contato
050366,5,Diástase para uso medicinal
050367,5,Fibras alimentares
050368,5,Enzimas para uso medicinal
050369,5,Enzimas para uso veterinário
050370,5,Preparações enzimáticas para uso medicinal
050371,5,Preparações enzimáticas para uso veterinário
050372,5,Calças absorventes para pessoas com incontinência
050373,5,Sicativos [agentes secantes] para uso medicinal
050374,5,Lenços impregnados com loções farmacêuticas
050375,5,Preparações de elementos traço para uso humano ou animal
050376,5,Aminoácidos para uso medicinal
050377,5,Aminoácidos para uso veterinário
050378,5,Protetores para seios [amamentação]
050379,5,Cedro para uso como repelente de insetos
050380,5,Desinfetantes para banheiros químicos
050381,5,Farinha de peixe para uso farmacêutico
050382,5,Suplementos alimentares minerais
050383,5,Enxaguantes bucais para uso medicinal
050384,5,Suplementos nutricionais
050385,5,Cimento ósseo para usos cirúrgico e ortopédico
050386,5,Incenso repelente de insetos
050387,5,Acaricidas
050388,5,Antibióticos
050389,5,Moderadores de apetite para uso medicinal
050390,5,Preparações broncodilatadoras
050391,5,Protetores para joanetes
050392,5,Molesquim [tecido de algodão] para uso medicinal
050393,5,Produtos para lavagem vaginal de uso médico
050394,5,Preparações medicinais para crescimento do cabelo
050395,5,Esteróides
050396,5,Adjuvantes para uso medicinal
050397,5,Implantes cirúrgicos com tecidos vivos
050398,5,Tapa-olhos para uso medicinal
050399,5,Oxigênio para fins medicinais
050400,5,Desodorantes para roupas e materiais têxteis
050401,5,Preparações para desodorizar ambientes
050402,5,Preparações para higiene íntima para fins medicinais
050403,5,Células-tronco para fins medicinais
050404,5,Células-tronco para fins veterinários
050405,5,Cultura de tecido biológico para fins medicinais
050406,5,Cultura de tecido biológico para fins veterinários
050407,5,Sprays refrescantes para uso medicinal
050408,5,Lubrificantes sexuais
050409,5,Preparações de aloe vera para uso farmacêutico
050410,5,Pó de pérola para uso medicinal
050411,5,Preparações para diminuir a atividade sexual
050412,5,Fraldas para bebês
050413,5,Fraldas-calças para bebês
050414,5,Preparações para lavagem dos olhos para uso medicinal
050415,5,Pílulas de inibidor de apetite
050416,5,Pílulas para emagrecimento
050417,5,Pílulas para bronzeamento
050418,5,Pílulas antioxidantes
050419,5,Suplementos alimentares para animais
050420,5,Suplementos alimentares de albumina
050421,5,Suplementos alimentares de linhaça
050422,5,Suplementos alimentares de óleo de linhaça
050423,5,Suplementos alimentares de germe de trigo
050424,5,Suplementos alimentares de levedura
050425,5,Suplementos alimentares de geleia real
050426,5,Própolis para fins farmacêuticos
050427,5,Suplementos alimentares de própolis
050428,5,Suplementos alimentares de pólen
050429,5,Suplementos alimentares de enzimas
050430,5,Suplementos alimentares de glicose
050431,5,Suplementos alimentares de lecitina
050432,5,Suplementos alimentares de alginatos
050433,5,Alginatos para uso farmacêutico
050434,5,Suplementos alimentares de caseína
050435,5,Suplementos alimentares de proteína
050436,5,Suplementos de proteína para animais
050437,5,Papel reagente para uso médico
050438,5,Álcool para uso farmacêutico
050439,5,Pesticidas
050440,5,Fraldas para animais de estimação
050441,5,Desinfetantes
050442,5,Colas cirúrgicas
050443,5,Reagentes biomarcadores de diagnóstico para uso medicinal
050444,5,Preparações para tratamento da acne
050445,5,"Ração [forragem], com medicação, para fins veterinários"
050446,5,Preparações diagnósticas para fins veterinários
050447,5,Hastes com pontas de algodão para fins médicos
050448,5,Fórmula infantil [preparações alimentares para bebês]
050449,5,Leite em pó para bebês
050450,5,Transplantes [tecidos vivos]
050451,5,Colágeno para fins médicos
050452,5,Extratos de plantas para fins farmacêuticos
050453,5,Produtos farmacêuticos
050454,5,Preparações de microrganismos para uso medicinal ou veterinário
050455,5,Preparações fitoterápicas para fins medicinais
050456,5,Extratos de ervas para fins medicinais
050457,5,Géis para estimulação sexual
050458,5,Imunoestimulantes
050459,5,Preparações nutracêuticas para fins medicinais ou terapêuticos
050460,5,"Comida liofilizada, adaptada para fins medicinais"
050461,5,Comida homogeneizada para fins medicinais
050462,5,Seringas pré-abastecidas para fins medicinais
050463,5,Carne liofilizada adaptada para fins medicinais
050464,5,Papéis reagentes para fins veterinários
050465,5,Adstringentes para fins medicinais
050466,5,Dentifrícios medicamentosos
050467,5,Preparações para tratamento contra piolhos [pediculicida]
050468,5,Xampus contra piolhos
050469,5,Xampus inseticidas para animais
050470,5,Banhos de uso veterinário com propriedades inseticidas
050471,5,Sabonete antibacteriano
050472,5,Loções antibacterianas para lavagem das mãos
050473,5,Loções pós-barba medicinais
050474,5,Xampus medicinais
050475,5,Preparações medicinais de toucador
050476,5,Loções capilares medicinais
050477,5,Xampus a seco medicinais
050478,5,Xampus medicinais para animais de estimação
050479,5,Sabão desinfetante
050480,5,Sabonete medicinal
050481,5,Velas de massagem para fins terapêuticos
050482,5,Suplementos alimentares à base de pó de açaí
050483,5,Adesivos transdérmicos com suplementos vitamínicos
050484,5,Suplementos alimentares com efeito cosmético
050485,5,Gomas de mascar de nicotina para auxílio no abandono do tabagismo
050486,5,Adesivos transdérmicos de nicotina para auxílio no abandono do tabagismo
050487,5,"Cápsulas feitas de polímero à base de dendrímeros, para preparações farmacêuticas"
050488,5,Preparações químicas para tratar doenças de plantas cerealíferas
050489,5,Enchimentos cutâneos injetáveis
050490,5,Pulseiras impregnadas com repelentes de insetos
050491,5,Pasta de dentes medicamentosa
050492,5,Gel de massagem para uso medicinal
050493,5,Bastões para o alívio da dor de cabeça
050494,5,Esponjas contraceptivas
050495,5,Fraldas de natação descartáveis para bebês
050496,5,Fraldas de natação reutilizáveis para bebês
050497,5,"Colchonetes, descartáveis, para a troca de fraldas de bebês"
050498,5,Produtos para preenchimento de cavidades ósseas compostos por tecidos vivos
050499,5,"Cilindros de oxigênio, cheios, para fins medicinais"
050500,5,Cannabis para uso medicinal
050500,5,Maconha para uso medicinal
050501,5,Desodorizantes para caixas de areia
050502,5,Desodorizantes aromáticos para toaletes
050503,5,Tiras de diagnóstico para testar leite materno para fins medicinais
050504,5,Suplementos alimentares de proteína de soro do leite
050505,5,Suplementos alimentares de levedura de cerveja
050506,5,Preparações de canabidiol para uso medicinal
050507,5,Tetrahidrocanabinol [thc] para uso medicinal
050508,5,Chá para banho para fins terapêuticos
050509,5,Tapetes higiênicos descartáveis para forrar colchonetes para animais de estimação
050510,5,Anti-inflamatórios
050511,5,Tapetes higiênicos descartáveis para adestrar animais de estimação
050512,5,Rolos de moxa para moxabustão
050512,5,Bastões de moxa para moxabustão
050513,5,Suplementos alimentares para seres humanos
050514,5,Lenços impregnados com desinfetantes para uso higiênico
050515,5,Hidratantes para a pele enquanto enchimentos cutâneos injetáveis
050516,5,Óleo de amêndoas para fins médicos
050517,5,Preparações dermatológicas
050518,5,Adesivos para mamilos para fins médicos
050519,5,Pomada à base de mel para fins médicos
050520,5,"Preparações de diagnóstico para fins medicinais, para uso em laboratórios médicos"
050521,5,Pré-envoltórios [underwrap] para fitas atléticas
050522,5,Adesivos impregnados com preparações para tratamento da acne
050523,5,Bolsas de nicotina para auxílio no abandono do tabagismo
050524,5,Filmes impregnados para tratamento de queimaduras
050525,5,Óleos de aromaterapia
050526,5,Cremes de aromaterapia
050527,5,Água floral para fins medicinais
050528,5,Géis de hialuronato de sódio para fins médicos
050529,5,Suplementos alimentares de colostro
050530,5,Preparações de nicotina para uso como auxiliares para parar de fumar
050531,5,Corantes fluorescentes para fins médicos
060001,6,"Aço, bruto ou semitrabalhado"
060002,6,Ligas de aço
060003,6,Cintas de aço
060003,6,Folhas de aço
060004,6,Fios de aço
060005,6,Aço fundido
060006,6,Mastros de aço
060009,6,Venezianas de aço
060010,6,Chapas de aço
060011,6,Tubos de aço
060011,6,Canos de aço
060012,6,Prendedores de metal para correias de máquinas
060013,6,Agulhas para estradas de ferro
060013,6,Agulhas para linhas férreas
060014,6,Bocais/bicos* de metal
060016,6,Prata níquel
060016,6,Prata alemã [alpaca]
060017,6,Alumínio
060018,6,Bronze
060019,6,Fios de alumínio
060020,6,Chapas para ancoragem
060021,6,Dosadores de metal
060022,6,Lingüetas de metal
060023,6,Mastros de metal
060024,6,Varas de metal
060025,6,Armadilhas para animais selvagens *
060026,6,Cintas de metal para sustentação de cargas
060027,6,Metal antifricção
060028,6,Protetores de metal para árvores
060029,6,Cofres de dinheiro [metálicos ou não metálicos]
060030,6,Soldadura de prata
060032,6,Liga de estanho prateado
060033,6,Materiais de metal para reforço de concreto
060034,6,Cofres-fortes [metálicos ou não metálicos]
060035,6,Travas de metal para janelas
060036,6,Travas de metal para portas
060037,6,Anilhos [arruelas] de metal
060038,6,Anéis de metal*
060038,6,Anéis de parada de metal
060039,6,Gonzos de metal
060040,6,Pisos de metal
060041,6,Arame farpado
060042,6,Barras de metal para balaustradas
060043,6,Berílio [glucínio]
060043,6,Glucínio [berílio]
060044,6,Correntes para gado
060045,6,Bigornas de encaixe
060046,6,Metal branco
060047,6,Chapas de metal para blindagem
060048,6,Fechos de metal para caixa
060049,6,Parafusos de metal para uso com porcas
060050,6,Garrafas [recipientes] de metal para gás comprimido ou ar líquido
060051,6,Pulseiras de metal para identificação
060052,6,Chapas grossas de ferro
060053,6,Ligas para brasagem
060054,6,Flanges [cintas] de metal
060055,6,Monumentos de bronze para túmulos
060055,6,Monumentos fúnebres de bronze para túmulos
060056,6,Bronzes [obras de arte]
060057,6,Cabos teleféricos
060058,6,Cordagem de metal para cabos
060059,6,"Junções de metal para cabos, não elétricas"
060059,6,"Uniões de metal para cabos, não elétricas"
060061,6,Cádmio
060062,6,"Cadeados de metal, não eletrônicos"
060063,6,Calços
060064,6,Ponteiras de metal para bengalas
060065,6,Recipientes de metal para armazenar ácidos
060066,6,Cofres de segurança
060067,6,Háfnio
060068,6,Correntes de metal *
060071,6,Correntes de metal de segurança
060073,6,Elos de metal para correntes
060074,6,Caixilhos de metal para construção
060075,6,Roldanas de metal para janelas
060075,6,Roldanas de metal para caixilho de janela
060076,6,Dutos de metal para instalações de aquecimento central
060076,6,Canos de metal para instalações de aquecimento central
060076,6,Dutos e canos de metal para instalações de aquecimento central
060077,6,Cravos de ferraduras
060078,6,Cavilhas de metal
060079,6,Cromo
060080,6,Cromato de ferro
060081,6,Minério de cromo [cromita]
060082,6,Chavetas de metal [contrapinos]
060083,6,Chaves de metal
060085,6,Pregos de metal
060086,6,Pregos pequenos sem cabeça metálicos
060086,6,Tachas pequenas sem cabeça metálicas
060087,6,Buchas de metal
060088,6,Cobalto bruto
060089,6,Materiais de metal para linhas férreas
060090,6,Colunas metálicas para edificações
060091,6,Canos de metal para água
060092,6,Mangas [ferragem de metal]
060093,6,Latas
060093,6,Latas para conservas
060094,6,"Contêineres de metal [armazenagem, transporte]"
060095,6,Contratrilhos de metal
060096,6,Moldes em forma de concha [fundição]
060097,6,Bigornas
060098,6,Rufos de metal para telhados
060099,6,Joelhos de metal para canos
060100,6,Portas de metal *
060101,6,Esticadores de metal para correias
060102,6,Ganchos de metal
060103,6,Cremalheiras de metal
060104,6,Cremonas
060105,6,Ganchos [ferragens de metal]
060106,6,Guarnições de metal para janelas
060108,6,Fios de metal comum
060109,6,"Cobre, bruto ou semitrabalhado"
060110,6,Anéis de cobre
060111,6,Tubos em metal para revestimento de poços
060112,6,Contêineres de metal para gás comprimido ou ar líquido
060113,6,Capachos de metal
060114,6,Canos de metal para drenagem
060115,6,"Ferro, bruto ou semitrabalhado"
060116,6,Talas de junções para trilhos
060118,6,Parafusos de metal com rosca soberba
060119,6,Embalagens de folha-de-flandres [latas]
060120,6,Caixas de correio de metal
060121,6,"Campainhas metálicas de porta, não elétricas"
060122,6,Esporas
060123,6,Esquadros de metal para construção
060124,6,Escadas de metal
060125,6,Trancas de metal para janela
060127,6,Tubos de metal
060127,6,Canos de metal
060129,6,Trilhos de metal
060130,6,Ferragens de metal para janelas
060131,6,Fitas de ferro
060131,6,Folhas de ferro em rolo
060132,6,Fio de ferro
060133,6,"Ferro fundido, bruto ou semitrabalhado"
060134,6,Minério de ferro
060135,6,"Mecanismos metálicos para fechar portas, não elétricos"
060135,6,"Molas metálicas para fechar portas, não elétricas"
060136,6,Ferromolibdênio
060137,6,Ferrosilício
060138,6,Ferrotitânio
060139,6,Ferrotungstênio
060140,6,Ferragens para construção
060141,6,Cavilhas [ferragens metálicas]
060143,6,Olhais [ferragens metálicas]
060144,6,"Trancas de metal, exceto elétricas"
060145,6,Galena [minério]
060146,6,Selos de chumbo
060147,6,Germânio
060148,6,Cata-ventos de metal
060149,6,Grampos para escalada
060150,6,Fôrmas de metal para gelo
060151,6,Bicos de lubrificação
060152,6,Grades de metal
060153,6,Fechos de molas
060154,6,Índio
060155,6,Emblemas de metal para veículos
060156,6,Gelosias [venezianas] de metal
060157,6,"Latão, bruto ou semitrabalhado"
060158,6,Persianas externas de metal
060159,6,Rampas de metal para lançamento de foguetes
060160,6,Ripas de metal
060161,6,Limalhas
060162,6,Vigas de metal para escadas
060163,6,Limonito
060164,6,Lingotes de metal comum
060165,6,Lintéis de metal
060166,6,Rodízios de metal para camas
060167,6,Trincos de metal
060168,6,Lingotes [metalurgia]
060169,6,Magnésio
060170,6,Construções transportáveis de metal
060172,6,Virolas de metal para cabos [empunhaduras]
060173,6,Mangas de engate metálicas para canos
060174,6,Manganês
060175,6,Paletes de metal para manuseio
060176,6,Paletes de metal para transporte de carga
060177,6,Degraus de metal
060179,6,Marquises [estruturas] de metal
060180,6,"Batentes de portas, de metal"
060181,6,Algemas
060182,6,"Metais comuns, brutos ou semitrabalhados"
060183,6,Minérios de metal
060184,6,Tecidos de fios de metal
060185,6,Metais pirofóricos
060187,6,Rodízios de metal para móveis
060188,6,Pranchas de metal [folhas]
060189,6,Molibdênio
060190,6,Monumentos de metal
060191,6,Tenazes [ferragem de metal]
060192,6,Revestimentos de parede em placas metálicas para construção
060193,6,Níquel
060194,6,Nióbio
060195,6,Rufos de metal para construção
060197,6,Venezianas de metal
060198,6,Paliçadas de metal [tapumes]
060199,6,Cestos de metal
060200,6,"Painéis sinalizadores, não luminosos e não mecânicos, de metal"
060201,6,Revestimentos metálicos de parede para construção
060202,6,Cabides de metal para vestuário
060203,6,"Rinques de patinação [construções], em metal"
060204,6,Lingüetas de fechaduras
060205,6,Postes de metal
060206,6,Molas [ferragens de metal]
060207,6,"Roldanas de metal, exceto para máquinas"
060208,6,Cavilhas [estacas] de metal para tendas
060209,6,Tetos de metal
060210,6,Assoalhos de metal
060211,6,Revestimento de metal para construções e edificações
060212,6,Placas giratórias [estrada de ferro]
060213,6,Telhas de metal
060214,6,"Chumbo, bruto ou semitrabalhado"
060215,6,Trampolins de metal
060216,6,Maçanetas de metal para portas
060217,6,Rebites de metal
060218,6,Portões de metal
060219,6,Painéis de metal para portas
060220,6,Fecho de metais para portas
060221,6,Argolas de metal comum para chaves
060222,6,Postes telegráficos de metal
060223,6,Zinco
060224,6,Vigas de metal
060225,6,Traves [vigas] de metal
060226,6,"Plataformas, pré-fabricadas, de metal"
060227,6,"Ferragens de metal, pequenas *"
060228,6,"Placas sinalizadoras para estrada, exceto luminosas e mecânicas, de metal"
060229,6,Conexões de metal para canos
060230,6,Tensores de fios de metal [tirantes de tensão]
060231,6,Recipientes de metal para embalagem
060232,6,Tanques de metal [recipientes]
060232,6,Reservatórios de metal
060233,6,Soleiras de metal
060235,6,"Sinais, não luminosos e não mecânicos, de metal"
060236,6,Estufas transportáveis de metal
060237,6,Fechaduras de metal para veículos
060238,6,Batentes de metal
060239,6,Silos de metal
060240,6,Sinos para animais
060241,6,Sinos*
060242,6,Fios de metal para soldar
060243,6,"Válvulas de metal, exceto peças de máquinas"
060244,6,Estátuas de metal comum
060245,6,Dormentes de metal para linhas férreas
060245,6,Dormentes de metal para estradas de ferro
060246,6,Tântalo [metal]
060247,6,Fechos
060248,6,Bigornas [portáteis]
060249,6,Tirantes de tensão [tensores]
060251,6,Titânio
060252,6,Telhados de metal
060253,6,Tombac [liga]
060254,6,Túmulos de metal
060255,6,"Catracas [borboletas] de metal, não automáticas"
060256,6,Treliça de metal
060257,6,Tungstênio
060258,6,Encanamento de metal
060259,6,Vanádio
060260,6,Janelas de batente metálicas
060262,6,Virolas
060263,6,Aviários de metal [estruturas]
060264,6,Zircônio
060265,6,Esferas de aço
060266,6,Construções de aço
060267,6,Armaduras de metal para dutos de ar comprimido
060268,6,"Fios de ligas de metal comum, exceto fusíveis"
060269,6,Ligas de metal comum
060270,6,Folhas de alumínio
060271,6,Estacas de metal para amarração
060272,6,Cais flutuantes de metal para amarração de barcos
060273,6,Âncoras *
060274,6,Lambris de metal
060275,6,Materiais de metal para reforço de canos
060276,6,Materiais de metal para reforço de construção
060277,6,Materiais de metal para reforço de correias de máquinas
060278,6,Obras de arte de metal comum
060279,6,Recipientes de metal para misturar argamassa
060280,6,Banheiras para aves [estruturas de metal]
060282,6,"Balizas de metal, não luminosas"
060284,6,Esticadores de fitas de ferro [tirantes de tensão]
060285,6,Fitas de metal para atar
060286,6,Fios de metal para atar
060287,6,Barris de metal
060288,6,Cintas de metal para barris
060289,6,Tonéis de metal
060290,6,Piscinas [estruturas de metal]
060291,6,Materiais de metal para construção
060291,6,Materiais de metal para construção
060292,6,Armaduras de metal para sustentação de concreto
060293,6,Instalações de metal para estacionar bicicletas
060294,6,Blocos de metal para pavimentação
060295,6,Caixas de metal comum
060296,6,Batoques de metal
060296,6,Tampões de metal
060297,6,Tampas de metal para vedação
060298,6,Fivelas de metal comum [ferragem]
060299,6,Tampas de metal para vedação de garrafas
060300,6,Fechos de metal para garrafas
060301,6,Maçanetas de metal
060302,6,Varetas de metal para brasagem
060303,6,Varetas de metal para brasagem e soldagem
060304,6,Varetas de metal para soldagem
060305,6,Correias de metal para manuseio de cargas
060306,6,Lingas de metal para manuseio de cargas
060307,6,Bustos de metal comum
060308,6,Cabines de metal para banho
060310,6,Cabines de metal para pintura com pistola
060311,6,"Cabos de metal, não elétricos"
060312,6,Cintas de metal para prender canos
060313,6,Abraçadeiras de metal para cabos ou tubos
060314,6,Parafusos de metal para cabos
060315,6,Caixilhos de metal para janelas
060316,6,Caixilhos de metal para estufa
060317,6,Estrados de metal para pisos
060318,6,Coberturas de metal para chaminés
060319,6,Cintas de metal para uso agrícola
060320,6,Dispositivos metálicos não elétricos para abrir portas
060321,6,Ladrilhos de metal para construção
060322,6,Ladrilhos de metal
060323,6,Jazigos de metal
060324,6,Guarnições de metal para caixões
060325,6,Paletes [plataformas] de metal para carga
060326,6,Bitolas de metal para medida de carga em vagões de trem
060327,6,Dobradiças de metal
060328,6,Vigas de metal para construção civil
060329,6,Batentes de metal para porta
060330,6,Materiais de metal para funiculares fixos de ferrovias
060331,6,Capuzes de metal para chaminés
060332,6,Calhas de metal para telhados
060335,6,Tubos de metal para drenagem [válvulas]
060336,6,Divisórias de metal
060337,6,Revestimentos de metal para poços de petróleo
060338,6,Recipientes de metal para combustível líquido
060339,6,Construções de metal
060340,6,Contêineres flutuantes de metal
060341,6,Cordas de metal
060343,6,Cornijas de metal
060344,6,Molduras de metal para cornijas
060345,6,Cantoneiras de metal
060346,6,Janelas de metal
060347,6,Ferragens para portas
060348,6,Rodízios de metal para portas corrediças
060349,6,Tampas de metal para alçapões
060350,6,Coberturas de metal para telhados
060351,6,Ganchos de metal para telhas de ardósia
060352,6,Ganchos de metal para cabideiros de roupas
060353,6,Fios de cobre não isolados
060354,6,Cubas de metal
060355,6,Degraus de metal para escadas
060356,6,Canos de metal para escoamento de águas
060357,6,Carretéis não mecânicos de metal para mangueiras flexíveis
060358,6,Dispensadores de toalha metálicos
060359,6,Válvulas de metal para canos de água
060360,6,Andaimes de metal
060361,6,Escadas [portáteis] de metal
060362,6,Escadas móveis de metal para embarque de passageiros
060363,6,Abraçadeiras de metal
060364,6,Porcas de metal
060365,6,Postes de metal para linhas de transmissão de energia
060366,6,Canos de metal para ramificação
060367,6,Cercaduras de metal para túmulos
060368,6,Cercas de metal
060370,6,Sinalizadores de metal
060372,6,Escoras de metal
060373,6,Estanho
060374,6,Folha-de-flandres
060375,6,Folha de estanho
060376,6,Chapas e placas de metal
060379,6,Fechos de metal para maletas
060380,6,Guarnições de metal para móveis
060381,6,Painéis de metal para construção
060382,6,Figuras de metal comum
060382,6,Estatuetas de metal comum
060383,6,Esticadores de tensão para fios de metal [tirantes de tensão]
060384,6,Moldes de metal para fundição
060385,6,Lajes funerárias de metal
060385,6,Lápides de metal
060386,6,Monumentos de metal para túmulos
060387,6,Placas de metal para túmulos
060388,6,Estelas funerárias de metal
060389,6,Placas comemorativas de metal
060390,6,Guarda-fogos de metal para fornos
060391,6,Suportes de metal para pipas [tonel]
060393,6,Guarnições de metal para camas
060394,6,Guarnições de metal para portas
060395,6,Fechos de metal para recipientes
060396,6,Ataduras de metal para feixes
060397,6,Cercas de segurança de metal para ruas e estradas
060398,6,Baús de metal
060398,6,Recipientes de metal
060399,6,Placas de metal para identificação
060400,6,Placas de metal para licenciamento de veículos
060401,6,Cermet
060402,6,Torneiras de metal para pipas
060411,6,Colunas de metal para publicidade
060412,6,Boias de metal para ancoragem [amarração]
060413,6,Chaminés de metal
060414,6,Hastes de metal para chaminés
060415,6,Dutos de metal para ventilação e instalações de ar condicionado
060416,6,Folhas de metal para embalagem e empacotamento
060417,6,Solda de ouro
060418,6,"Contêineres de metal, não mecânicos"
060419,6,"Letras e algarismos de metal comum, exceto tipos"
060420,6,Manilhas de metal para encanamentos
060421,6,Condutos forçados [de metal]
060422,6,Cabines telefônicas de metal
060423,6,"Caixas de metal para ferramentas, vazias"
060424,6,"Caixas [baú] de metal tipo gabinete para ferramentas, vazias"
060425,6,Galinheiros de metal
060426,6,Trancas para rodas de veículos
060427,6,Cabo de aço
060428,6,Telas de metal para mosquiteiro
060430,6,Pitões de metal
060431,6,Suportes para lenha [trasfogueiro]
060432,6,"Dispositivos metálicos para repelir aves, acionados pelo vento"
060433,6,Jaulas de metal para animais selvagens
060434,6,Metais em pó*
060435,6,"Materiais de construção refratários, metálicos"
060436,6,Pérgulas [construções de metal]
060437,6,Estábulos metálicos
060438,6,Pocilgas metálicas
060439,6,Casas pré-fabricadas [prontas para montar] de metal
060440,6,Bandejas de metal*
060441,6,Sarjetas metálicas
060442,6,Tampas metálicas de rosca para garrafas
060443,6,Dispositivos metálicos não elétricos para abrir janelas
060444,6,Dispositivos metálicos não elétricos para fechar janelas
060445,6,Ladrilhos de metal para paredes
060446,6,Lajes de metal
060447,6,Lajes de metal para construção
060448,6,Escabelos de metal para os pés
060449,6,"Telhados de metal, contendo células fotovoltaicas"
060450,6,Portas blindadas de metal
060451,6,"Barras de apoio, metálicas, para banheiras"
060452,6,Dispensadores metálicos de sacos para fezes de cachorro
060453,6,Metais em folha ou pó para impressoras 3d
060454,6,Fechos de metal para caixilhos de janelas
060455,6,Trancas metálicas para portas
060456,6,Telhas metálicas em “s” [ing. pantiles]
060457,6,Balaústres de metal
060458,6,Revestimento de metal para proteção externa de construções
060459,6,Barras de aço laminadas a quente
060460,6,Barras de aço polidas
060461,6,Barras descascadas de metal
060462,6,Barras de metal polidas e trefiladas
060463,6,Ganchos de metal para pendurar bolsas
060464,6,Cantoneiras de metal para móveis
060465,6,Etiquetas de metal
060466,6,Galões [recipientes] em metal para combustíveis
060467,6,Estacas de metal para plantas ou árvores
060468,6,Mastros [estruturas] para bandeiras metálicos
060469,6,Clipes de metal para fechar pacotes
060470,6,Pregos de metal para sapatos
060471,6,Tacos de metal para saltos de sapatos
060472,6,Cofres eletrônicos
060473,6,Portas do tipo camarão metálicas
060474,6,Molduras de metal para construção
060475,6,Cornijas de metal para lareiras
060476,6,Rampas de metal para veículos
060477,6,"Crucifixos de metal comum, exceto joias ou bijuterias"
060478,6,Portas do tipo vai e vem metálicas
060479,6,Recipientes de metal para drenagem de óleo
060480,6,Mastros de bandeira portáteis de metal
060481,6,Rolhas de metal
060482,6,Portas sanfonadas de metal
060483,6,Grelhas metálicas de lareira
060484,6,"Cabines metálicas de isolamento acústico, transportáveis"
060485,6,Painéis acústicos metálicos
060486,6,Miniestufas metálicas
060487,6,"Abraçadeiras para fios, em metal"
060487,6,"Presilhas para fios, em metal"
060488,6,"Lixeiras de metal, exceto para uso medicinal"
060489,6,Taças estatuárias comemorativas de metal comum
060490,6,Taças para premiação de metal comum Tampas feitas especialmente para manuseio e transporte de garrafas de metal para gás 6 comprimido
060492,6,Recipientes em metal para reciclagem
060493,6,Etiquetas de metal costuradas para vestuário
060494,6,Etiquetas adesivas em metal para bolsas
060495,6,Pisos laminados de metal
060496,6,Dispensadores metálicos de bilhete
060497,6,Caixas de metal para fornecer toalhas de papel
060498,6,Porta-papel higiênico de metal
060499,6,Postigos [janela] de metal
060500,6,Redes de proteção feitas de metal para rochas
060501,6,Materiais de metal para construção à prova de som
060502,6,Folhas de alumínio para fins culinários
060503,6,Cestas de compras metálicas para supermercado
060504,6,Estruturas de montagem em metal para painéis solares
060505,6,"Latas de lixo de metal, exceto para fins domésticos"
060505,6,"Lixeiras de metal, exceto para fins domésticos"
060506,6,Dispensadores de metal para sabonete
060507,6,"Engradados de metal [armazenamento, transporte]"
060508,6,Pranchas/placas de tração em metal para desatolar veículos
070001,7,Acoplamentos de eixos [máquinas]
070002,7,Aparelhos para purificação de acetileno
070003,7,Conversores para siderúrgicas
070004,7,Máquinas dispensadoras de fita para uso industrial
070005,7,Bombas de aeração para aquários
070006,7,Aerocondensadores
070007,7,Agitadores
070008,7,Máquinas agrícolas
070009,7,Elevadores para agricultura
070010,7,"Filtros para limpeza de ar de resfriamento, para motores"
070011,7,Condensadores de ar
070012,7,Aparelhos para tirar cerveja sob pressão
070013,7,Máquinas de corte para ajuste de tamanho para fins industriais
070014,7,Rolos compressores
070015,7,Alimentadores para carburadores
070016,7,Dispositivos de ignição para motores de combustão interna
070018,7,Alternadores
070019,7,Válvulas [peças de máquinas]
070020,7,Eixos de máquinas
070021,7,Virabrequins
070022,7,"Eixos de transmissão, exceto para veículos terrestres"
070023,7,Elevadores de passageiros
070024,7,Elevadores [máquinas]
070026,7,Máquinas misturadoras
070027,7,Rolamentos autolubrificantes
070028,7,Arados
070029,7,Motores de avião
070030,7,Máquinas para caiação
070031,7,Anéis para lubrificação [peças de máquinas]
070032,7,Segmentos de êmbolos
070032,7,Anéis de êmbolos
070033,7,Escovas de dínamo
070034,7,"Máquinas varredoras de rua, autopropulsoras"
070035,7,Bancadas para serrar [partes de máquinas]
070036,7,Correias para transportadores
070037,7,Correias transportadoras
070038,7,Tigelas batedeiras
070039,7,Tambores [peças de máquinas]
070040,7,Invólucros [partes de máquinas]
070041,7,Armações para máquinas
070042,7,Moinhos [máquinas]
070043,7,Debulhadoras
070044,7,Máquinas para bater
070045,7,Betoneiras [máquinas]
070046,7,Máquinas para fazer manteiga
070047,7,Dínamos para bicicletas
070048,7,Bielas para máquinas e motores
070049,7,Rolamentos de esferas
070050,7,Máquinas para fazer betume
070051,7,Máquinas colheitadeiras
070051,7,Máquinas ceifeiras
070052,7,Enfardadeiras
070054,7,Bobinas de tear [carretéis]
070054,7,Carretéis de tear
070055,7,Máquinas para trabalhar madeira
070056,7,Aparelhos para gaseificar bebidas
070057,7,Teares de malharia [máquinas]
070058,7,Enfardadeiras para feno
070059,7,Coletores de lama [máquinas]
070061,7,Velas para reaquecimento de motores diesel
070062,7,Máquinas para rosquear
070063,7,Máquinas para enxaguar
070064,7,Máquinas para encher garrafas
070065,7,Máquinas para lavar garrafas
070066,7,Máquinas de cervejaria
070067,7,Tambores para máquinas de bordar
070068,7,Escovas [peças de máquinas]
070069,7,Buldôzeres
070070,7,Pás mecânicas
070071,7,Máquinas para malhetar
070072,7,Cabrestantes
070073,7,Fateixas automáticas para uso náutico
070074,7,Correias para máquinas
070075,7,Capotas [partes de máquinas]
070075,7,Capôs [partes de máquinas]
070076,7,Máquinas componedoras [impressão]
070077,7,Injetores para motores
070078,7,Carburadores
070079,7,Guarnições para cardas [peças de máquinas de cardar]
070080,7,Facas enquanto peças de máquinas
070081,7,Caixas para matrizes [impressão]
070082,7,Peneiras para cinzas [máquinas]
070083,7,Separadores nata/leite
070084,7,Secadoras rotativas [centrífugas]
070085,7,Lubrificadores [peças de máquinas]
070086,7,Máquinas centrífugas
070087,7,Moinhos centrífugos
070088,7,Bombas centrífugas
070089,7,Descascadores de grãos
070089,7,Descascadores de cereais
070089,7,Descascadores de grãos e cereais
070090,7,Máquinas fresadoras
070091,7,Mancais de rolamento para máquinas
070092,7,Suportes para máquinas
070093,7,Escovas de carvão [eletricidade]
070094,7,Máquinas cortadoras de carvão
070095,7,Monta-cargas
070096,7,Rampas de carregamento
070097,7,Carros corrediça para máquinas de tricotar
070098,7,Tornos mecânicos [máquinas-ferramentas]
070099,7,Roldanas *
070100,7,Relhas de arado
070101,7,Acessórios para caldeiras de máquinas
070102,7,Prensas de uvas
070103,7,Máquinas de cigarros para uso industrial
070104,7,Máquinas para curvar
070105,7,Tosquiadeiras elétricas
070106,7,Tesouras elétricas
070107,7,Formões para máquinas
070108,7,Válvulas para charneiras [peças de máquinas]
070109,7,Filtros-prensas
070110,7,Coletores de incrustações para caldeiras de máquinas
070111,7,Comandos de pedal para máquinas de costura
070112,7,Máquinas para fotocomposição
070113,7,Compressores [máquinas]
070114,7,Turbocompressores
070115,7,Condensadores de vapor [peças de máquinas]
070116,7,Instalações de condensação
070117,7,Roldanas [peças de máquinas]
070118,7,Junções [peças de motor]
070118,7,Junções para vedação [peças de motor]
070119,7,Máquinas para fazer cordas
070120,7,Máquinas para fundição de tipos [caracteres tipográficos]
070122,7,Tosquiadores [máquinas]
070123,7,Cortadores [máquinas]
070124,7,Geradores de corrente
070125,7,Coroas de sondagem [partes de máquinas]
070126,7,Correias para dínamo
070128,7,Máquinas para pontear
070129,7,Dispositivos para almofadas de ar para deslocar cargas
070130,7,Rolamentos [partes de máquinas]
070131,7,Facas elétricas
070132,7,Macacos para cremalheiras
070133,7,Instalações de peneiramento
070135,7,Macacos [máquinas]
070136,7,Máquinas para trabalhar couro
070137,7,Cabeças de cilindro para motores
070138,7,Cultivadores [máquinas]
070139,7,Cilindros para máquinas
070140,7,Cilindros para impressão
070141,7,Cilindros para laminação
070143,7,Máquinas para selecionar de uso industrial
070145,7,Tremonhas [descarga mecânica]
070146,7,Máquinas cortadeiras
070147,7,Desgaseificadores para água de alimentação
070148,7,Removedores de relva
070149,7,Desengorduradores [máquina]
070150,7,Acionadores de partida para motores e máquinas
070151,7,Máquinas rendeiras
070152,7,Separadores de vapor/óleo
070153,7,Desintegradores
070154,7,Redutores de pressão [partes de máquinas]
070155,7,Dobadouras mecânicas
070157,7,Máquinas para adelgaçar couro
070158,7,Máquinas para drenagem
070159,7,Máquinas para aparar
070159,7,Máquinas para desbastar
070160,7,Dínamos
070162,7,Pulverizadores para esgoto
070163,7,Aparelhos para gaseificar água
070164,7,Aparelhos para a mineralização de água potável
070165,7,Aquecedores de água enquanto partes de máquinas
070166,7,Máquinas para descarnar
070167,7,Máquinas para rosquear e talhar
070168,7,Desengaçadores [máquinas]
070169,7,Separadores de grãos
070170,7,Ejetores
070171,7,Geradores de eletricidade
070172,7,Aparelhos para elevação
070173,7,Embutidoras [máquinas de embutir]
070174,7,"Embreagens, exceto para veículos terrestres"
070175,7,Aparatos de entintamento para máquinas de impressão
070176,7,Alimentadores [partes de máquinas]
070177,7,Empacotadoras [máquina]
070178,7,Escadas rolantes
070179,7,Bombas [partes de máquinas e motores]
070180,7,Máquinas para selar [estampilhar]
070181,7,Máquina para estampar
070182,7,Etiquetadores [máquinas]
070183,7,Estiradores [máquinas]
070184,7,Escavadeiras
070185,7,Extratores para mineração
070186,7,Máquinas para remexer feno
070187,7,Peneiras [máquinas ou partes de máquinas]
070188,7,Navalhas para máquinas de cortar grama
070189,7,Lâminas [partes de máquinas]
070190,7,Máquinas para fiação
070191,7,Rodas para fiar
070192,7,Máquinas para filtrar
070193,7,Máquinas para acabamento
070194,7,Mandris [peças de máquinas]
070195,7,Prensas para forragem
070196,7,Máquinas para fundição
070197,7,Pistões para cilindros
070198,7,Caixas de engaxetamento [peças de máquinas]
070199,7,"Ventiladores [foles] para compressão, aspiração e transporte de gases"
070201,7,Cortadores de grama [máquinas]
070202,7,Máquinas para alcatroamento
070203,7,"Ventiladores [foles] para compressão, aspiração e transporte de grãos"
070203,7,"Ventoinhas [foles] para compressão, aspiração e transporte de grãos"
070204,7,Caixas de lubrificação [partes de máquinas]
070205,7,Bombas para lubrificação
070206,7,Máquinas para estampagem
070207,7,Máquinas para gravar
070208,7,Chanfradores
070209,7,Guias para máquinas
070210,7,Corta-palhas
070211,7,"Picadores de carne, elétricos"
070212,7,Mecanismos para teares
070213,7,Grades
070214,7,Máquinas de pulverização
070214,7,Atomizadores [máquinas]
070214,7,Pulverizadores [máquinas]
070215,7,Turbinas hidráulicas
070216,7,Máquinas para impressão para uso em chapas metálicas
070217,7,Clichês para impressão
070218,7,Máquinas para impressão
070219,7,Máquinas para impressão tipográfica
070220,7,Rolos de impressão para máquinas
070222,7,Máquinas para laticínios
070223,7,Lâminas para corta-palha
070224,7,Hastes para tear
070225,7,Máquinas para afiar lâminas [correia]
070226,7,Lâminas para serras [partes de máquinas]
070227,7,Porta-lâminas [partes de máquinas]
070228,7,Laminadores
070229,7,Lanças térmicas [máquinas]
070230,7,Manivelas [partes de máquinas]
070231,7,Máquinas de lavar louças
070231,7,Lava-louças
070233,7,Aparelhos para lavagem [limpeza]
070234,7,Máquinas para lavar [roupas]
070235,7,Instalações para lavagem de veículos
070236,7,Máquinas de lavar operadas com moedas
070237,7,Máquinas para içamento
070239,7,Máquinas para torcer roupas
070240,7,Plainas para alisar
070241,7,"Motores propulsores, exceto para veículos terrestres"
070242,7,Máquinas a vapor
070243,7,Máquinas-ferramentas
070244,7,Magnetos para ignição
070245,7,Aparelhos para manuseio de carga e descarga
070246,7,Margeadores [impressão]
070247,7,Martelos [partes de máquinas]
070248,7,Martelos mecânicos
070249,7,Martelos pneumáticos
070250,7,Martinetes [martelos de forja]
070251,7,Mastros de carga
070252,7,"Mecanismos para propulsão, exceto para veículos terrestres"
070253,7,"Mecanismos de transmissão, exceto para veículos terrestres"
070254,7,Reguladores [partes de máquinas]
070255,7,Máquinas para processar tabaco
070256,7,Trituradores elétricos para cozinha
070257,7,Diafragmas de bombas
070258,7,Máquinas para trabalhar metais
070259,7,Teares [máquinas]
070260,7,Máquinas para fiar [ing. spinning frame]
070262,7,Mós
070263,7,Máquinas moedoras
070264,7,Trados para minas
070265,7,Aparelhos para processamento de minérios
070266,7,Máquinas para moagem de farinha
070267,7,Misturadoras [batedoras] [máquinas]
070268,7,Ceifeiras
070269,7,Ceifeiras enfardadeiras
070270,7,Ceifeiras batedeiras
070271,7,Monta-cargas para vagões [elevadores]
070272,7,"Motores a jato, exceto para veículos terrestres"
070273,7,Dispositivos antipoluentes para motores e máquinas
070274,7,Pistões para motores
070275,7,Reguladores de velocidade para máquinas e motores
070276,7,Moldes [partes de máquinas]
070277,7,"Moinhos para uso doméstico, exceto manuais"
070278,7,Máquinas para moldar
070279,7,"Rodas livres, exceto para veículos terrestres"
070280,7,Lançadeiras [partes de máquinas]
070281,7,"Máquinas e aparelhos para limpeza, elétricos"
070282,7,Máquinas para sucção para uso industrial
070283,7,Máquinas para debruar
070284,7,"Ferramentas portáteis, exceto as de propulsão manual"
070285,7,Ferramentas [partes de máquinas]
070286,7,Porta-ferramentas [partes de máquinas]
070287,7,Abridores de latas elétricos
070288,7,Máquinas para cortar pão
070289,7,Caixas de munhões [peças de máquinas]
070290,7,Rolamentos para eixos de transmissão
070291,7,Máquinas para fabricação de papel
070292,7,Calandras [máquinas]
070294,7,Máquinas empacotadoras
070295,7,Máquinas amassadeiras
070296,7,Máquinas elétricas para fazer massas alimentícias
070297,7,Máquinas para pintar
070298,7,Pistolas para pintar
070299,7,Máquinas para furar
070300,7,"Furadeiras elétricas, manuais"
070301,7,Máquinas para trabalhar pedras
070302,7,Pistões [peças de máquinas e motores]
070303,7,Prensas tipográficas
070304,7,Transportadores pneumáticos
070305,7,Punções para máquinas perfuradoras
070306,7,Máquinas perfuradoras
070307,7,"Moinhos de pimenta, exceto operados manualmente"
070308,7,Máquinas e aparelhos para polimento [elétricos]
070309,7,Bombas [máquinas]
070310,7,Bombas de ar [instalações de oficina]
070311,7,Bombas para instalações de aquecimento
070312,7,Bombas a vácuo [máquinas]
070313,7,Pontes rolantes
070314,7,Correias adesivas para roldanas
070315,7,Aparelhos eletromecânicos para preparar bebidas
070316,7,Prensas [máquinas para uso industrial]
070317,7,Reguladores de pressão [partes de máquinas]
070318,7,Válvulas de pressão [partes de máquinas]
070319,7,Máquinas para pudlagem [descarbonização do ferro]
070320,7,Purgadores automáticos [separadores de vapor]
070321,7,Máquinas para aplainar
070322,7,Máquinas para colocação de trilhos
070323,7,Ancinhos para máquinas
070324,7,Ancinhos [máquinas]
070325,7,Máquinas para fazer frisos
070326,7,Retificadoras [máquinas-ferramentas]
070327,7,Aparelhos e máquinas para encadernação para uso industrial
070328,7,Máquinas para passar roupa
070329,7,Máquinas cerzideiras
070330,7,Molas [peças de máquinas]
070331,7,Dispositivos elétricos para cortinas
070332,7,Máquinas para rebitagem
070333,7,Torneiras [partes de máquinas ou motores]
070334,7,Prensas rotativas [tipografia]
070335,7,Mecanismos de rodas para máquinas
070336,7,Rodas para máquinas
070337,7,Volantes para máquinas
070338,7,Rolamentos de roletes
070339,7,Anéis de esferas para rolamentos
070340,7,Máquinas para construção de estradas
070341,7,Serras [máquinas]
070342,7,Máquinas para exploração de minas
070343,7,Correias para motores e máquinas
070344,7,Máquinas para sachar [mondar]
070345,7,Máquinas para acetinar
070346,7,Máquinas para fazer salsichas
070347,7,Máquinas para selar [lacrar] de uso industrial
070348,7,Semeadoras [máquinas]
070349,7,Máquinas elétricas para soldagem
070350,7,Foles [partes de máquinas]
070351,7,Foles de forja
070352,7,Fôrmas para calçados [peças de máquinas]
070353,7,Máquinas envasadoras
070354,7,Estatores [partes de máquinas]
070355,7,Máquinas para estereotipar
070356,7,Máquinas para a produção de açúcar
070358,7,Superalimentadores [compressores]
070359,7,Mesas para máquinas
070360,7,Correias transportadoras [peças de máquinas]
070362,7,Máquinas para tingir
070364,7,Máquinas para cardar
070365,7,Suportes para carretas [partes de máquinas]
070366,7,Munhões [peças de máquinas]
070367,7,Ordenhadeiras
070368,7,Ventosas para ordenhadeiras
070369,7,Transmissões para máquinas
070370,7,Instalações pneumáticas para transporte por tubos
070371,7,Transportadores [máquinas]
070372,7,Máquinas para trançar
070373,7,Guinchos [máquinas]
070374,7,Máquinas para tricotar
070375,7,"Turbinas, exceto para veículos terrestres"
070376,7,Carretéis mecânicos para mangueiras flexíveis
070377,7,Tímpanos [tipografia]
070378,7,Máquinas tipográficas
070379,7,Joeiradoras
070380,7,Motores para veículos sobre colchão de ar
070381,7,Ventiladores para motores e máquinas
070382,7,Máquinas para trabalhar vidro
070383,7,Máquinas para construção de ferrovias
070384,7,Aparelhos para vulcanização
070385,7,"Acoplamentos, exceto para veículos terrestres"
070386,7,Motores aeronáuticos
070387,7,Máquinas para afiar
070388,7,"Instrumentos agrícolas, exceto os operados manualmente"
070389,7,Pedras para amolar [partes de máquinas]
070390,7,Bombas para cerveja
070391,7,Motores de ar comprimido
070392,7,Máquinas de ar comprimido
070393,7,Bombas de ar comprimido
070394,7,Velas para ignição de motores a combustão interna
070395,7,Êmbolos amortecedores [peças de máquinas]
070395,7,Pistões amortecedores [peças de máquinas]
070396,7,Mancais antifricção para máquinas [chumaceiras]
070396,7,Rolamentos antifricção para máquinas [chumaceiras]
070397,7,Escavadeiras [máquinas]
070398,7,Máquinas para sucção de ar
070400,7,Dispositivos economizadores de combustível para motores e máquinas
070401,7,Motores para barcos
070402,7,Motores de combustão interna para barcos
070403,7,Batedores elétricos
070404,7,Bate-estacas
070405,7,"Lonas de freios, exceto para veículos"
070406,7,"Sapatas de freios, exceto para veículos"
070407,7,"Segmentos de freios, exceto para veículos"
070408,7,Bobinas para máquinas
070409,7,"Caixas de câmbio, exceto para veículos terrestres"
070410,7,Máquinas para tampar garrafas
070411,7,Máquina para colocar tampas de garrafas
070412,7,Máquinas para vedação de garrafas
070413,7,Escovas elétricas [partes de máquinas]
070414,7,Trituradores de lixo
070415,7,"Moedores de café, exceto os operados manualmente"
070416,7,Tubos de caldeiras para máquinas
070417,7,Máquinas para terraplanagem
070418,7,Compactadores de lixo
070419,7,Cortadoras [máquinas] para uso industrial
070420,7,Rodas de oleiro
070421,7,"Máquinas manipuladoras industriais, automáticas"
070422,7,Robôs industriais
070423,7,Aparelhos eletromecânicos para preparação de alimentos
070424,7,Cartuchos para máquinas de filtrar
070425,7,"Correntes de comando, exceto para veículos terrestres"
070426,7,"Conversores de torque, exceto para veículos terrestres"
070427,7,"Correntes de transmissão, exceto para veículos terrestres"
070428,7,Porta-brocas [peças de máquinas]
070429,7,Caldeiras para máquinas a vapor
070430,7,Alimentadores para caldeiras de máquinas
070431,7,Máquinas tosquiadoras para animais
070433,7,"Motores, exceto para veículos terrestres"
070434,7,Cabos de controle para máquinas e motores
070435,7,Mecanismos de controle para máquinas e motores
070436,7,Matrizes para impressão tipográfica
070437,7,Compressores para refrigeradores
070439,7,Separadores de águas
070440,7,Máquinas para costura
070441,7,Correias de ventiladores para motores
070442,7,Incubadoras para ovos
070443,7,"Engrenagens, exceto para veículos terrestres"
070444,7,Liquidificadores elétricos para uso doméstico
070445,7,Máquinas de cozinha elétricas
070446,7,Cilindros para motores e máquinas
070447,7,"Engrenagens para redução de velocidade, exceto para veículos terrestres"
070448,7,Máquinas divisoras
070449,7,Brocas [peças de máquinas]
070450,7,Trocadores de calor [peças de máquinas]
070451,7,Canos de descarga para motores e máquinas
070452,7,"Motores elétricos, exceto para veículos terrestres"
070453,7,Guindastes
070454,7,Máquinas descascadoras
070455,7,"Máquinas raladoras de frutas, legumes e verduras"
070456,7,"Pistolas de ar comprimido, para extrusão de mástique"
070457,7,"Filtros, enquanto partes de máquinas ou motores"
070458,7,Enxadas [charruas]
070459,7,"Batedores elétricos, para uso doméstico"
070460,7,Espremedores de frutas elétricos para uso doméstico
070461,7,Motores e máquinas hidráulicas
070462,7,"Sondas para perfuração, flutuantes ou não"
070463,7,Conversores de combustível para motores de combustão interna
070464,7,Radiadores [refrigeração] para motores e máquinas
070471,7,Tubos de caldeiras [partes de máquinas]
070472,7,Controles hidráulicos para máquinas e motores
070473,7,Controles pneumáticos para máquinas e motores
070474,7,Cárteres para máquinas e motores
070475,7,"Processadores de alimentos, elétricos"
070476,7,Pistolas elétricas para cola
070477,7,Pistolas [ferramentas que utilizam cartuchos explosivos]
070478,7,Aparelhos para içamento de redes [pesca]
070479,7,Juntas universais [juntas de cardan]
070480,7,Calandras rotativas portáteis para tecidos
070481,7,Máquinas e aparelhos elétricos para lavagem de tapetes
070482,7,Conversores catalíticos
070483,7,Instalações centrais de limpeza a vácuo
070484,7,Motosserras
070485,7,Aparelhos para limpeza a vapor
070486,7,Maçaricos para corte a gás
070487,7,Instalações para aspiração de pó para limpeza
070488,7,Instalações para remoção de pó para limpeza
070489,7,Martelos elétricos
070490,7,Máquinas eletromecânicas para indústria química
070491,7,Correntes para elevadores [peças de máquinas]
070492,7,Geradores de energia de emergência
070493,7,Tanques de expansão [peças de máquinas]
070494,7,Diamantes de vidraceiro [partes de máquinas]
070495,7,Lavadoras de alta pressão
070496,7,Máquinas para indústria têxtil
070497,7,Coletor de descarga para motores
070498,7,Máquinas para refino de petróleo
070499,7,Máquinas para empacotamento
070500,7,Enceradeiras elétricas para assoalhos
070501,7,Máquinas elétricas para engraxar sapatos
070502,7,Removedores de neve
070503,7,"Aparelhos para fundir, a gás"
070503,7,"Aparelhos para soldagem, a gás"
070504,7,Maçarico para solda a gás
070505,7,"Ferros de solda, a gás"
070506,7,Acessórios para aspirador de pó para disseminação de perfumes e desinfetantes
070507,7,Mangueiras para aspirador de pó
070508,7,Aspiradores de pó
070509,7,Vibradores [máquinas] para uso industrial
070510,7,Máquinas elétricas para encerar
070511,7,Máquinas para encordoar raquetes
070512,7,Máquinas para montagem de bicicletas
070513,7,Subsoladores motorizados
070514,7,Aerógrafos para aplicação de cor [máquinas]
070515,7,Dispositivos hidráulicos para abrir portas
070516,7,Pedais de partida para motocicletas
070517,7,Sistema mecânico para alimentação de animais
070518,7,Esteiras rolantes
070519,7,Abafadores de som para motores e máquinas
070520,7,Dispositivos pneumáticos para abrir portas
070521,7,Sacos para aspirador de pó
070522,7,Maçaricos à gás
070523,7,Turbinas eólicas
070524,7,"Pastilhas de freio, exceto para veículos"
070525,7,Eletrodos para máquinas de soldagem
070526,7,"Aparelhos para fundir, elétricos"
070528,7,"Aparelhos de soldagem, elétricos"
070529,7,"Ferros de solda, elétricos"
070530,7,Aparelhos de fusão a arco elétrico
070531,7,Aparelhos de corte a arco elétrico
070532,7,Maçarico
070533,7,Prensa de frutas
070534,7,Máquinas sopradoras
070535,7,Máquinas de galvanoplastia
070536,7,Máquinas de galvanização
070537,7,Máquinas automáticas de venda
070538,7,Dispositivos elétricos para fechar portas
070539,7,Dispositivos elétricos para abrir portas
070540,7,Dispositivos de comando para elevadores de passageiros
070540,7,Dispositivos para operar elevadores de passageiros
070541,7,Aparelhos elétricos para vedar materiais plásticos [embalagem]
070542,7,Bombas de combustível para postos de combustível
070543,7,Bombas autorreguladoras de combustível
070544,7,Máquinas para o processamento de plásticos
070545,7,Dispositivos elétricos para abrir janelas
070546,7,Dispositivos elétricos para fechar janelas
070547,7,Dispositivos hidráulicos para abrir janelas
070548,7,Dispositivos hidráulicos para fechar janelas
070549,7,Dispositivos pneumáticos para abrir janelas
070550,7,Dispositivos pneumáticos para fechar janelas
070551,7,Dispositivos hidráulicos para fechar portas
070552,7,Dispositivos pneumáticos para fechar portas
070553,7,"Moedores para cozinha, elétricos"
070554,7,Macacos pneumáticos
070555,7,Impressoras 3d
070556,7,Máquinas de peneirar
070557,7,"Coxim de motor, exceto para veículos terrestres"
070558,7,"Extratores de pregos, elétricos"
070558,7,"Sacadores de pregos, elétricos"
070559,7,Escovas para aspiradores de pó
070560,7,"Afiador de esquis, elétricos"
070561,7,Trituradores
070562,7,Compactadores
070563,7,Bocais de sucção para aspiradores de pó
070564,7,Pigs para limpeza de dutos
070565,7,"Extratores de suco, elétricos"
070566,7,"Chaves de fenda, elétricas"
070567,7,"Joysticks como parte de máquinas, exceto para máquinas de jogos"
070568,7,"Eixos de comando para motores de veículos Esteiras de borracha [lagarta], enquanto peças de mecanismos tratores em máquinas"
070569,7,"para construção Esteiras de borracha [lagarta], enquanto peças de mecanismos tratores em máquinas e 7 aparelhos de carregamento e descarregamento Esteiras de borracha [lagarta], enquanto peças de mecanismos tratores em máquinas"
070571,7,"agrícolas Esteiras de borracha [lagarta], enquanto peças de mecanismos tratores em máquinas"
070572,7,"para mineração Esteiras de borracha [lagarta], enquanto peças de mecanismos tratores em arados para"
070574,7,Aspiradores de óleo usado pneumáticos
070575,7,Bombas para natação contracorrente
070576,7,Canetas de impressão em 3d
070577,7,Máquinas de arar para uso agrícola
070578,7,"Cortadores de legumes em espirais, elétricos"
070579,7,Bombas distribuidoras de hidrogênio para postos de combustível
070580,7,Máquinas industriais de impressão a jato de tinta
070581,7,Esfregões a vapor
070582,7,"Trajes exoesqueléticos robóticos, exceto para fins medicinais"
070583,7,Guindastes móveis
070584,7,"Unidades flutuantes de produção, armazenamento e transferência [FPSO]"
070585,7,"Fatiadores de queijo, elétricos"
070586,7,"Descascadores de legumes, elétricos"
070587,7,Elevadores de grãos
070588,7,Máquinas de lavar roupa com função de secagem
070589,7,Dispositivos de lavagem ultrassônica portáteis para lavanderia
070590,7,"Fatiadores de verduras e legumes, elétricos"
070591,7,Máquinas para gerar gás por eletrólise
070592,7,Aspiradores de pó estacionários sem contato
070593,7,Biorreatores para uso na fabricação de biofármacos
070594,7,"Atuadores lineares pneumáticos ou hidráulicos, exceto para veículos terrestres"
070595,7,Máquinas para aplicação de goma
070596,7,Bioimpressoras 3d
070597,7,Máquinas de gravação a laser portáteis
070598,7,Robôs domésticos para limpeza e lavanderia com inteligência artificial
070599,7,Máquinas automáticas de venda de bilhetes
070600,7,Máquinas de liberação de fluidos para uso industrial
070601,7,Bombas de gasolina para postos de combustível
070602,7,Agulhas para máquinas para tricotar
070603,7,Agulhas para máquinas de costura
070604,7,Agulhas para máquinas cardadoras de lã
070605,7,Máquinas de carregamento de fornalhas
070606,7,Pinhões de motor de partida
070607,7,Máquinas para fabricação de semicondutores
070608,7,Aparelhos de exposição de semicondutores usados em operações de fabricação
070609,7,Máquinas para fazer molho de soja
070610,7,Máquinas para fazer missô
070611,7,Braços robóticos para preparar bebidas
070612,7,Pistolas para jateamento de areia
070613,7,"Pontes telescópicas para embarque de passageiros, eletromecânicas"
070614,7,Trocadores automáticos de ferramentas para robôs industriais
070615,7,Máquinas de descarga elétrica [EDM]
070616,7,Centros de usinagem para metalurgia
070617,7,Elevadores mecânicos para empilhar veículos
070618,7,Turbocarregadores para motores
070619,7,Splicers de fusão de fibra óptica
070619,7,Emendador de fusão de fibra óptica
070620,7,Máquinas para descaroçar frutas
070621,7,Vedações mecânicas enquanto peças de máquinas
070622,7,Motores de popa
070623,7,"Revestimentos para embreagem, exceto para veículos terrestres"
070624,7,Reatores químicos para uso em fabricação
070625,7,"Seladores elétricos a vácuo para alimentos, para uso doméstico"
070626,7,Robô limpador de janelas
070627,7,Robôs de colheita agrícola
080002,8,Instrumentos manuais para esmerilhar
080003,8,Pedras para amolar
080005,8,Limas para agulhas
080006,8,Correias de couro usadas para afiar
080008,8,Furadores
080009,8,Barras de mandrilagem [ferramentas manuais]
080010,8,Mandris [escareador] [ferramentas manuais]
080011,8,Mangas [soquete] de mandril [escareador]
080012,8,Extensões de berbequins para brocas
080013,8,Espátulas para pintura
080014,8,Espátulas [ferramentas manuais]
080015,8,Socos-ingleses
080015,8,Soqueiras
080016,8,Brocas [partes de ferramentas manuais]
080017,8,Esquadros [ferramentas]
080019,8,Instrumentos e ferramentas para esfolar animais
080020,8,Tarraxas
080021,8,Serras de arco
080022,8,Armas brancas
080023,8,"Extratores de pregos, operados manualmente"
080023,8,"Sacadores de pregos, operados manualmente"
080024,8,Macacos manuais
080025,8,Baionetas
080026,8,Máquinas para cortar barba
080028,8,Berbequins manuais a propulsão muscular
080029,8,Talhadeiras de carpinteiro [cinzel]
080030,8,Bisegres
080031,8,Instrumentos para marcar gado
080033,8,Tosquiadeiras para gado
080034,8,Arranca-pregos [ferramentas manuais]
080036,8,Camartelos
080037,8,Amoladores de facas
080038,8,Martelos pena [ferramentas manuais para afixar rebites]
080039,8,Puxavantes [ferramentas manuais]
080040,8,Tesouras *
080042,8,Pinças
080043,8,Buris [ferramentas manuais]
080044,8,Alviões
080045,8,Ferros para calafetar
080046,8,Canivetes
080047,8,Martelos de pedra
080048,8,Serras tico-tico
080049,8,Facas de tanoeiro
080050,8,Punções para pregos
080051,8,Degoladores para ferreiros [ferramentas manuais]
080052,8,Ferramentas manuais para pisoamento
080053,8,Facas de caça
080054,8,Chassis para serras manuais
080055,8,Serras [ferramentas manuais]
080056,8,Formas de sapateiro
080058,8,Ferros para frisar
080059,8,"Talheres [facas, garfos e colheres]"
080060,8,Cisalhas [tesoura]*
080061,8,Lâminas para tesouras
080062,8,Perfuradores [ferramentas manuais]
080063,8,Chaves de boca
080064,8,Chaves inglesas [ferramentas manuais]
080065,8,"Chaves de fenda do tipo ""catraca"" [ferramentas manuais]"
080066,8,Pentes para abrir roscas [ferramentas manuais]
080066,8,Porta-cossinetes [ferramentas manuais]
080066,8,Porta-tarraxas [ferramentas manuais]
080067,8,Perfuradores [furador]
080068,8,Suporte para pedras de amolar
080069,8,Machados
080070,8,Garfos [talheres]
080071,8,Plainas
080072,8,Ferramentas manuais
080073,8,"Fatiadores de verduras e legumes, operados manualmente"
080074,8,Alicates de unhas
080075,8,Corta-tubos [ferramentas manuais]
080077,8,Cutelos de açougueiro
080078,8,Cutelaria *
080079,8,Ferramentas manuais para colher frutos
080080,8,Colheres *
080081,8,Conchas [ferramentas manuais]
080082,8,Assentadores para navalhas de barbear [correias para afiar navalhas]
080083,8,Maços [ferramentas manuais]
080084,8,Ferramentas manuais para estampilhar
080084,8,Estampilhas [ferramentas manuais]
080085,8,Fresas [ferramentas manuais]
080086,8,Espátulas [jardinagem]
080087,8,Colheres de pedreiro [trolha]
080088,8,Aparelhos para destruir parasitas de plantas operados manualmente
080089,8,Diamantes de vidraceiros [partes de ferramentas manuais]
080090,8,Mandris de expansão [ferramentas manuais]
080091,8,Instrumentos para amolar navalhas
080092,8,Instrumentos para afiar [amolar]
080093,8,Instrumentos para afiar lâminas
080095,8,Facas para escamar
080096,8,Escardilhos [ferramentas manuais]
080097,8,Tesouras para podar [jardinagem]
080098,8,Tesouras de eslagartar
080099,8,Facas para enxertar plantas
080100,8,Podadores de árvores
080101,8,Pinças para cutículas
080101,8,Alicates para cutículas
080102,8,Pinças para depilar
080103,8,Cabos para passadores
080104,8,Verrumões de carpinteiro [trado comprido]
080105,8,Estampadores [gravadores] em relevo [ferramentas manuais]
080106,8,Estojos para pedicure
080107,8,Estojos para aparelhos de barbear
080108,8,Vazadouros [partes de ferramentas manuais]
080109,8,Ancinhos [ferramentas manuais]
080110,8,Pás para remover [ferramentas manuais]
080111,8,Pás para cavar [ferramentas manuais]
080112,8,Podões para aparar bordas
080113,8,Foices
080114,8,Anéis de foices
080115,8,Pedras para afiar foices
080115,8,Pedras para afiar lâminas
080116,8,Ferros [ferramentas manuais não elétricas]
080117,8,Ferros para gofrar
080118,8,Ferros para polir e dar lustre
080119,8,Lâminas para plaina guilherme
080120,8,Ferros para moldagem
080121,8,Ferros para plissar
080122,8,Ferros para marcar a fogo
080124,8,Verrumas [brocas] [ferramentas manuais]
080125,8,Bainhas para espadas
080126,8,Aparelhos manuais para ondular cabelos
080127,8,Cortadores de grama [instrumentos manuais]
080128,8,Picadores de gelo
080129,8,Goivas [ferramentas manuais]
080130,8,Cassetetes
080130,8,Cassetetes de polícia
080131,8,Buris de oculista
080132,8,Puxavantes para ferreiros
080133,8,Facas de correeiro
080134,8,Enxertadeiras [facas]
080135,8,Plainas guilherme
080136,8,Instrumentos para picar verduras e legumes
080137,8,Machadinhas
080138,8,Cutelos enquanto facas
080139,8,Enxós de tanoeiro
080140,8,Arpão*
080141,8,Enxós [ferramentas]
080142,8,Enxadões [picaretas]
080143,8,Abridores de ostras
080144,8,Vaporizadores para inseticidas [ferramentas manuais]
080144,8,Pulverizadores para inseticidas [ferramentas manuais]
080144,8,Atomizadores para inseticidas [ferramentas manuais]
080145,8,"Ferramentas de jardinagem, operadas manualmente"
080146,8,Facas de poda
080147,8,Grampos para carpinteiros ou tanoeiros
080148,8,Lâminas para aparelho de barbear
080149,8,Lâminas [ferramentas manuais]
080150,8,Lâminas [armas]
080151,8,Lâminas para serras [partes de ferramentas manuais]
080153,8,Alavancas
080154,8,Machetes [facão ou faca de mato]
080155,8,Maços [martelos de madeira]
080156,8,Martelos [ferramentas manuais]
080157,8,Martelos de forja [malho]
080158,8,Martelos de pedreiro
080159,8,Cinzéis*
080160,8,Esticadores para fitas metálicas [ferramentas manuais]
080161,8,Moletas [ferramentas manuais]
080162,8,Coletores de dinheiro
080163,8,Almofarizes para pilar [ferramentas manuais]
080164,8,Espevitadeiras [tesoura para esmorraçar]
080166,8,Estojos de barbear
080167,8,Pinças para numerar
080168,8,Lixas para unhas
080169,8,"Abridores de latas, não elétricos"
080171,8,Picaretas [ferramentas manuais]
080172,8,Pilões [ferramentas manuais]
080172,8,Mãos de almofariz [ferramentas manuais]
080174,8,Pistolas [ferramentas manuais]
080175,8,Punções de centro [ferramentas manuais]
080175,8,Punções de bico [ferramentas manuais]
080176,8,Concha ou colher para fundição
080177,8,Ferros de plaina
080178,8,Limas grossas [grosa]
080179,8,"Aparelhos para barbear, elétricos ou não"
080180,8,Saca-pinos
080181,8,Atiçadores [ferros para atiçar fogo]
080182,8,Rebitadores [máquina para rebitar] [ferramentas manuais]
080183,8,Gadanhas
080184,8,Garfos para jardinagem [ferramentas manuais]
080185,8,Enxadas [ferramentas manuais]
080186,8,Porta-serras
080187,8,Cardas [ferramentas manuais]
080188,8,Podões [tesouras de podar]
080189,8,Foicinhas
080191,8,Aparelhos para decantar líquidos [ferramentas manuais]
080192,8,Ferramentas de corte [ferramentas manuais]
080193,8,Machos para fazer roscas [ferramentas manuais]
080194,8,Verrumões [trado] [ferramentas manuais]
080195,8,"Chaves de fenda, não elétricas"
080196,8,Talhadeiras [cinzéis] [ferramentas manuais]
080197,8,Trados [ferramentas manuais]
080198,8,Instrumentos para cortar tubos [ferramentas]
080199,8,Arcos de pua [ferramentas manuais]
080200,8,Implementos agrícolas manuais
080201,8,Pedras para amolar [ferramentas manuais]
080201,8,Rebolos [pedras para amolar] [ferramentas manuais]
080202,8,Seringas para pulverizar inseticidas
080203,8,"Prataria [facas, garfos e colheres]"
080204,8,Escavadoras [ferramentas manuais]
080205,8,Facas *
080206,8,Alicates*
080207,8,Alicates [pinças]*
080207,8,Pinças*
080207,8,Tenazes
080208,8,Espadas
080209,8,Sabres
080211,8,Aríetes [ferramentas manuais]
080212,8,Instrumentos para perfurar bilhetes
080213,8,"Lixas de unhas, elétricas"
080214,8,"Polidores de unhas, elétricos ou não"
080218,8,Porta-brocas [ferramentas manuais]
080219,8,"Máquinas de uso pessoal para corte do cabelo, elétricas e não elétricas"
080220,8,Forquilhas para agricultura [ferramentas manuais]
080221,8,"Cortadores de unhas, elétricos ou não"
080222,8,Máquinas para corte do pelo dos animais [instrumentos manuais]
080223,8,Tosquiadores [instrumentos manuais]
080224,8,Ferros de passar
080226,8,Rodas de esmeril [rebolo]
080227,8,Limas [ferramentas]
080228,8,Vazadores [saca-bocados] [ferramentas manuais]
080229,8,Punções [ferramentas manuais]
080230,8,Cortadores [ferramentas manuais]
080231,8,Estojos de manicure [kits]
080232,8,"Pistolas para extrusão de mástiques, acionadas manualmente"
080234,8,Ferramentas manuais para abrir valas
080235,8,Raspadeiras [ferramentas manuais]
080236,8,Facas picadoras de carne
080236,8,Facas moedoras de carne
080236,8,Cutelos de carne enquanto facas
080237,8,Ferramentas manuais para raspagem
080241,8,Aparelho para furar orelhas
080242,8,"Aparelhos para depilação, elétricos ou não"
080243,8,"Kits manicure, elétricos"
080244,8,Tornos de bancada
080245,8,Bombas manuais *
080246,8,Adagas
080247,8,Cintos porta-ferramentas
080248,8,"Fatiadores de queijo, não elétricos"
080249,8,"Cortadores de pizza, não elétricos"
080250,8,Pés de cabra
080251,8,"Fatiadores de ovos, não elétricos"
080252,8,Aparelhos para curvar cílios
080253,8,Caixa de meia esquadria [ferramentas manuais]
080254,8,Ancinhos coletores de areia
080255,8,Foles para lareira [ferramentas manuais]
080256,8,Aparelhos para fazer tatuagens
080257,8,Lixas de esmeril para toalete
080258,8,Guia fio [ferramenta manual]
080259,8,Alicates decapadores [ferramentas manuais]
080261,8,Tornos de bancada [instrumentos manuais]
080262,8,"Pistolas para calafetar, não elétricas"
080263,8,Esticadores para fios metálicos [ferramentas manuais]
080264,8,Estiletes tipo bisturi
080265,8,Bombas de ar manuais
080266,8,Facas de cerâmica
080267,8,Lixas de esmeril em papelão para unhas
080268,8,Afiador de esquis operado manualmente
080269,8,Agulhas para tatuagens
080270,8,Espátulas para uso por artistas
080271,8,Cinzeis para escultores
080272,8,"Colheres, garfos e facas de mesa, todos de plástico"
080273,8,"Colheres, garfos e facas de mesa para bebês"
080274,8,Raspadores para esquis
080275,8,Cabos para ferramentas operadas manualmente [empunhaduras]
080276,8,Cabos para facas
080277,8,Cabos para foices
080278,8,Espiralizadores manuais de legumes
080279,8,"Descascadores de legumes, operados manualmente"
080280,8,Estiletes
080281,8,Aparelhos elétricos para trançar o cabelo
080282,8,Mexedores de tinta [palito]
080283,8,Cortadores manuais de cápsulas de garrafas de vinho
080284,8,Cortadores de frutas em fatias
080285,8,Descaroçador de frutas
080286,8,Cortador e fatiador de alimentos [mandolin]
080287,8,Garras de urso para carnes [garras trinchantes]
080288,8,Instrumentos estéreis para piercing corporal
080289,8,"Dispositivos depilatórios a laser, exceto para fins medicinais"
080290,8,Martelos de emergência
080291,8,Facas para cortar verduras e legumes
080292,8,Garfos trinchantes
080293,8,Facas trinchantes
080294,8,Facas multiferramentas
080295,8,Debulhadores de milho manuais
080296,8,Fatiadores de frutas manuais
080297,8,Processadores de alimentos manuais
080298,8,"Teares manuais portáteis, de propulsão manual"
080299,8,"Espremedores de tubos manuais, exceto para uso doméstico"
080300,8,Chapinhas alisadoras de cabelo
080301,8,"Descaroçadores de frutas, operados manualmente"
080302,8,Coletes para ferramentas
080303,8,Furadores de costura
080304,8,Abridores de costura
080305,8,Cinzéis sem corte
090001,9,Bobinas elétricas
090002,9,Aceleradores de partícula
090003,9,Artigos refletores para uso [vestimenta] para prevenção de acidentes
090005,9,"Roupas para proteção contra acidentes, irradiação e fogo"
090007,9,Baterias elétricas para veículos
090007,9,Acumuladores elétricos para veículos [baterias]
090008,9,Tanques de baterias
090008,9,Tanques de acumuladores [baterias]
090009,9,Caixas de baterias [acumuladores]
090009,9,Caixas de acumuladores [baterias]
090010,9,Acidímetros para baterias
090011,9,Hidrômetros
090012,9,Placas para baterias
090013,9,Alarmes de apito
090014,9,Alarmes acústicos
090014,9,Alarmes sonoros
090015,9,Dutos acústicos
090016,9,Discos fonográficos
090017,9,Tubos acústicos
090018,9,Actinômetros
090019,9,Máquinas de somar
090020,9,Aerômetros
090021,9,Aparelhos para ampliação [fotografia]
090022,9,Aparelhos eletrodinâmicos para controle remoto de agulhas ferroviárias
090023,9,Ímãs*
090024,9,Bobinas eletromagnéticas
090025,9,Aparelhos para análise do ar
090026,9,Alarmes *
090027,9,Alcoolômetros
090028,9,Alidades
090029,9,Aparelhos para análise de alimentos
090030,9,Aparelhos elétricos para ignição à distância
090031,9,Baterias de ignição
090033,9,Altímetros
090034,9,Luvas de amianto para proteção contra acidentes
090035,9,Roupas de amianto para proteção contra fogo
090036,9,Amperímetros
090037,9,Amplificadores
090038,9,Tubos amplificadores [válvulas]
090038,9,Válvulas amplificadoras
090039,9,Anemômetros
090040,9,Anéis para calibrar
090041,9,Extintores de incêndio
090043,9,Anodos
090044,9,Baterias de anodo
090044,9,Baterias de alta tensão
090045,9,Antenas
090047,9,Viseiras para capacetes
090048,9,Dispositivos anti-interferência [eletricidade]
090049,9,Transformadores [eletricidade]
090050,9,Apertômetros [óptica]
090053,9,Máquinas para contar e separar dinheiro
090054,9,Caixas de distribuição [eletricidade]
090055,9,Instrumentos geodésicos
090056,9,Cadeias de agrimensura
090059,9,Lentes para astrofotografia
090060,9,Válvulas termiônicas
090061,9,Aparelhos para ensino audiovisual
090062,9,Juke-boxes [música]
090063,9,Mecanismos para aparelhos acionados por moedas
090064,9,Mecanismos para aparelhos acionados por fichas
090066,9,Calibradores [calibres]
090067,9,Comparadores
090068,9,Alarmes de incêndio
090069,9,Indicadores automáticos de baixa pressão nos pneus
090070,9,Trajes para proteção de aviadores
090071,9,Campainhas elétricas
090072,9,Varinhas de adivinho para encontrar água
090074,9,Balanças
090075,9,Balões meteorológicos
090076,9,Aparelhos desmagnetizadores para fitas magnéticas
090077,9,Gravadores de fita
090078,9,Fitas magnéticas
090079,9,Barômetros
090080,9,Máquinas para pesar
090081,9,Básculas [balança para grandes pesos]
090082,9,Batedores para incêndio
090083,9,Carregadores para acumuladores elétricos
090085,9,Betatrons
090086,9,"Dispensadores de bilhetes, eletrônicos"
090087,9,Caixas para alto-falantes
090088,9,Lentes close-up
090089,9,Bornes
090090,9,Bujões indicadores de pressão para válvulas
090092,9,Galvanômetros
090093,9,Botões de campainha
090094,9,Caixas de distribuição [eletricidade]
090095,9,Braços reprodutores para toca-discos
090096,9,Níveis de bolhas de ar
090097,9,Máquinas de cartões perfurados para escritórios
090098,9,Revestimentos para cabos elétricos
090099,9,Molduras para diapositivos [slides] [cromos]
090101,9,Réguas de cálculo circulares
090102,9,Réguas de cálculo
090103,9,Máquinas de calcular
090104,9,Paquímetros
090105,9,Gabaritos [instrumentos de medição]
090106,9,Aparelhos heliográficos
090107,9,Câmeras cinematográficas
090109,9,Tubos capilares para uso laboratorial
090111,9,Suportes para gravação de som
090112,9,Capacetes para proteção
090113,9,"Máscaras respiratórias, exceto para fins médicos"
090114,9,Máscaras para proteção de soldador
090116,9,Aparelhos para controle de calor
090117,9,Câmaras escuras [fotografia]
090120,9,Instrumentos para controle de caldeira
090122,9,Secadoras [fotografia]
090124,9,Aparelhos para montagem de filme cinematográfico
090125,9,Circuitos impressos
090126,9,Luzes piscantes [sinais luminosos]
090127,9,Sinos de sinalização
090128,9,Estojos para lâminas de microscópio
090129,9,Coletores elétricos
090130,9,Instalações elétricas para controle remoto de operações industriais
090131,9,Caixa de fusíveis [eletricidade]
090132,9,Comutadores
090133,9,Bússolas marítimas
090134,9,Oculares [instrumentos ópticos]
090136,9,Conta-fios
090137,9,Podômetros [pedômetro; conta-passos]
090138,9,Contadores [medidores]
090138,9,Medidores [contadores]
090139,9,Metrônomos
090140,9,Condensadores elétricos [capacitores]
090140,9,Capacitores [condensadores elétricos]
090141,9,Condutores elétricos
090142,9,Condutos de eletricidade [eletrodutos]
090143,9,Conjuntores
090144,9,Conectores [eletricidade]
090145,9,Caixas de junção [eletricidade]
090146,9,Painéis de distribuição
090148,9,Contatos elétricos
090149,9,Aparelhos para controle de porte postal
090149,9,Aparelhos para controle de selo postal
090150,9,"Aparelhos reguladores, elétricos"
090151,9,"Aparelhos para monitoramento, exceto para fins medicinais"
090152,9,Aparelhos para controle de velocidade para veículos
090153,9,Conversores elétricos
090154,9,"Fotocopiadoras [fotográficas, eletrostáticas, térmicas]"
090157,9,Retortas
090158,9,Suportes para retortas
090160,9,Objetivas [lentes] [óptica]
090161,9,Instrumentos para cosmografia
090162,9,Roupas de mergulho*
090163,9,Dispositivos elétricos para comutação
090164,9,Interruptores elétricos
090165,9,Limitadores [eletricidade]
090166,9,Plugues elétricos [conector macho]
090167,9,Retificadores de corrente [eletricidade]
090168,9,Chaves combinadoras para baterias [redutores]
090168,9,Redutores [eletricidade]
090169,9,Fitas métricas [apetrechos de costura]
090170,9,Cadinhos [laboratórios]
090170,9,Crisol [laboratórios]
090171,9,Aparelhos para medir a espessura do couro
090172,9,Ciclotrons
090173,9,Detectores de moedas falsas [contrafação]
090174,9,Disparadores de obturador [fotografia]
090175,9,Densímetros
090176,9,Desenhos animados
090177,9,Bandejas de laboratório
090178,9,Detectores de metal para uso industrial ou militar
090179,9,Sonares
090180,9,Detectores
090181,9,Obturadores [fotografia]
090182,9,Diafragmas [acústica]
090183,9,Dispositivos para enquadramento de diapositivos [slide] [cromo]
090184,9,Câmeras [fotografia]
090185,9,Diapositivos [slides] [cromos]
090185,9,Slides [diapositivos] [cromos]
090186,9,Projetores de slides [diapositivos] [cromos]
090186,9,Projetores de diapositivos [slides] [cromos]
090187,9,Aparelhos para medir distância
090188,9,Máquinas de ditar
090189,9,Aparelhos para difração [microscopia]
090190,9,Alto-falantes
090191,9,Disjuntores
090192,9,Toca-discos
090193,9,Microscópios
090194,9,Aparelhos para registro de distância
090195,9,Distanciômetros [telêmetro]
090195,9,Telêmetros [distanciômetro]
090197,9,Quadros de distribuição [eletricidade]
090198,9,Consoles de distribuição [eletricidade]
090200,9,Compassos para medição
090201,9,Medidores
090202,9,Aparelhos para medição
090203,9,Dinamômetros
090204,9,Indicadores de nível de água
090205,9,Saídas de incêndio
090206,9,Lâmpadas de flash [fotografia]
090207,9,Receptores de telefone
090208,9,Telas fluorescentes
090209,9,Telas de projeção
090210,9,Máscaras protetoras para operários
090211,9,Telas [fotografia]
090212,9,Escorredores para uso em fotografia
090213,9,Indicadores de perda elétrica
090214,9,Aparelhos elétricos medidores
090215,9,Cabos elétricos
090216,9,Dutos [eletricidade]
090217,9,Painéis de comando [eletricidade]
090218,9,Células galvânicas
090219,9,Conexões para linhas elétricas
090220,9,Conexões elétricas
090222,9,Relés elétricos
090227,9,Transmissores de sinais eletrônicos
090228,9,Aparelhos de transmissão [telecomunicação]
090230,9,Instrumentos para limpeza de discos fonográficos
090231,9,Fitas para gravação de som
090232,9,Aparelhos para registrar a milhagem de veículos
090232,9,Aparelhos para registrar a quilometragem de veículos [hodômetro]
090233,9,Carretéis [fotografia]
090234,9,Sinais mecânicos
090235,9,Epidiascópios
090236,9,Tubos de ensaio
090237,9,Aparelhos para balanceamento
090238,9,Termostatos
090239,9,Ergômetros
090240,9,Instrumentos e máquinas para teste de material
090241,9,Aparelhos para examinar ovos
090242,9,Aferidores [aferímetro]
090243,9,Medidores de gasolina
090245,9,Para-chispas [veda fagulhas]
090246,9,Estojos especialmente feitos para aparelhos e instrumentos de fotografia
090249,9,Aparelhos para teste exceto para uso medicinal
090250,9,Refratômetros
090251,9,Exposímetros [posímetros]
090253,9,Aparelhos de fermentação para uso laboratorial
090254,9,Aparelhos para segurança de tráfego ferroviário
090255,9,Fios elétricos
090256,9,Fios magnéticos
090257,9,Pesos de prumo
090258,9,Fios de prumo
090259,9,Redes de proteção contra acidentes
090260,9,Redes de segurança
090260,9,Redes salva-vidas
090261,9,Lonas de segurança
090262,9,Aparelhos para cortar filme
090263,9,"Filtros para máscaras respiratórias, exceto para fins médicos"
090264,9,Filtros para fotografia
090266,9,Carregadores de pilhas e baterias
090267,9,Aparelhos de alta freqüência
090268,9,Frequencímetros
090269,9,Fusíveis
090270,9,Rádios
090271,9,Detectores de galena
090272,9,Pilhas galvânicas
090274,9,Luvas para proteção contra acidentes
090275,9,Luvas para mergulhadores
090276,9,"Luvas para proteção contra raios x, para uso industrial"
090278,9,Aparelhos para análise de gás
090279,9,Gasômetros [instrumentos de medição]
090280,9,Aparelhos e instrumentos geodésicos
090281,9,Balizas [instrumentos de topografia]
090281,9,Réguas de mira para nivelamento [instrumentos de topografia]
090282,9,Secadores de cópias fotográficas
090283,9,Aparelhos para dar brilho às fotografias
090284,9,Réguas [instrumentos de medida]
090285,9,Vidros graduados
090286,9,Retículas para fotogravura [trama]
090287,9,Grades para baterias
090288,9,Roupas para proteção contra fogo
090289,9,Receptores de áudio e de vídeo
090290,9,Aparelhos de heliografia
090291,9,Hologramas
090292,9,Higrômetros
090293,9,Fios para identificação para fios elétricos
090294,9,Identificadores para fios elétricos
090295,9,Dispositivos e equipamentos para salvamento
090296,9,Bicos para mangueiras de incêndio
090298,9,Bombas de incêndio
090299,9,Goniômetros verticais
090299,9,Inclinômetros
090299,9,Indicadores de gradiente
090299,9,Clinômetros
090300,9,Taxímetros
090301,9,Indicadores de quantidade
090302,9,Vacuômetros
090303,9,Indicadores de velocidade
090304,9,Indutores [eletricidade]
090305,9,Rotores [eletricidade]
090306,9,Dispositivos para processamento de dados
090307,9,Espelhos para inspeção de trabalhos
090308,9,Aparelhos para intercomunicação
090309,9,Suportes para chapas escuras [fotogafia]
090310,9,Inversores [eletricidade]
090311,9,"Aparelhos de ionização, exceto para tratamento de ar e água"
090312,9,Olhos mágicos para portas
090313,9,Marcadores de bainha para costura
090315,9,Mobília especialmente feita para laboratórios
090316,9,Lactodensímetros
090317,9,Lactômetros [galactômetros]
090318,9,Lâmpadas para quarto escuro [fotografia]
090319,9,Lanternas ópticas
090319,9,Lâmpadas ópticas
090321,9,Lanternas mágicas
090322,9,Lanternas de sinalização
090323,9,"Laser, exceto para uso médico"
090324,9,Lentes ópticas
090325,9,Balanças para pesar cartas
090326,9,Barquilhas [instrumentos de medição]
090327,9,Linhas de sondas
090328,9,Lentes de aumento
090329,9,Sinais luminosos
090330,9,Luminosos de néon
090333,9,Níveis [instrumentos de topografia]
090336,9,"Medidores de pressão, exceto para uso médico"
090337,9,Periscópios
090338,9,"Máscaras para proteção, exceto para fins medicinais"
090339,9,Instrumentos matemáticos
090340,9,Mecanismos para aparelhos de televisão acionados por moedas
090341,9,Megafones
090342,9,Memórias para computador
090343,9,Réguas de carpinteiro [corrediça]
090344,9,Níveis de mercúrio
090345,9,Instrumentos para medição de velocidade [fotografia]
090346,9,Aparelhos medidores de precisão
090347,9,Instrumentos para medição
090348,9,Instrumentos meteorológicos
090349,9,Metros [instrumentos de medição]
090350,9,Parafusos micrométricos para instrumentos ópticos
090351,9,Microfones
090352,9,Micrótomos
090353,9,Interruptores cronométricos automáticos
090354,9,Espelhos ópticos
090355,9,Dispositivos respiratórios para nado subaquático
090356,9,Aparelhos e instrumentos náuticos
090357,9,Aparelhos de sinalização navais
090358,9,Instrumentos para navegação
090360,9,Pilhas elétricas
090361,9,Acumuladores elétricos
090362,9,Nível [instrumento para determinar a horizontalidade de um plano]
090363,9,Instrumentos para nivelamento
090365,9,Prismas [óptica]
090366,9,Instrumentos para observação
090367,9,Oitantes
090368,9,Ohmímetros
090369,9,Ondômetros
090370,9,Instrumentos e aparelhos ópticos
090371,9,Vidro óptico
090372,9,Computadores
090373,9,"Programas de computador, gravados"
090374,9,Oscilógrafos
090377,9,Aparelhos para transvasar oxigênio
090379,9,Micrômetros
090380,9,"Painéis de sinalização, luminosos ou mecânicos"
090381,9,Condutores de raios
090381,9,Para-raios
090383,9,Parquímetros
090384,9,Aparelhos e instrumentos para astronomia
090386,9,Aparelhos para medir a espessura da pele
090387,9,Acidímetros [instrumentos para medir grau de acidez]
090388,9,Aparelhos e instrumentos para pesagem
090389,9,Salinômetros
090390,9,Bandejas de lavar [fotografia]
090391,9,Apoios para aparelhos fotográficos
090392,9,Visores fotográficos
090393,9,Fotômetros
090394,9,Aparelhos para fototelegrafia
090395,9,Aparelhos e instrumentos para física
090396,9,Dispositivos para direção automática de veículos
090398,9,Pipetas de laboratório
090399,9,Pranchetas [instrumentos de agrimensura]
090400,9,Planímetros
090401,9,Tampões de ouvido para mergulhadores
090402,9,Campainhas [dispositivos de alarme]
090403,9,Pesos*
090404,9,Polarímetros
090407,9,Aparelhos para radiotelefonia
090408,9,Aparelhos para radiotelegrafia
090409,9,Medidores de pressão
090410,9,Indicadores de pressão
090411,9,Aparelhos para projeção
090412,9,Dispositivos catódicos anticorrosão
090414,9,Protetores bucais*
090415,9,Pirômetros
090416,9,Aparelhos de radar
090417,9,Rádios para veículos
090418,9,Aparelhos para radiologia para uso industrial
090419,9,Transferidores [instrumentos de medida]
090420,9,"Aparelhos e instalações geradores de raios x, exceto para uso médico"
090421,9,Tubos de raios x exceto para uso médico
090422,9,"Dispositivos para proteção contra raios x, exceto para uso médico"
090423,9,Aparelhos de telefone
090424,9,Refratores
090425,9,"Aparelhos roentgen, exceto para uso médico"
090426,9,Espectroscópios
090427,9,Resistências elétricas
090429,9,"Termômetros, exceto para uso médico"
090430,9,"Respiradores para filtragem de ar, exceto para fins médicos"
090431,9,"Aparelhos respiratórios, exceto para fins médicos"
090432,9,Reostatos
090433,9,Balanças romanas
090434,9,"Sinais, luminosos ou mecânicos"
090435,9,Sacarímetros
090436,9,Sondas para uso científico
090437,9,Satélites para uso científico
090439,9,Membranas para aparelhos científicos
090440,9,Aparelhos para ensino
090441,9,Bobinas de reatância [impedância]
090442,9,Conectores de fios [eletricidade]
090443,9,Fechaduras elétricas
090444,9,Sextantes
090445,9,Apitos de sinalização
090446,9,Triângulos de sinalização para veículos avariados
090447,9,Aparelhos eletrodinâmicos para o controle remoto de sinais
090448,9,Simuladores para direção e controle de veículos
090449,9,Sirenes
090450,9,Aparelhos para transmissão de som
090451,9,Aparelhos para gravação de som
090452,9,Aparelhos para reprodução de som
090453,9,Aparelhos e máquinas para sondagem
090454,9,Chumbos de sondagem
090455,9,Sonômetros
090457,9,Espectrógrafos
090458,9,Esferômetros
090460,9,Estereoscópios
090461,9,Aparelhos estereoscópicos
090462,9,Agulhas para toca-discos
090463,9,Sulfitômetros
090464,9,Tele-impressoras [telex]
090464,9,Máquinas de telex
090465,9,Tacômetros
090466,9,Padrões de abertura de roscas [aferidores]
090467,9,Telégrafos [aparelhos]
090468,9,Aparelhos de televisão
090469,9,Fios telegráficos
090470,9,Controles remotos
090471,9,Mastros para antenas sem fio
090472,9,Teleprompters
090473,9,Transmissores telefônicos
090474,9,Teleruptores
090475,9,Binóculos
090476,9,Telescópios
090477,9,Indicadores de temperatura
090478,9,Aparelho para registro de tempo
090479,9,Teodolitos
090481,9,Termostatos para veículos
090484,9,Totalizadores
090485,9,Conta-giros [taquímetros]
090486,9,Reguladores de velocidade para toca-discos
090488,9,Transmissores [telecomunicação]
090489,9,Balanças de precisão
090490,9,Graminhos [marcenaria]
090491,9,Tubos de vácuo [rádio]
090492,9,Urinômetros
090493,9,Variômetros
090494,9,Verniês [nônio]
090495,9,Fitas de vídeo
090496,9,Viscosímetros
090497,9,Instalações elétricas antirroubo
090498,9,"Regulador de tensão, para veículos"
090499,9,Máquinas para votar
090500,9,Voltímetros
090503,9,Aparelhos para trocar agulhas de toca-discos
090504,9,Destiladores para experiências em laboratório
090505,9,Fios de fusível
090507,9,Anticátodos
090508,9,Apitos para cães
090509,9,Miras telescópicas para armas de fogo
090511,9,Dispositivos de alarme antirroubo
090512,9,Instrumentos azimutais
090513,9,Balizas luminosas
090514,9,Suportes para bobinas elétricas
090515,9,"Filmes, expostos"
090516,9,"Placas sinalizadoras para estrada, luminosas ou mecânicas"
090517,9,Boias salva-vidas
090518,9,Boias de sinalização
090522,9,Campainhas [cigarras]
090523,9,Bússolas
090524,9,"Sinalizadores de neblina, não explosivos"
090525,9,Caixas registradoras
090526,9,Telas radiológicas para uso industrial
090529,9,Cartões magnéticos para identificação
090531,9,Células fotovoltaicas
090532,9,"Densitômetros, exceto para fins medicinais"
090533,9,Discos magnéticos
090534,9,Discos flexíveis [disquetes]
090535,9,Fitas para limpar cabeçotes de gravação
090536,9,Aparelhos de videocassetes
090537,9,Teclados de computador
090538,9,Circuitos integrados
090539,9,Semicondutores
090540,9,Chips [circuitos integrados]
090543,9,Catodos
090546,9,Coletes salva-vidas
090547,9,Cintos de salvamento
090549,9,Aparelhos e instrumentos de química
090550,9,"Filmes cinematográficos, expostos"
090553,9,"Material para condutos elétricos [fios, cabos]"
090556,9,Incubadoras para cultura bacteriológica
090557,9,Baterias solares
090558,9,Fios de cobre isolados
090559,9,"Tubos para descargas elétricas, exceto para iluminação"
090559,9,"Ampolas para descargas elétricas, exceto para iluminação"
090562,9,Diafragmas [fotografia]
090564,9,Aparelhos para destilação para uso científico
090565,9,Dosímetros
090566,9,Campainhas elétricas de porta
090568,9,Fornalhas para laboratórios
090568,9,Fornos para laboratórios
090571,9,Fibras ópticas [filamentos condutores de luz]
090572,9,Fios telefônicos
090573,9,Filmes para raios x expostos
090574,9,Filtros para raios ultravioletas [fotografia]
090575,9,Pavilhões para alto-falantes
090577,9,Tripés para câmeras
090581,9,Leitores de código de barras
090582,9,Coletes à prova de bala
090583,9,Boias de marcação
090584,9,Plaquetas para circuitos integrados
090585,9,Aparelhos de cromatografia para laboratório
090586,9,Cronógrafos [instrumento para medição de tempo]
090587,9,Discos compactos [cd] [áudio e vídeo]
090588,9,Discos compactos de memória somente de leitura [cd-rom]
090589,9,"Programas operacionais para computador, gravados"
090590,9,Periféricos de computador
090591,9,"Softwares de computador, gravados"
090592,9,Condensadores ópticos
090593,9,Acopladores acústicos
090594,9,Acopladores [processamento de dados]
090595,9,Câmaras de descompressão
090596,9,Plotters [traçador gráfico]
090597,9,Máscaras para mergulho
090598,9,Canetas eletrônicas para unidades de visualização
090599,9,Cartões magnéticos codificados
090600,9,Aparelhos de fac-símile [fax]
090603,9,Interfaces para computadores
090604,9,Juke-boxes para computadores
090605,9,Joelheiras para operários
090606,9,Dimmers [interruptor de graduação de intensidade luminosa]
090606,9,Reguladores de intensidade luminosa [dimmer]
090607,9,Suportes magnéticos para dados
090608,9,Codificadores magnéticos
090609,9,Unidades de fita magnética para computadores
090610,9,Microprocessadores
090611,9,Modems
090612,9,Monitores [periféricos de computador]
090613,9,Monitores [programas de computador]
090614,9,Mouses de computador
090615,9,Leitores ópticos de caractere
090616,9,Suportes ópticos para dados
090617,9,Discos ópticos
090618,9,Impressoras para uso com computadores*
090619,9,Processadores [unidades centrais de processamento] [informática]
090619,9,Unidades centrais de processamento [processadores] [informática]
090620,9,Leitores [equipamentos de processamentos de dados]
090621,9,"Cintos de segurança, exceto para veículos ou equipamentos desportivos"
090622,9,Escâneres [scanner] para processamento de dados
090623,9,Detectores de fumaça
090624,9,Transistores [eletrônicos]
090625,9,"Radiografias, exceto para uso médico"
090626,9,Mangas de junção para cabos elétricos
090627,9,Ábacos
090628,9,Agendas eletrônicas
090629,9,Aparelhos de secretária eletrônica
090630,9,Câmeras de vídeo
090631,9,Toca-fitas
090632,9,Toca-cd [discos compactos]
090633,9,"Aparelhos de diagnóstico, exceto para uso médico"
090634,9,Drives de disquetes para computadores
090635,9,Trilhos elétricos para montagem de holofotes
090636,9,Tradutores eletrônicos de bolso
090637,9,Etiquetas eletrônicas para mercadorias
090638,9,Cobertores para incêndio
090639,9,Flash [fotografia]
090640,9,Cartões com circuito integrado [cartões inteligentes]
090640,9,Cartões inteligentes [cartões com circuito integrado]
090641,9,Colheres de dosagem
090642,9,Notebook [computadores]
090643,9,Quadros eletrônicos para avisos
090644,9,Calculadoras de bolso
090645,9,"Calçados para proteção contra acidentes, irradiação e fogo"
090646,9,Sprinklers [jatos aspersores] para incêndio
090647,9,Cabos de ignição para motores
090649,9,Relógios de ponto
090650,9,Videocassetes [fitas]
090651,9,Cartuchos para videogames
090652,9,Monitores de vídeo
090653,9,Videofones
090654,9,Óculos para esportes
090655,9,Prendedores de nariz para mergulho
090656,9,Capacetes de segurança para esportes
090657,9,"Publicações eletrônicas, baixáveis"
090658,9,Programas de computador baixáveis
090659,9,Dispositivos de navegação para veículos [computador de bordo]
090660,9,Ímãs decorativos
090661,9,Telefones sem fio
090662,9,Mouse pads [informática]
090663,9,Rádios toca-fitas portáteis
090664,9,Apoios para os pulsos [informática]
090665,9,Cabos coaxiais
090666,9,Cabos de fibra óptica
090667,9,Protetores de tomada
090668,9,Medidores de profundidade oceânica
090669,9,Cercas elétricas
090670,9,"Programas de jogos de computador, gravados"
090671,9,Fones de ouvido
090672,9,Lâmpadas de lastro
090673,9,Pager
090674,9,Aparelhos de navegação por satélite
090675,9,Válvulas de solenóide [interruptor eletromagnético]
090676,9,Aparelhos de proteção contra variação de tensão
090677,9,Walkie-talkies
090678,9,Birutas [aparelhos que indicam a direção dos ventos]
090679,9,Indicadores eletrônicos emissores de luz
090680,9,Manequins de ressuscitação [material de ensino]
090682,9,Aparelhos para controle de iluminação de palco
090683,9,Ampulhetas
090684,9,Chips de dna [chips biológicos]
090685,9,Tocadores de dvd
090686,9,Caixas eletrônicos
090687,9,Semáforos [dispositivos de sinalização]
090688,9,Kits hands-free para telefones
090689,9,Anteparos de amianto para bombeiros
090690,9,Capacetes de equitação
090691,9,Vestuário especial para uso em laboratórios
090692,9,"Braceletes de identificação codificada, magnéticos"
090693,9,Transponder
090694,9,Toques baixáveis para telefones celulares
090695,9,Arquivos de música baixáveis
090696,9,Arquivos de imagem baixáveis
090697,9,Bonecos para teste de colisão
090698,9,Centrífugas de laboratório
090699,9,Placas de circuito impresso
090700,9,Pen drives
090701,9,Aparelhos de gps [sistema de posicionamento global]
090702,9,Tocadores portáteis de mídia
090703,9,Alças para telefones celulares
090704,9,Diodos emissores de luz [led]
090705,9,Tríodos
090706,9,Transformadores elevadores
090707,9,Laptops
090708,9,Mangueiras de incêndio
090709,9,Bolsas adaptadas para laptops
090710,9,Capas para laptops
090711,9,Porta-retratos digitais
090712,9,Placa de petri
090713,9,Tubos de pitot
090714,9,Estroboscópios
090715,9,Cones de sinalização de trânsito
090716,9,"Etiquetas indicadoras de temperatura, exceto para uso médico"
090717,9,"Aplicativos, baixáveis"
090718,9,Leitores de livros digitais [e-readers]
090719,9,Smartphones
090720,9,Cartuchos vazios para impressoras e fotocopiadoras
090721,9,Babá eletrônica
090722,9,Babá eletrônica com vídeo
090723,9,Para-sol [parte de câmera fotográfica]
090724,9,Tablets
090725,9,Cartões [chaves de acesso] codificados
090726,9,Óculos 3d
090727,9,Cartões de memória para videogames
090728,9,Vestuário à prova de balas
090729,9,Acelerômetro
090730,9,Adaptadores elétricos
090731,9,Cápsulas salva-vidas para desastres naturais
090732,9,Hardware de computador
090733,9,Painéis solares para produção de eletricidade
090734,9,Telefones celulares
090735,9,Miras telescópicas para artilharia
090736,9,Painéis digitais
090737,9,Monitores vestíveis de atividade física
090738,9,Carregadores para cigarros eletrônicos
090739,9,Pulseiras conectadas [instrumentos de medição]
090740,9,Capas para smartphones
090741,9,Estojos para smartphones
090742,9,Bastões de selfie [suportes manuais]
090743,9,Calorímetros
090744,9,Medidores de vazão
090745,9,Coletes salva-vidas refletivos
090746,9,Coleira eletrônica para adestrar animais
090747,9,"Controles para uso com computadores, exceto para videogames"
090748,9,Óculos inteligentes
090749,9,Relógios inteligentes
090750,9,Aparelhos para extinguir fogo
090751,9,Filmes protetores adaptados para telas de computador
090752,9,Protetores bucais para esportes
090753,9,Protetores de cabeça para esportes
090754,9,Ponteiros para bússolas
090755,9,Hardware de token de segurança para autenticação de usuários
090756,9,Detectores infravermelhos
090757,9,Capas para assistentes pessoais digitais [pdas]
090758,9,Balanças para bebês
090759,9,Controle eletrônico de acesso para portas interligadas
090760,9,Câmeras termográficas
090761,9,Balanças com avaliadores de massa corporal
090762,9,Capas para tablets
090763,9,Caixas-pretas [gravadores de dados]
090764,9,Estações meteorológicas digitais
090765,9,Estações de carga para veículos elétricos
090766,9,Terminais interativos com tela de toque
090767,9,Anéis inteligentes
090768,9,Unidades de efeitos elétricos e eletrônicos para instrumentos musicais
090769,9,Interfaces de áudio
090770,9,Equalizadores [aparelhos de áudio]
090771,9,Subwoofers
090772,9,Balanças de banheiro
090773,9,Termohigrômetros
090774,9,Biochips
090775,9,Películas protetoras adaptadas para smartphones
090776,9,Headsets de realidade virtual
090777,9,"Quadros brancos interativos, eletrônicos"
090778,9,Robôs humanoides com inteligência artificial para uso em pesquisa científica
090779,9,Mixers de áudio
090780,9,Pilhas para cigarros eletrônicos
090781,9,Chaveiros eletrônicos [aparelhos de controle remoto]
090782,9,"Partitura eletrônica, baixável"
090783,9,Réguas t para medir
090784,9,Esquadros para medir
090785,9,Réguas esquadros para medir
090786,9,Telas/painéis [displays] digitais eletrônicos
090787,9,Robôs de laboratório
090788,9,Robôs didáticos
090789,9,Robôs de vigilância para segurança
090790,9,Assistentes pessoais digitais [pda]
090791,9,"Plataformas de programas de computador, gravados ou baixáveis"
090792,9,Localizadores de satélite [medidores de intensidade de sinal]
090793,9,Medidores de anel
090794,9,Medidores de dedo
090795,9,Computadores thin client
090796,9,Câmeras de ré para veículos
090797,9,Dicionários eletrônicos portáteis
090798,9,Simuladores para treinamento em ressuscitação
090799,9,Chicotes elétricos automotivos
090800,9,Esnórquel [snorkel]
090801,9,Apitos para esportes
090802,9,"Softwares protetores de tela para computadores, gravados ou baixáveis"
090803,9,Lentes [objetivas] para autorretrato
090804,9,Elementos gráficos baixáveis para telefones celulares
090805,9,Aparelhos de telecomunicação na forma de joias
090806,9,Computadores vestíveis
090807,9,Monitores de vídeo vestíveis
090808,9,"Aparelhos de imagem por ressonância magnética [IRM], exceto para fins médicos"
090809,9,Sinalizadores a laser para resgate
090810,9,"Cartuchos de tinta, vazios, para impressoras e fotocopiadoras"
090811,9,Pedais wah-wah
090812,9,Instrumentos de medição de altura
090813,9,Cabeças para treinamento de penteados [material de ensino]
090814,9,Dispositivos para a projeção de teclados virtuais
090815,9,Cobertores de sobrevivência
090817,9,Dispositivos de análise granulométrica de nanopartículas
090818,9,Almofadas para fones de ouvido
090819,9,Luvas de dados
090820,9,Mouse com trackball para computador
090821,9,Emoticons baixáveis para telefones celulares
090822,9,Robôs de telepresença
090823,9,Termostatos digitais para climatização
090824,9,Sensores piezoelétricos
090825,9,Diodos emissores de luz orgânicos [oled]
090826,9,Diodos emissores de luz quânticos [qled]
090827,9,"Conta-gotas graduados, exceto para uso médico ou doméstico"
090828,9,Soquetes elétricos
090829,9,Programas de jogos de computador baixáveis
090830,9,"Sinalizadores de resgate, não explosivos e não pirotécnicos"
090831,9,Suportes adaptados para laptops
090832,9,Acessórios para cabeça [capacetes de proteção]
090833,9,Cadeados eletrônicos
090834,9,Cintos de lastro para mergulho
090835,9,Fones de ouvido para comunicação remota
090836,9,Sensores de estacionamento para veículos
090837,9,Impressoras de bilhetes
090838,9,Cintos corporais para apoio na elevação de cargas
090839,9,Cincerro para guiar rebanho
090840,9,Projetores de vídeo Downloadable software for generating cryptographic keys for receiving and
090842,9,Carteiras eletrônicas baixáveis
090843,9,Máquinas para pagamento com cartão de crédito
090844,9,Passaportes biométricos
090845,9,Cédulas de identidade biométricas
090846,9,Centrais [hubs] para casas inteligentes
090846,9,Centrais [hubs] de automação residenciais
090847,9,"Conjuntos de dados, gravados ou baixáveis"
090848,9,Aparelhos de exibição projetados no vidro para veículos
090849,9,Alto-falantes inteligentes
090850,9,Fechaduras biométricas
090851,9,Bolas extintoras de incêndio
090852,9,Alto-falantes vestíveis
090853,9,Medidores de poeira ultrafina portáteis
090854,9,Smartphones dobráveis
090855,9,Lanternas para smartphones
090856,9,Escâneres [scanners] 3d
090857,9,Alto-falantes à base de filmes finos
090858,9,Microfones de alto-falante sem fio
090859,9,Escâneres [aparelhos scanner] para diagnóstico automotivo
090860,9,"Trajes hápticos, exceto para fins medicinais"
090861,9,Anéis de luz [ring lights] de selfie para smartphones
090862,9,Carregadores para telefones celulares
090863,9,Protetores de tela para telefones celulares
090864,9,Sinais de alerta [luminosos]
090865,9,Sinais de segurança [luminosos]
090866,9,Anéis de dedo para segurar telefones celulares
090867,9,Anéis suportes para telefones celulares
090868,9,Headsets
090869,9,Headsets para jogar videogames Software de computador baixável para gestão de operações de criptomoeda usando 9 tecnologia blockchain Programa de computador baixável para gestão de operações de criptomoeda usando 9 tecnologia blockchain
090871,9,Aparelhos de eletrólise para uso laboratorial
090872,9,Aparelhos para geração de gás para fins de calibragem
090873,9,"Aparelhos para testar leite materno, exceto para uso médico ou veterinário"
090874,9,Carregadores de energia portáteis
090875,9,Amplificadores para servomotores
090876,9,Controladores eletrônicos para servomotores
090877,9,Computadores quânticos
090878,9,Controles de interface digital de instrumentos musicais enquanto interfaces de áudio
090879,9,Biorreatores para uso laboratorial
090880,9,Biorreatores para cultura celular para pesquisa científica
090881,9,Suportes adaptados para telefones celulares e smartphones
090882,9,Suportes de telefone para carros
090883,9,Óculos de realidade virtual [head mounted displays]
090884,9,Impressoras portáteis sem fio para uso com laptops e dispositivos móveis
090887,9,Airbags para fins de segurança para proteção contra quedas
090888,9,"Capacetes neurais, exceto para fins medicinais"
090889,9,Alto-falantes portáteis
090890,9,Bafômetros
090891,9,Bases de refrigeração para laptops
090892,9,Ventoinhas [ventiladores] de refrigeração internas para computadores
090893,9,Pedais de efeitos para violões
090894,9,"Software como um dispositivo médico [samd], baixável Tapetes [suporte] para painel de veículo adaptados para telefones celulares e"
090897,9,Controles para servomotores
090898,9,Máscaras contra pó com purificação do ar
090899,9,Atuadores elétricos
090900,9,Atuadores lineares elétricos
090901,9,Luvas isolantes para proteção contra acidentes
090902,9,"Dosímetros, exceto para uso médico [aparelhos de medição]"
090903,9,Roupas secas para mergulho [dry suit]
090904,9,Macacões para mergulho [dive skin]
090905,9,Roupas para esportes aquáticos
090906,9,Roteadores para redes de computador
090907,9,Extensores de frequência Robôs humanoides com funções de comunicação e aprendizado para auxiliar e entreter 9 pessoas
090909,9,Sistemas de alerta de míssil
090910,9,Sistemas de navegação autônoma para navios
090911,9,Terminais de autoatendimento
090912,9,Escâneres [scanner] de documentos portáteis
090913,9,Estojos para smartphones com teclado integrado
090914,9,Medidores de alinhamento de rodas
090915,9,Mesas para mixar vídeos
090916,9,Robôs humanoides com inteligência artificial para preparar bebidas
090917,9,"Robôs humanoides programáveis pelo usuário, não configurados"
090918,9,Arquivos de imagens digitais baixáveis autenticados por tokens não fungíveis [NFTs]
090919,9,Ozonizadores para fins de calibragem
090919,9,Geradores de ozônio para fins de calibragem
090920,9,Cordões para telefones celulares
090921,9,Gimbals para câmeras digitais
090922,9,Gimbals para smartphones
090924,9,Terminais de ponto de venda [PDV]
090925,9,Aparelhos para projeção holográfica
090926,9,Buretas de laboratório
090927,9,Suportes com rastreador de movimentos para câmeras
090928,9,Carteiras de hardware para criptomoedas
090929,9,Vestuário virtual baixável
090930,9,Controles de realidade virtual
090931,9,Foguetes sonoros
090932,9,Vestuário para motociclistas para proteção contra acidentes ou ferimentos
090933,9,Arquivos de músicas digitais baixáveis autenticados por tokens não fungíveis [NFTs]
090934,9,Aplicativo baixável para ambientes virtuais Downloadable computer software applications for minting non-fungible tokens
090936,9,Aparelhos para medição de poeira
090937,9,Aparelhos de diagnóstico para uso em laboratório de pesquisa
090938,9,"Aparelhos de imagem ultrassônicos, exceto para fins medicinais"
090939,9,Luvas de dedo capacitivas para dispositivos com tela de toque
090940,9,Dispositivos sequenciadores de música
090941,9,Sinais de trânsito para pedestres
090942,9,Etiquetas eletrônicas para prateleira
090943,9,Mídia de armazenamento eletrônico
090944,9,Câmeras de painéis de instrumentos
090944,9,Dash cam
090945,9,Osciladores eletrônicos
090946,9,Ressonadores eletrônicos
090947,9,Filmes polarizadores para painéis [displays]
090948,9,Filmes condutores transparentes para painéis [displays]
090949,9,Simuladores de treinamento médico
090950,9,Arquivos de vídeo baixáveis
090951,9,Canetas stylus para telas sensíveis ao toque
090952,9,Escâneres [scanner] biométricos Robôs humanoides com inteligência artificial para uso em limpeza doméstica e 9 lavanderia
090954,9,Espelhos de tráfego
090955,9,Dispositivos de proteção contra surtos elétricos
090956,9,Escudos antimotim
090957,9,Baterias nucleares
090958,9,Coletes salva-vidas para animais de estimação
090959,9,Frascos para uso laboratorial
090960,9,Reatores químicos para uso laboratorial
090961,9,Espelhos inteligentes/virtuais [tela eletrônica interativa]
090962,9,Chuveiros de emergência
090963,9,Reguladores para mergulho
090964,9,Aparelho de amplificação genética para pesquisa científica em laboratórios
090965,9,Etiquetas de comunicação de campo próximo [NFC]
100001,10,Cintas abdominais
100002,10,Cintas hipogástricas
100003,10,Coletes abdominais
100004,10,Colchões para parto
100005,10,Aparelhos auditivos
100006,10,Cornetas acústicas
100007,10,Agrafos [grampos cirúrgicos]
100008,10,Agulhas para uso medicinal
100009,10,Agulhas para sutura
100010,10,Pessários
100011,10,Aparelhos terapêuticos de ar quente
100012,10,Vibradores de ar quente para uso medicinal
100013,10,Lençóis de proteção para leitos hospitalares
100014,10,Lençóis para pessoas com incontinência
100015,10,Cateteres
100017,10,Lâmpadas radiogêneas para uso medicinal
100018,10,Anéis para dentição
100020,10,Bandagens ortopédicas para articulações
100021,10,Talas [cirurgia]
100022,10,"Bandagens elásticas, exceto para curativos"
100023,10,Cintas galvânicas para uso medicinal
100024,10,Aparelhos de raio x para uso médico
100025,10,Comadres [bacias higiênicas]
100026,10,Bacias para uso medicinal
100027,10,Instrumentos obstétricos para gado
100028,10,Mamadeiras*
100029,10,Bisturis para uso cirúrgico
100030,10,Escalpelos [bisturis]
100031,10,Botas para uso medicinal
100033,10,"Algálias [sonda, cateter] cirúrgicas"
100034,10,Escarradores para uso medicinal
100035,10,Categute
100036,10,Macas com rodas
100036,10,Padiolas [macas]
100038,10,Artigos ortopédicos
100039,10,Fundas para hérnia
100040,10,Suportes de arco plantar para calçados
100041,10,Camisas de força
100042,10,Cânulas
100043,10,Luvas de uso medicinal
100044,10,Aparelhos para lavar cavidades do corpo
100045,10,Cintos para uso medicinal
100046,10,Cintas de gravidez
100047,10,Cintos ortopédicos
100048,10,Cadeiras de dentistas
100049,10,Tesouras para castrar
100050,10,"Almofadas aquecidas eletricamente, para uso medicinal"
100051,10,Calçados ortopédicos
100052,10,Dentes artificiais
100053,10,Esponjas cirúrgicas
100054,10,Aparelhos e instrumentos cirúrgicos
100055,10,Estojos de instrumentos para médicos
100056,10,Fios [cirúrgicos]
100057,10,Aparelhos para anestesia
100058,10,Tesouras para cirurgia
100059,10,Compressas termelétricas [cirurgia]
100060,10,Compressores [cirurgia]
100061,10,Conta-gotas para uso medicinal
100062,10,Corta-calos
100063,10,Aparelhos para massagens estéticas
100064,10,Almofadas para uso medicinal
100065,10,Cutelaria cirúrgica
100067,10,Incubadoras para uso medicinal
100069,10,Colheres para administração de remédios
100071,10,Limpa-ouvidos
100072,10,Brocas para uso odontológico
100073,10,Aparelhos e instrumentos odontológicos
100074,10,Pivôs para dentes artificiais
100076,10,Dentaduras
100076,10,Conjuntos de dentes artificiais [próteses]
100077,10,Lancetas
100078,10,Espelhos para dentistas
100079,10,Dedeiras para uso medicinal
100079,10,Protetores de dedo para fins medicinais
100080,10,Seringas para injeção
100081,10,Drenos para uso medicinal
100082,10,Bolsa d'água para uso medicinal
100083,10,Telas radiológicas para uso medicinal
100084,10,Eletrocardiógrafos
100085,10,Sondas para uso medicinal
100086,10,Bombas para uso medicinal
100087,10,Aparelhos para análise sanguínea
100088,10,Poltronas para uso medicinal ou odontológico
100089,10,Frascos conta-gotas para uso medicinal
100090,10,Fórceps
100091,10,Aparelhos terapêuticos galvânicos
100092,10,Luvas para massagens
100093,10,Gastroscópios
100094,10,Bolsas de gelo para uso medicinal
100095,10,Hemocitômetros
100096,10,Camas d'água para uso medicinal
100097,10,Seringas hipodérmicas
100098,10,Almofadas hipogástricas
100099,10,Inaladores
100100,10,Injetores para uso medicinal
100101,10,Travesseiros soporíferos contra insônia
100102,10,Aparelhos e instrumentos urológicos
100103,10,Insufladores
100104,10,Aparelhos para enemas para uso medicinal
100105,10,Lâmpadas ultravioleta para uso medicinal
100106,10,Lasers para uso medicinal
100107,10,Bombas para tirar leite
100108,10,Lâmpadas para uso medicinal
100109,10,Vaporizadores para uso medicinal
100110,10,Urinóis [vasilhas]
100111,10,Maxilares artificiais
100112,10,Máscaras anestésicas
100113,10,Aparelhos para massagem
100114,10,Aparelhos e instrumentos médicos
100115,10,Recipientes para aplicação de medicamentos
100116,10,Maletas especiais para instrumentos médicos
100117,10,Membros artificiais
100118,10,Espelhos para cirurgiões
100119,10,Móveis especiais para uso medicinal
100120,10,Aparelhos obstétricos
100121,10,Cintas umbilicais
100122,10,Ceratômetros
100122,10,Oftalmômetros
100123,10,Oftalmoscópios
100124,10,Protetores de ouvido [audição]
100125,10,Pele artificial para uso cirúrgico
100126,10,Pontas de muletas
100127,10,Pistolas para medicação [uso veterinário]
100128,10,Preservativos
100129,10,Esfigmotensiômetros
100129,10,Esfigmomanômetros
100129,10,Aparelhos para medir a pressão arterial
100130,10,Lâmpadas a quartzo para uso medicinal
100131,10,Aparelhos e instalações para geração de raios x para uso medicinal
100132,10,Radiografias para uso medicinal
100133,10,Aparelhos de radiologia para uso medicinal
100134,10,Aparelhos para radioterapia
100135,10,Aparelhos para reanimação
100136,10,Tubos de raios x para uso medicinal
100137,10,Dispositivos de proteção contra raios x para uso medicinal
100138,10,Respiradores para respiração artificial
100139,10,Aparelhos para respiração artificial
100140,10,Serras para uso cirúrgico
100141,10,Seios artificiais [prótese]
100142,10,Seringas uterinas
100143,10,Seringas vaginais
100144,10,Estetoscópios
100145,10,Chupetas
100146,10,Suportes para pés chatos
100147,10,Aparelhos para tratamento de surdez
100148,10,Fundas suspensórias
100149,10,Material para sutura
100150,10,Mesas de operação
100151,10,Trocartes [instrumento cirúrgico]
100153,10,Sondas uretrais
100154,10,Seringas uretrais
100155,10,Ventosas medicinais
100156,10,Aparelhos e instrumentos veterinários
100157,10,Vibradores para camas
100158,10,Aparelhos de vibromassagem
100159,10,Olhos artificiais [prótese]
100161,10,Travesseiros de ar para uso medicinal
100162,10,Almofadas de ar para uso medicinal
100163,10,Colchões de ar para uso medicinal
100164,10,Seringas para uso medicinal
100165,10,Meias elásticas para uso cirúrgico
100166,10,Meias para varizes
100168,10,Muletas
100169,10,Tampas de mamadeiras
100170,10,Bicos de mamadeiras
100171,10,Solas ortopédicas
100172,10,Lençóis estéreis para uso cirúrgico
100173,10,Camas especialmente feitas para uso medicinal
100174,10,Eletrodos para uso medicinal
100175,10,Cintos medicinais elétricos
100176,10,Aparelhos para exercícios físicos para uso medicinal
100177,10,Incubadoras para bebês
100178,10,Escovas para limpar as cavidades do corpo
100179,10,Aparelhos odontológicos elétricos
100180,10,Aparelhos de análises para uso medicinal
100180,10,Aparelhos de teste para uso medicinal
100181,10,Filtros para raios ultravioleta de uso medicinal
100182,10,Aparelhos para administração de inalantes para fins médicos
100183,10,Cintas elásticas para uso medicinal
100184,10,"Contraceptivos, exceto os químicos"
100191,10,Cobertores elétricos para uso medicinal
100192,10,Próteses capilares
100193,10,Joelheiras ortopédicas
100194,10,Lentes [próteses intraoculares] para implantes cirúrgicos
100194,10,Próteses intraoculares [lentes] para implantes cirúrgicos
100195,10,Almofadas para impedir a formação de escaras
100196,10,Aparelhos de fisioterapia
100197,10,Espirômetros [aparelhos médicos]
100198,10,Termômetro para uso medicinal
100199,10,Agulhas de acupuntura
100200,10,Roupas especiais para salas de cirurgia
100201,10,Aparelhos de diagnóstico para uso medicinal
100202,10,Instrumentos elétricos para acupuntura
100203,10,Marcapassos cardíacos
100204,10,Guinchos elevadores de pacientes
100205,10,Máscaras utilizadas por pessoal da área médica
100206,10,Ataduras para engessar para uso ortopédico
100207,10,Lençóis cirúrgicos
100208,10,Implantes cirúrgicos com materiais artificiais
100209,10,Almofadas térmicas para primeiros socorros
100210,10,Cadeiras sanitárias
100211,10,Desfibriladores
100212,10,Dialisadores
100213,10,Fios guia médicos
100214,10,Aparelhos ortodônticos
100215,10,Aparelhos de tração para uso medicinal
100216,10,Coletores para descarte de resíduos médicos
100217,10,Tipoias [faixas de sustentação]
100218,10,Duchas para higiene íntima
100219,10,Bonecos eróticos
100220,10,Aparelhos de microdermoabrasão para fins médicos ou terapêuticos
100221,10,Aparelhos de reabilitação física de uso médico
100222,10,Medidores de pulso
100223,10,Stents [endopróteses vasculares]
100224,10,Tampões de ouvido [dispositivo para proteção da audição]
100225,10,"Etiquetas indicadoras de temperatura, para uso médico"
100226,10,Andadores para pessoas com dificuldade de locomoção
100227,10,Tomógrafos para fins médicos
100228,10,Aparelhos para tratamento da acne
100229,10,Pentes para piolhos
100230,10,Bengalas de quatro apoios de uso médico
100231,10,Câmeras de endoscopia para fins médicos
100232,10,Aparelhos de monitoramento cardíaco
100233,10,Vestimenta para compressão
100234,10,Brinquedos sexuais
100235,10,Marcapasso cerebral
100236,10,Dispositivos subcutâneos para liberação de medicamentos
100237,10,Implantes biodegradáveis para fixar ossos
100238,10,Abaixador de língua para fins médicos
100239,10,Aspiradores nasais
100240,10,Protetores bucais para fins odontológicos
100241,10,Coletores menstruais
100242,10,Máscaras para respiração artificial
100243,10,Elásticos ortodônticos
100244,10,Equipamentos de análise para identificação de bactérias para fins médicos
100245,10,Aparelhos para testes de dna e rna para fins médicos
100246,10,Aparelhos para a regeneração de células-tronco para fins médicos
100247,10,Monitores de gordura corporal
100248,10,Monitores de composição corporal
100249,10,Separadores de dedos do pé para fins ortopédicos
100250,10,Pulseiras antirreumáticas
100251,10,Anéis antirreumáticos
100252,10,Pulseiras para uso medicinal
100253,10,Robôs cirúrgicos
100254,10,Alimentadores para bebês
100255,10,Pulseiras anti-enjoo
100256,10,Andadores com rodas
100257,10,Inaladores de hidrogênio
100258,10,Aparelhos de imagem por ressonância magnética [IRM] para uso medicinal
100259,10,Colchões infláveis para uso medicinal
100260,10,Adesivos de resfriamento para uso medicinal
100261,10,Almofadas de resfriamento para primeiros socorros
100262,10,Mictórios portáveis
100263,10,Bengalas para uso medicinal
100264,10,Trajes exoesqueléticos robóticos para uso médico
100265,10,Faixas de acupressão
100266,10,Prendedores de chupeta
100267,10,Medidores de colesterol
100268,10,Camisolas de exames para pacientes
100269,10,Anéis biomagnéticos para fins terapêuticos ou médicos
100270,10,Máscaras faciais terapêuticas
100271,10,Massageadores de gengivas para bebês
100272,10,Trituradores de comprimidos
100273,10,Glicosímetros
100273,10,Medidores de glicose
100274,10,Lâmpadas de secagem para uso médico
100275,10,Produtos para preenchimento de cavidades ósseas à base de materiais artificiais
100276,10,Câmaras de inalação
100276,10,Espaçadores para inaladores
100277,10,Mesas de exame clínico
100278,10,Nanorrobôs para fins médicos
100278,10,Nanites [nanomáquinas] para uso medicinal
100279,10,Fitas de cinesiologia
100280,10,Aparelhos médicos de refrigeração para tratamento de insolação
100281,10,Aparelhos médicos de refrigeração para uso em hipotermia terapêutica
100282,10,Cortadores de comprimidos
100283,10,Máscaras para proteção para uso medicinal
100284,10,Máscaras de led para fins terapêuticos
100285,10,Concentradores de oxigênio para fins médicos
100286,10,Bandagem de suporte
100287,10,Capacetes para terapia a laser para tratar alopecia
100288,10,Máscaras descartáveis aquecidas a vapor para fins terapêuticos
100289,10,Adesivos descartáveis aquecidos a vapor para fins terapêuticos
100290,10,Implantes contraceptivos
100291,10,Dispositivos intrauterinos
100292,10,Aparelhos de monitoramento de diabetes
100293,10,Audiômetros
100294,10,Trajes hápticos para fins medicinais
100295,10,Aparelhos para testar leite materno para fins medicinais
100296,10,Tubos capilares para uso medicinal
100297,10,Cristais para fins terapêuticos
100298,10,Stents [endopróteses vasculares] revestidos com medicamentos para trombose
100299,10,Fones de ouvido portáteis com função de endoscopia
100300,10,Pistolas de massagem elétricas
100301,10,Capacetes neurais para fins medicinais
100302,10,Máscaras higiênicas
100303,10,Máscaras higiênicas reutilizáveis feitas de gaze
100304,10,"Aparelhos elétricos para tratamento estético facial, exceto vaporizadores faciais"
100305,10,Colheres para pacientes com tremor
100306,10,Dosímetros para uso médico
100307,10,Nebulizadores para fins médicos
100308,10,Filtros para máscaras respiratórias para fins médicos
100309,10,Respiradores para filtragem de ar para fins médicos
100310,10,Máscaras respiratórias para fins médicos
100311,10,Aparelhos de respiração para fins médicos
100312,10,Ímãs terapêuticos
100313,10,Camas de hospital
100314,10,Cadeiras de massagem com aparelhos para massagem embutidos
100316,10,Tampões de ouvido para nadadores
100317,10,Densitômetros para fins médicos
100318,10,Protetores de mamilo para amamentação
100319,10,"Aparelhos de diagnóstico para fins medicinais, para uso em laboratórios médicos"
100320,10,Aparelhos de imagem ultrassônicos para fins médicos
100321,10,Pranchas de banho adaptadas para pessoas com deficiências físicas
100322,10,Fitas atléticas
100323,10,Cabines de isolamento equipadas com equipamentos médicos
100324,10,Eletrolaringe
100325,10,Aparelhos de tratamento criogênico para fins médicos
100326,10,Aparelhos de tratamento criogênico para fins veterinários
100327,10,Andadores para animais de estimação
100328,10,Óculos*
100329,10,Lentes de óculos
100330,10,Armação de óculos
100331,10,Correntes para pincenê
100331,10,Correntes para óculos
100332,10,Cordões para óculos
100333,10,Óculos para correção do daltonismo
100334,10,Estojos de óculos
100335,10,Lentes de contato
100336,10,Estojos para lentes de contato
100337,10,Estojos para lentes de contato com funções de limpeza ultrassônica
100338,10,Lentes corretivas
100339,10,Óculos de sol
100340,10,Óculos de sol para animais de estimação
100341,10,Óculos antirreflexo
100342,10,Pincenê
100343,10,Prendedores de nariz para natação
100344,10,Bengalas inteligentes para pessoas com deficiência visual
100345,10,Aparelhos automáticos de vacinação para gado
100346,10,Andadores para fins médicos
100347,10,Extratores de cravos para uso médico
100347,10,Extratores de comedões para uso médico
100348,10,Rolos faciais para massagem
100349,10,Aparelhos profissionais de clareamento dental para uso odontológico
100350,10,Protetor bucal/placa para bruxismo
100351,10,Tapetes de resfriamento para animais de estimação para fins veterinários
110001,11,Instalações automáticas para irrigar
110002,11,Acumuladores de calor
110003,11,Queimadores de acetileno
110004,11,Geradores de acetileno
110005,11,Chamas de acetileno
110006,11,Dutos de ventilação
110007,11,Instalações de iluminação para veículos aéreos
110008,11,Aerotermos
110009,11,Aparelhos para desodorização do ar
110010,11,Aparelhos para resfriamento do ar
110011,11,Filtros para ar-condicionado
110012,11,Reaquecedores de ar
110013,11,Secadores de ar
110014,11,Instalações de ar-condicionado
110015,11,Instalações para filtragem de ar
110016,11,Aparelhos de ar quente
110018,11,Acendedores por fricção para ignição de gás
110019,11,Acendedor de gás
110021,11,Lâmpadas de bulbo
110022,11,"Lâmpadas de bulbo, elétricas"
110023,11,Lâmpadas de arco
110024,11,Luminárias elétricas
110025,11,Armações estruturais para fornos
110026,11,Armários frigoríficos
110027,11,Luzes para veículos
110031,11,Faróis para automóveis
110032,11,Resfriadores para fornalhas
110032,11,Recipientes de refrigeração para fornalhas
110033,11,Banheiras
110035,11,Banheiras para banhos de assento
110036,11,Cabines portáteis para banhos turcos
110037,11,Acessórios para banhos
110038,11,Aquecedores para banho
110039,11,Instalações de banheiros
110040,11,Lâmpadas
110041,11,Lanternas para iluminação
110042,11,Camisas de candeeiro
110043,11,Queimadores incandescentes
110044,11,Bicos queimadores para candeeiros
110045,11,Lanternas para bicicleta
110046,11,Bidês [aparelho sanitário]
110047,11,"Caldeiras, exceto peças de máquinas"
110048,11,Fornos [cozedores]
110049,11,Hidrantes
110050,11,Tampões para radiadores
110051,11,Lanternas elétricas
110052,11,Aquecedores de água*
110053,11,Fornos de padarias
110055,11,Quebra-jato para torneiras
110056,11,Espetos giratórios para assar
110057,11,Espetos para assar
110058,11,Queimadores de laboratório
110059,11,Tubos flamejantes para a indústria do petróleo
110060,11,Queimadores
110061,11,Queimadores germicidas
110063,11,Caldeiras de lavanderia
110064,11,Banheiros transportáveis
110065,11,Ventiladores [ar-condicionado]
110066,11,Torrefadores de café
110067,11,Aparelhos de aquecimento
110068,11,Torneiras para tubos e tubulações
110069,11,Recuperadores de calor
110070,11,Acessórios para forno de barro refratário
110071,11,Lâmpadas para luzes direcionais para veículos
110072,11,Carvão para lâmpadas de arco
110073,11,Instalações de aquecimento
110075,11,Caixas de descarga [sanitários]
110076,11,Instalações de aquecimento de água
110077,11,Caldeiras de aquecimento [boilers]
110078,11,Tubos de caldeira para instalações de aquecimento
110079,11,Aparelhos de ar-condicionado para veículos
110080,11,"Aparelhos de aquecimento para combustíveis sólidos, líquidos ou gasosos"
110081,11,Aquecedores para veículos
110082,11,Aparelhos elétricos de aquecimento
110083,11,Radiadores de aquecimento central [calefação]
110084,11,Umidificadores para radiadores de aquecimento central
110085,11,Elementos aquecedores
110086,11,Aquecedores para ferros
110087,11,"Esquenta-pés, elétricos ou não elétricos"
110089,11,Aquecedores de pratos
110090,11,Aquecedores de imersão
110091,11,Vidros para luminárias
110092,11,Mangas de luminárias
110093,11,Canos de chaminés
110094,11,Gavetas [sopradores] de chaminés
110095,11,Secadores de cabelo
110096,11,Instalações para distribuição de água
110097,11,Aparelhos secadores
110099,11,Aparelhos de ar-condicionado
110100,11,Aparelhos para esquentar cola
110101,11,Colunas para destilação
110103,11,Canos [peças de instalações sanitárias]
110103,11,Canos de água para instalações sanitárias
110104,11,Instalações para canos de água
110105,11,Toaletes
110106,11,Congeladores [freezers]
110107,11,"Utensílios para cozinhar, elétricos"
110108,11,Fogões de cozinha
110109,11,Aparelhos e instalações para cozimento
110110,11,Lanternas para motocicletas
110111,11,Tubos para descargas elétricas para iluminação
110112,11,Degeladores para veículos
110115,11,Aparelhos de desinfecção
110116,11,Usinas de dessalinização
110117,11,Aparelho de dessecação
110118,11,Difusores de luz
110119,11,Aparelhos resfriadores de bebidas
110120,11,Aparelhos de destilação
110121,11,Chuveiros*
110122,11,Bocais para lâmpadas elétricas
110123,11,Instalações para purificação de água
110124,11,Aparelhos para filtragem de água
110125,11,Instalações de resfriamento para água
110126,11,Fontes [chafariz]
110127,11,Tanques de água sob pressão
110128,11,Esterilizadores de água
110129,11,"Trocadores de calor, exceto partes de máquinas"
110130,11,Aparelhos e instalações de iluminação
110133,11,Lustres
110135,11,Instalações de purificação de esgoto
110136,11,Iluminação de teto
110137,11,Radiadores elétricos
110138,11,Aparelhos para depuração de gás
110141,11,Aparelhos secadores de forragem
110142,11,Evaporadores
110143,11,Fogões [aparelhos de aquecimento]
110145,11,Filamentos para lâmpadas elétricas
110147,11,Filtros para água potável
110148,11,Tochas
110149,11,Forjas portáteis
110150,11,"Fornalhas, exceto para uso em laboratório"
110150,11,"Fornos, exceto para uso em laboratório"
110151,11,Acessórios moldados para fornalhas
110151,11,Acessórios moldados para fornos
110152,11,Barras de grelha
110153,11,Pisos de lareiras
110154,11,Cinzeiros de lareiras
110155,11,Máquinas e aparelhos refrigeradores
110156,11,Câmaras frigoríficas
110157,11,Recipientes frigoríficos
110158,11,Lamparinas para frisar
110159,11,Torrefadores de frutas
110160,11,Depuradores de gás [partes de instalações de gás]
110161,11,Queimadores de gás
110162,11,Caldeiras a gás
110163,11,Lâmpadas a gás
110165,11,"Caldeiras de vapor, exceto partes de máquinas"
110166,11,Lâmpadas germicidas para purificação de ar
110167,11,Aparelhos e máquinas de gelo
110168,11,"Minigeladeira portátil [caixa térmica], elétrica"
110169,11,Globos para lâmpadas
110170,11,Placas aquecedoras
110171,11,Torradeiras para pão
110171,11,Torradeiras
110172,11,Aparelhos para grelhar [grelhadores]
110173,11,Incineradores
110174,11,Aparelhos de ionização para tratamento de ar ou água
110175,11,Chafarizes ornamentais
110176,11,Lâmpadas de laboratório
110177,11,Instalações para resfriamento de leite
110178,11,Pasteurizadores
110179,11,Lâmpadas a óleo
110180,11,"Lâmpadas de raios ultravioleta, exceto para uso medicinal"
110182,11,Lâmpadas de segurança
110183,11,Refletores de lâmpadas
110185,11,Lampiões para decoração [lanternas chinesas]
110186,11,Lavatórios [partes de instalações sanitárias]
110186,11,Cubas para lavabos [partes de instalações sanitárias]
110188,11,Instalações de resfriamento para líquidos
110189,11,Tubos luminosos para iluminação
110190,11,Filamentos de magnésio para iluminação
110191,11,Torrefadores de malte
110192,11,Lâmpadas de mineiros Instalações para processamento de combustíveis nucleares e materiais moderadores
110194,11,Válvulas reguladoras de nível em reservatórios
110197,11,Queimadores de gás oxídrico
110198,11,Radiadores [aquecimento]
110199,11,Queimadores de óleo
110200,11,Faróis de veículos
110201,11,Chapas de aquecimento
110202,11,Holofotes
110203,11,Instalações de polimerização
110204,11,Fornalhas de cozinha [fogões]
110205,11,Purgadores para instalação de aquecimento a vapor
110206,11,Aparelhos e máquinas para purificação de água
110207,11,Aparelhos e máquinas para purificação de ar
110208,11,Torres de refino para destilação
110209,11,Instalações e máquinas para resfriamento
110210,11,Fogareiros
110212,11,Refletores para veículos [faróis]
110213,11,Aparelhos e instalações de refrigeração
110214,11,Aparelhos e instalações para resfriamento
110215,11,Reguladores de chaminé [aquecimento]
110216,11,Acessórios de regulagem para aparelhos e canos de água ou gás
110217,11,Acessórios de segurança para aparelhos e canos de água ou gás
110218,11,Torneiras *
110219,11,Arruelas para torneiras
110220,11,Assadeiras
110221,11,Aparelhos e instalações sanitários
110222,11,Aparelhos e instalações para secagem
110223,11,Aparelhos secadores de mão para banheiros
110224,11,"Serpentinas [partes de instalações de destilação, aquecimento ou resfriamento]"
110225,11,Ventiladores [peças de instalações de ar-condicionado]
110226,11,Esterilizadores
110227,11,Instalações de resfriamento para tabaco
110228,11,Torrefadores de tabaco
110229,11,Aparelhos de iluminação para veículos
110230,11,Torrefadores
110231,11,Instalações automáticas para transportar cinzas
110232,11,Instalações geradoras de vapor
110233,11,Instalações e aparelhos de ventilação [ar-condicionado]
110234,11,Instalações e aparelhos de ventilação [ar-condicionado] para veículos
110235,11,Vasos sanitários
110236,11,Assentos para vasos sanitários
110237,11,Cúpulas para luminárias
110238,11,Bases de abajur
110239,11,Torneiras misturadoras para canos de água
110240,11,Acessórios de regulagem e segurança para canos de gás
110241,11,Acessórios de regulagem e segurança para aparelhos de água
110242,11,Acumuladores de vapor
110243,11,Aparelhos e instalações para abrandamento da água
110244,11,Dutos de ventilação para laboratórios
110245,11,Esterilizadores de ar
110246,11,Destiladores *
110247,11,Queimadores de álcool
110249,11,Dispositivos antirreflexo para veículos [acessórios para lanternas]
110249,11,Dispositivos antiofuscantes para veículos [acessórios para lanternas]
110250,11,Dispositivos de aquecimento para descongelar janelas de veículos
110251,11,Suportes para queimadores de gás
110252,11,Instalações para fornecimento de água
110253,11,Reatores nucleares
110254,11,"Autoclaves, elétricas, para cozinhar"
110254,11,"Panelas de pressão, elétricas"
110256,11,Luzes para automóveis
110257,11,Aquecedores elétricos para mamadeiras
110258,11,Aparelhos elétricos para fazer waffles (ingl.)
110259,11,Acessórios de regulagem e segurança para aparelhos de gás
110261,11,Percoladores elétricos de café
110262,11,Máquinas elétricas de café
110263,11,Postes de iluminação pública
110263,11,Lampadários [iluminação pública]
110264,11,Tubos para caldeiras de aquecimento
110265,11,Churrasqueiras
110266,11,Frigideiras elétricas
110267,11,"Lareiras, domésticas"
110268,11,Bombas de calor
110269,11,Coletores solares [aquecimento]
110270,11,Fogões solares [fornalhas]
110271,11,Camas de bronzeamento
110272,11,Instalações de descargas sanitárias
110272,11,Aparelhos de descarga sanitária
110273,11,Aparelhos alimentadores de caldeiras de aquecimento
110274,11,Refrigeradores [geladeiras]
110275,11,"Aparelhos de desodorização, exceto para uso pessoal"
110276,11,Aparelho para entrada de água
110277,11,Aparelhos para depuração de óleo
110278,11,Vaporizadores faciais
110278,11,Saunas faciais
110279,11,Suportes para fornos
110280,11,Escalfetas de bolso
110291,11,Banheiras de hidromassagem
110292,11,Aparelhos de cromatografia para uso industrial
110293,11,Filamentos elétricos de aquecimento
110294,11,"Condensadores de gás, exceto peças de máquinas"
110296,11,"Almofadas aquecidas eletricamente, exceto para uso medicinal"
110297,11,Instalações para sauna
110298,11,Boxes para chuveiros
110299,11,Pias
110301,11,"Mictórios [urinóis], enquanto instalações sanitárias"
110302,11,Bolsas de água quente
110303,11,Chaleiras elétricas
110304,11,Aquecedores de camas
110305,11,"Cobertores elétricos, exceto para uso medicinal"
110306,11,Esquentadores [caçarola de aquecimento]
110307,11,Aparelhos para filtragem de aquário
110308,11,Aquecedores para aquário
110309,11,Iluminação para aquário
110310,11,Tapetes aquecidos eletricamente
110311,11,Fornos odontológicos
110312,11,Aparelhos elétricos para fazer iogurte
110313,11,Tanques de expansão para instalações de aquecimento central [calefação]
110314,11,Exaustores para cozinha
110315,11,Ventiladores elétricos de uso pessoal
110316,11,"Secadoras de roupa, elétricas"
110317,11,Fornos de micro-onda [aparelhos de cozinha]
110318,11,Aparelhos de cloração para piscinas
110319,11,Válvulas de termostatos [partes de instalações de aquecimento]
110320,11,Aparelhos para hidromassagem
110321,11,Aparelho para desidratar restos de alimentos
110322,11,Luzes de mergulho
110323,11,Aparelhos de irrigação por gotejamento [acessórios de irrigação]
110325,11,Câmaras estéreis [instalações sanitárias]
110326,11,Pedras de lava para grelhas de churrasco
110327,11,"Máquinas para irrigar, para fins agrícolas"
110328,11,Fornos de micro-ondas para fins industriais
110329,11,Máquinas para assar pão
110330,11,Vitrines refrigeradas
110331,11,Passadeiras a vapor
110332,11,Máquinas de fazer pão
110333,11,Aparelhos de iluminação de LED [diodo emissor de luz]
110334,11,Aparelhos para banho de hidromassagem
110335,11,Balcões aquecidos
110336,11,Panelas elétricas
110337,11,Panelas elétricas de cozimento a vapor
110338,11,"Máquinas para fazer tortilhas, elétricas"
110339,11,Aparelhos para esterilizar livros
110340,11,Sopradores térmicos
110341,11,"Fontes de chocolate, elétricas"
110342,11,Aparelho desinfetante para fins médicos
110343,11,Adegas elétricas
110344,11,Luzes pisca-pisca para decoração de festas
110344,11,Mangueiras luminosas para decoração de festas
110346,11,Lanternas de cabeça
110346,11,Lanternas frontais
110347,11,Lâmpadas para manicures
110348,11,Fogões a vácuo elétricos [sous-vide]
110349,11,Geradores de microbolhas para banhos
110350,11,Aparelhos aquecedores e resfriadores para distribuição de bebidas quentes e frias
110352,11,Máquinas elétricas para a preparação de bolo de arroz batido [mochi]
110353,11,Pavios adaptados para fogões [lareira] a óleo
110354,11,Fogões cooktop elétricos
110355,11,Lanternas a vela
110356,11,Fritadeiras a ar
110357,11,Máquinas de fazer sorvete
110358,11,"Luzes direcionais para bicicletas Refrigeradores, aparelhos de refrigeração e congeladores para fins de armazenamento"
110359,11,médico
110360,11,"Lâmpadas de cura, exceto para uso medicinal"
110361,11,Sistemas de cultivo hidropônico
110362,11,Potes térmicos elétricos
110363,11,"Desidratadores de alimentos, elétricos"
110364,11,Aquecedores de mão alimentados por usb
110365,11,Aquecedores de xícara alimentados por usb
110366,11,"Panelas de cuscuz, elétricas"
110367,11,Luminárias de chão
110368,11,"Tagines [panela marroquina], elétricas"
110369,11,Projetores de luz
110370,11,Máquinas de fumaça baixa
110371,11,Aparelhos e instalações sob piso para aquecimento
110372,11,Umidificadores de ar
110373,11,Máquinas elétricas para fazer leite de soja
110374,11,"Cápsulas de café, vazias, para máquinas elétricas de café"
110375,11,Samovares elétricos
110376,11,Desumidificadores Aparelhos de desinfecção para liberação de soluções em canos de água para 11 instalações sanitárias
110378,11,Membranas para unidades de osmose reversa
110379,11,Unidades de filtração por membranas para aparelhos de tratamento de água
110380,11,Filtros para aparelhos de filtragem de água
110381,11,Filtros com membranas de osmose reversa para tratamento de água
110382,11,Pias de cozinha com bancadas integradas
110383,11,Máquinas de café com purificadores de água
110384,11,"Bastões de luz, à bateria"
110385,11,Unidades de osmose reversa
110386,11,Recipientes elétricos para fazer gelados e sorvetes
110387,11,Panelas elétricas
110388,11,Aparelhos de adsorção para geração de gás
110389,11,Aparelhos de membrana para geração de gás
110390,11,Biorreatores para uso no tratamento de águas residuais
110391,11,Aparelhos de fermentação para fins industriais
110392,11,Aparelhos para irrigação de fertilizantes
110393,11,Canecas aquecidas eletricamente
110394,11,Faróis de rodagem para veículos
110395,11,Canhões de neve
110395,11,Máquinas para fazer neve
110396,11,"Máquinas para fazer cerveja, elétricas, para fins domésticos"
110397,11,Biorreatores para uso no tratamento de resíduos
110398,11,Tubos de polipropileno estabilizado por calor para instalações de aquecimento
110399,11,Bastões de luz para iluminação
110400,11,Lavadores Venturi
110401,11,Filtros para aparelhos para filtragem de água
110402,11,Lâmpadas de bulbo inteligentes
110403,11,Aparelhos para secar o corpo
110404,11,Ozonizadores para fins sanitários
110404,11,Geradores de ozônio para fins sanitários
110405,11,Esterilizadores para instrumentos médicos
110406,11,Defumadores [aparelhos para cozinhar]
110407,11,Estações aquecidas para cortes de alimentos
110408,11,"Embalagens de resfriamento de uso pessoal, exceto para fins médicos"
110409,11,Máquinas de fumaça
110410,11,"Cafeteiras, elétricas"
110411,11,"Frigideiras, elétricas"
110412,11,Panelas elétricas para hot pot
110413,11,"Potes aquecedores de cola, elétricos"
110414,11,Lâmpadas de bulbo de diodos emissores de luz [LED]
110415,11,Aparelhos criogênicos*
110416,11,Máquinas de secagem de louças
110417,11,Refrigeradores [geladeiras] inteligentes
110418,11,Pulverizadores enquanto aparelhos desinfetantes
110419,11,"Tapetes de resfriamento para animais de estimação, exceto para fins veterinários"
110420,11,Lâmpadas para cultivo de plantas
110421,11,Armários a vapor para limpeza e desodorização de roupas
110422,11,Luzes noturnas elétricas
120001,12,Empilhadeiras de garfo
120002,12,Engates de vagões
120003,12,Engates para veículos terrestres
120004,12,Transportadores aéreos
120005,12,Veículos aéreos
120006,12,Balões de ar quente
120007,12,Câmaras de ar para pneumáticos
120008,12,Equipamentos para conserto de câmaras de ar [pneumáticos]
120009,12,Bombas de ar [acessórios de veículos]
120010,12,Amortecedores para suspensão de veículos
120011,12,Molas amortecedoras para veículos
120012,12,Aviões anfíbios
120013,12,Dispositivos antiderrapantes para pneus de veículos
120014,12,Correntes antiderrapantes
120015,12,Apoios de cabeça para assentos de veículos
120016,12,Caminhões borrifadores
120017,12,Atrelagem de reboque para veículos
120018,12,Ônibus para transporte urbano
120019,12,Ônibus de turismo
120021,12,Barcos
120022,12,Caminhões
120025,12,Chassi de automóvel
120026,12,Alarmes de marcha à ré para veículos
120027,12,Aviões
120028,12,Barcas
120029,12,Porta-bagagem para veículos
120030,12,Aeróstatos
120030,12,Balões dirigíveis
120031,12,Pneus para rodas de veículo
120032,12,Válvulas para pneus de veículo
120033,12,Flanges para aros de rodas de ferrovia
120034,12,Barras de torção para veículos
120035,12,Cascos de navio
120036,12,Ganchos de barcos
120037,12,Lemes de navio
120038,12,Dispositivos para soltar barcos
120039,12,Planos inclinados para barcos
120040,12,Propulsores a hélice para barcos
120041,12,Remos
120042,12,Carrocerias basculantes [caçambas basculantes]
120043,12,Rodas de vagonete
120044,12,Bicicletas*
120046,12,Estribos de bicicleta
120047,12,Truques para veículos ferroviários
120048,12,Turcos para barcos
120049,12,Para-lamas
120050,12,Carrinhos de duas rodas para transportar bagagem
120050,12,Carrinhos para transportar bagagem
120051,12,Carros para instalações de transporte por cabo
120052,12,Carrinhos para transporte de munição
120053,12,Rodas de veículo
120054,12,Capôs para motores de veículos
120055,12,Capôs dobráveis para veículos
120056,12,Trailers [caravan]
120057,12,Trailers [reboque]
120058,12,"Cárteres para componentes de veículos, exceto para motores"
120059,12,Cintos de segurança para assentos de veículos
120060,12,Eixos para rodas de veículos
120061,12,Correntes de bicicletas
120062,12,Cadeiras de rodas
120063,12,Barcaças [chatas]
120064,12,Lanchas
120065,12,Carros de manutenção
120066,12,Carros enroladores de mangueira
120067,12,Carros torpedo
120068,12,Carrinhos de golfe [veículos]
120069,12,Chassi de veículo
120070,12,Leme
120071,12,Material circulante para funiculares
120072,12,Material circulante para ferrovias
120073,12,Chaminés de navios
120074,12,Lagartas para veículos
120075,12,Tratores
120076,12,Vagões
120077,12,Para-choques de veículos
120078,12,Tampões de choque [material ferroviário rodante]
120079,12,Circuitos hidráulicos para veículos
120080,12,Guidões de bicicleta
120081,12,Cabines-dormitório para veículos
120082,12,Madeiras para navios [armações]
120084,12,Pneus de bicicleta
120085,12,Coroas [engrenagem] para bicicletas
120086,12,Freios de bicicleta
120087,12,Para-lamas de ciclos e ciclomotores [veículos]
120088,12,Aros de roda de bicicleta
120089,12,Manivelas para bicicletas
120090,12,Motores para bicicletas
120091,12,Eixos para rodas de bicicletas
120092,12,Pedais de bicicletas
120093,12,Bombas para pneus de bicicletas
120094,12,Raios de rodas de bicicleta
120095,12,Rodas de bicicletas
120096,12,Selins de bicicleta
120097,12,Estribos de motocicletas
120103,12,Engrenagem para veículos terrestres
120105,12,Dragas [barcos]
120106,12,Troles [dresinas]
120109,12,Motores elétricos para veículos terrestres
120110,12,Veículos elétricos
120111,12,Embreagens para veículos terrestres
120112,12,Assentos veiculares de segurança para crianças
120113,12,Paraquedas
120114,12,Lonas para pneumáticos
120116,12,Contrapesos para rodas de veículo
120117,12,Veículos espaciais
120118,12,Mastros para navios
120119,12,Eixos para veículos
120120,12,Fusos de eixo
120121,12,Limpadores de para-brisa
120122,12,Redes para bicicletas
120123,12,Redes porta-bagagem para veículos
120124,12,Calotas das rodas
120125,12,Furgões [veículos]
120126,12,Freios para veículos
120127,12,Anéis de eixos de roda
120128,12,Veículos refrigerados
120129,12,Vagões frigoríficos
120130,12,Motores para veículos terrestres
120131,12,Remos [gingas]
120132,12,Capas de assento para veículos
120133,12,Vigias [náutico]
120134,12,Hidroaviões
120135,12,Hidroplanos
120136,12,Carros dormitórios
120138,12,Locomotivas
120139,12,Motores de propulsão para veículos terrestres
120140,12,Vagões [estradas de ferro]
120141,12,Estribos de veículos
120142,12,Mecanismos de transmissão para veículos terrestres
120143,12,Mecanismos de propulsão para veículos terrestres
120144,12,Veículos militares para transporte
120145,12,Motores a jato para veículos terrestres
120147,12,Motocicletas
120148,12,Rodas livres para veículos terrestres
120149,12,Veículos náuticos
120150,12,Navios
120151,12,Hélices de navios
120153,12,Remos para canoas
120154,12,Para-brisas
120155,12,Pregos para pneus
120156,12,Banda de rodagem para recauchutar pneus
120157,12,Pneus
120159,12,Barcas
120160,12,Portas para veículos
120161,12,Porta-esquis para automóveis
120162,12,Triciclos para entregas
120162,12,Triciclos transportadores
120163,12,Carrinhos de bebê
120164,12,Toldos para carrinhos para bebês
120165,12,Capotas para carrinhos de bebês
120166,12,Propulsores de hélice
120168,12,Raios para rodas de veículos
120169,12,Esticadores de raio para rodas
120170,12,Elevadores para esqui
120171,12,Molas de suspensão para veículos
120172,12,Vagões restaurante
120173,12,Espelhos retrovisores
120174,12,Aros para rodas de veículos
120175,12,Selins para motocicletas
120176,12,Side cars
120177,12,Assentos para veículos
120178,12,Carros esportivos
120179,12,Cunhos [náutica]
120180,12,Assentos de teleféricos
120182,12,Toletes [cavilhas do remo]
120183,12,Veículos basculantes
120184,12,Aeronaves
120185,12,Chassi de veículos
120186,12,Trenós [veículos]
120187,12,Bondes
120188,12,Aparelhos e instalações de transporte por cabo
120189,12,Funiculares
120190,12,Teleféricos
120191,12,Triciclos
120192,12,Turbinas para veículos terrestres
120193,12,"Veículos para locomoção por via terrestre, aérea, fluvial, marítima ou ferroviária"
120194,12,Remendos adesivos para consertar câmaras de ar
120195,12,Estofamentos para veículos
120196,12,Bicicleta a motor
120198,12,Janelas para veículos
120199,12,Carros
120199,12,Automóveis
120200,12,Dispositivos antirroubo para veículos
120201,12,"Dispositivos basculantes, partes de vagões e caminhões"
120202,12,Iates
120203,12,"Aparelhos, máquinas e dispositivos aeronáuticos"
120204,12,Dispositivos antirreflexo para veículos*
120204,12,Dispositivos antiofuscantes para veículos*
120206,12,Pneus de automóvel
120207,12,Carrocerias de automóvel
120209,12,Para-choques para automóveis
120210,12,Amortecedores para automóveis
120211,12,Alarme antirroubo para veículos
120212,12,Buzinas para veículos
120213,12,Betoneiras
120214,12,Câmaras de ar para pneu de bicicletas
120215,12,Lonas de freio para veículos
120216,12,Sapatas de freio para veículos
120217,12,Caixas de câmbio para veículos terrestres
120218,12,Carrinhos de mão
120219,12,Carroças
120221,12,Quadros de bicicletas [chassi]
120222,12,Carrocerias
120223,12,Assentos ejetáveis para aeronaves
120224,12,Coberturas [capa] moldadas para veículos
120225,12,Correntes de comando para veículos terrestres
120226,12,Correntes de transmissão para veículos terrestres
120227,12,Conversor de torque para veículos terrestres
120228,12,Luzes direcionais para veículos
120229,12,Chaminés de locomotivas
120230,12,Volantes para veículos
120232,12,Coberturas de selim para bicicletas
120233,12,Ambulâncias
120234,12,Pneus sem câmara de ar para ciclos e ciclomotores [veículos]
120235,12,Engrenagens de redução para veículos terrestres
120236,12,Segmentos de freio para veículos
120237,12,Veículos sobre colchão de ar
120241,12,Tampas para tanques de combustível de veículos
120242,12,"Bielas para veículos terrestres, exceto peças de motores"
120243,12,Painel elevador de carroceria [partes de veículos terrestres]
120244,12,Arneses de segurança para assentos de veículos
120245,12,Para-sóis adaptados para automóveis
120246,12,Eixos de transmissão para veículos terrestres
120247,12,Airbag [dispositivos de segurança para automóveis]
120248,12,Cestas adaptadas para bicicletas
120249,12,Veículos motorizados para acampamento [motor home]
120250,12,Rodas para carrinhos
120251,12,Carrinhos de limpeza
120252,12,Defensas para navios [monelhas]
120253,12,Trenós de pé [tobogã]
120254,12,Baús para bicicletas
120255,12,Carrinhos de compras
120256,12,Snowmobiles
120257,12,"Veículos de controle remoto, exceto de brinquedo"
120258,12,Patinetes [veículos]
120259,12,Mastros para barcos
120260,12,Capas para volantes de veículos
120261,12,Spoilers para veículos
120262,12,Limpadores de faróis
120263,12,Pastilhas de freio para veículos
120264,12,Capas para estepes
120265,12,Carros basculantes
120266,12,Acendedores de charuto para automóveis
120267,12,Discos de freio para veículos
120268,12,Alforjes adaptados para bicicletas*
120269,12,Campainhas de bicicletas
120271,12,Veículos blindados
120272,12,Coxim de motor para veículos terrestres
120273,12,Drones militares
120274,12,Canoas
120275,12,Drones civis
120276,12,Retrovisores laterais para veículos
120277,12,Mosquiteiros para uso em carrinhos de bebê
120278,12,Controles [joysticks] para veículos
120279,12,Carros autônomos
120279,12,Carros autoconduzidos
120280,12,Scooters
120281,12,Scooters de mobilidade
120282,12,Cinzeiros para automóveis
120283,12,Correntes para motocicletas
120284,12,Quadros de motocicleta
120285,12,Guidões de motocicleta
120286,12,Motores de motocicleta
120287,12,Cestas adaptadas para motocicletas
120288,12,Pneus maciços para rodas de veículos
120289,12,Carrinhos de bebês
120290,12,Sacos térmicos de dormir para carrinhos de bebê
120290,12,Sacos térmicos de dormir para carrinhos de bebê tipo berço
120291,12,Sacos térmicos de dormir para carrinhos de bebê tipo passeio
120291,12,Sacos térmicos de dormir para carrinhos de bebê tipo reversível
120292,12,Câmara tipo mousse para pneus
120293,12,Bolsas adaptadas para carrinhos de bebê
120294,12,Veículos operados remotamente para inspeções subaquáticas
120295,12,Veículos autônomos submarinos para inspeções do fundo do mar
120296,12,Sanfonas para ônibus articulados
120297,12,Bicicletas elétricas
120298,12,Capas para bancos de motos
120299,12,Carros de corrida
120300,12,Carros robotizados
120301,12,Drones com câmera
120302,12,Carrinhos de pesca
120303,12,Carrinhos tipo gaiola
120304,12,Porcas para rodas de veículos
120305,12,Grampos adaptados para prender partes de automóvel ao corpo do automóvel
120306,12,Trenós de resgate
120307,12,Caminhões de reboque [caminhões guincho]
120308,12,Caminhões de lixo
120309,12,Trailers para transporte de bicicletas
120310,12,Trailers para transporte por bicicletas
120311,12,Carrinhos de passeio para animais de estimação
120312,12,Caminhões com guindaste integrado
120313,12,Drones para entrega
120314,12,Helicópteros de controle remoto com câmera embutida
120315,12,Autogiros
120316,12,Helicópteros
120317,12,"Diciclos elétricos, com direção baseada no autoequilíbrio"
120318,12,Skates elétricos [hoverboard]
120319,12,"Monociclos elétricos, com direção baseada no autoequilíbrio"
120320,12,Pinos para travar capôs de veículos
120321,12,Pneus para limpa-neves
120322,12,Sinos de mergulho
120323,12,Porta-copos para veículos
120324,12,Carrinhos
120325,12,Carruagens puxadas por cavalos
120326,12,Veículos anfíbios
120327,12,Veículos todo o terreno
120328,12,Carros movidos a hidrogênio
120329,12,Scooters aquáticos [embarcação de uso pessoal]
120330,12,Torres de vigilância especialmente adaptadas para veículos
120331,12,Trenós tipo “pulk” para transporte
120332,12,Barcos de resgate
120333,12,Veículos para neve
120334,12,Capas adaptadas para painel de veículos
120335,12,Robôs autônomos para entregas
120336,12,Atuadores lineares pneumáticos ou hidráulicos para veículos terrestres
120337,12,Transportadores de carga do tipo pórticos
120338,12,Veículos para superfícies movediças [swamp-going]
120339,12,Skates motorizados
120340,12,Rolamentos [peças de veículos]
120341,12,Tanques de combustível para veículos
120342,12,Veículos terrestres autônomos
120343,12,Navios de guerra
120344,12,Porta-aviões
120345,12,Trailers para cavalos
120346,12,Bicicletas tipo patinete
120347,12,Furgões para cavalos
120348,12,Caiaques
120349,12,Teleféricos aéreos para manuseio de cargas
120352,12,Carros de bombeiro
120353,12,Barcos de combate a incêndio
120354,12,Botes salva-vidas
120355,12,Barcos de salvamento
120356,12,Cadeiras de evacuação
120358,12,Surf skis [caiaque]
120350,12,Revestimentos para embreagem para veículos terrestres
120351,12,Trajes de mergulho atmosférico (ADS)
120357,12,Barreiras de segurança para animais de estimação na forma de divisórias de veículos
120359,12,Barracas de teto concebidas para veículos
130001,13,Acetil-nitrocelulose
130002,13,Carretas de canhões [artilharia]
130003,13,Cartuchos explosivos
130005,13,Explosivos de nitrato de amônio
130006,13,Detonadores
130007,13,Armas motorizadas
130008,13,Armas de gás lacrimogêneo
130009,13,Armas de fogo
130010,13,Escovas para limpar armas de fogo
130013,13,Fogos de artifício
130014,13,Peças de artilharia [canhões]
130015,13,Armas balísticas
130015,13,Mísseis balísticos
130016,13,Aparelhos para encher cartucheiras
130017,13,Fogos de bengala
130018,13,Buchas detonadoras
130019,13,Estojos [cápsulas] de cartucho
130020,13,Canhões
130021,13,Canos de espingardas
130021,13,Canos de armas de fogo
130022,13,Espingardas
130022,13,Carabinas
130023,13,Cartuchos*
130024,13,Aparelhos para carregar cartuchos
130025,13,Cartucheiras
130026,13,Armas de fogo de caça
130027,13,Munições
130028,13,Cães de armas de fogo
130028,13,Cães de espingardas
130029,13,Cornos de pólvora
130030,13,Algodão-pólvora
130030,13,Piroxilina
130031,13,Culatras de armas de fogo
130032,13,Dinamite
130033,13,Estojos para espingarda
130033,13,Estojos para armas de fogo
130034,13,Explosivos
130035,13,Fogos sinalizadores
130036,13,Armas de fogo
130037,13,Coronhas [armas de fogo]
130038,13,Espelhos de pontaria para armas de fogo
130038,13,Espelhos de pontaria para espingardas
130040,13,Guarda-matos para armas de fogo
130040,13,Guarda-matos para espingardas
130041,13,Chumbo de caça [granalha]
130042,13,Munições para armas de fogo
130043,13,Lança-mísseis
130044,13,Mechas de minas [explosivos]
130045,13,Minas [explosivos]
130046,13,Metralhadoras
130047,13,Morteiros [armas de fogo]
130048,13,Obuses
130049,13,Pistolas [armas]
130050,13,Pólvora
130051,13,Pós explosivos
130052,13,Projéteis [armas]
130053,13,Matérias pirofóricas
130054,13,Produtos pirotécnicos
130055,13,Revólveres
130056,13,Munhões para armas pesadas
130057,13,Plataformas de tiro
130058,13,"Miras, exceto telescópicas, para armas de fogo"
130059,13,Pistolas de ar [armas]
130060,13,Mechas de inflamação para explosivos
130061,13,Escorvas
130062,13,Cordéis detonantes para explosivos
130063,13,Alças de ombro para armas
130063,13,Bandoleiras para armas
130064,13,Sinais de neblina explosivos
130065,13,"Miras, exceto telescópicas, para artilharia"
130066,13,"Espoletas, exceto de brinquedo"
130068,13,Foguetes [projéteis]
130069,13,Lança-arpões
130070,13,Silenciadores para armas
130071,13,Tanques [carros de combate]
130072,13,Fogos de artifício pequenos
130073,13,Sprays para fins de defesa pessoal
130074,13,Cintos porta-munição
130075,13,Cintos de munição para armas automáticas
130076,13,Torpedos
130077,13,Armas ligeiras [arma de fogo]
130078,13,Granadas de mão
130079,13,Pistolas lançadoras de foguetes
130080,13,"Sinalizadores de resgate, explosivos ou pirotécnicos"
130081,13,Pistolas de largada
130082,13,Arpões adaptados para lança-arpões
130083,13,Mísseis de cruzeiro
140001,14,Ágatas
140002,14,Ponteiros
140003,14,Lingotes de metais preciosos
140004,14,Joias e bijuterias de âmbar amarelo
140005,14,Pérolas de ambroide [âmbar prensado]
140006,14,Amuletos [joias e bijuterias]
140008,14,Prata fiada
140009,14,Fios de prata [joias e bijuterias]
140011,14,Relógios [de parede ou de sala]
140013,14,Pêndulos [relojoaria]
140014,14,Tambores [relojoaria]
140015,14,Pulseiras [joias e bijuterias]
140016,14,Relógios de pulso
140017,14,Pulseiras de relógios
140018,14,Berloques para joias e bijuterias
140018,14,Pingentes para joias e bijuterias
140019,14,Broches [joias e bijuterias]
140021,14,Mostradores de relógios
140022,14,Relógios de sol
140023,14,Mecanismos de relógios
140024,14,Correntes [joias e bijuterias]
140025,14,Correntes de relógios
140027,14,Cronógrafos [relógios]
140028,14,Cronômetros [relógios de precisão]
140029,14,Cronoscópios
140030,14,Instrumentos cronométricos
140031,14,Colares [joias e bijuterias]
140032,14,Relógios elétricos
140033,14,Prendedores de gravatas
140034,14,Moedas
140035,14,Diamantes*
140040,14,Fios de metal precioso [joias e bijuterias]
140042,14,Relógios atômicos
140043,14,Relógios de controle
140044,14,Caixas de relógios [de parede ou de sala]
140045,14,Irídio
140046,14,Adereços de marfim [joias e bijuterias]
140046,14,Joias e bijuterias de marfim
140047,14,Ornamentos de azeviche
140048,14,Azeviche bruto ou semitrabalhado
140049,14,Fichas de cobre
140050,14,Artigos de joalheria / bijuteria
140051,14,Medalhões [joias e bijuterias]
140052,14,Medalhas
140055,14,Metais preciosos não trabalhados ou semitrabalhados
140057,14,Relógios de uso pessoal
140058,14,Molas de relógios
140059,14,Vidros de relógios
140060,14,Movimentos de relojoaria
140062,14,Olivina [gemas]
140062,14,Peridoto
140063,14,"Ouro, não trabalhado ou batido"
140064,14,Fios de ouro [joalheria]
140066,14,Ósmio
140067,14,Paládio
140069,14,Alfinetes de adereço
140070,14,Pérolas [joias e bijuterias]
140073,14,Pedras semipreciosas
140074,14,Pedras preciosas
140075,14,Platina [metal]
140082,14,Relógios despertadores
140083,14,Ródio
140085,14,Rutênio
140095,14,Espinélio [pedras preciosas]
140096,14,Estátuas de metal precioso
140097,14,Imitações de pedras preciosas
140104,14,Ligas de metal precioso
140106,14,Âncoras [relojoaria]
140107,14,Anéis [joias e bijuterias]
140109,14,Objetos de arte de metal precioso
140113,14,Caixas de metal precioso
140117,14,Joias e bijuterias para chapéus
140117,14,Ornamentos de chapéus [de metal precioso]
140118,14,Brincos
140119,14,Joias e bijuterias para calçados
140119,14,Ornamentos de metal precioso para calçados
140122,14,Abotoaduras
140123,14,Bustos de metal precioso
140144,14,Caixas de relógios de pulso [partes de relógios]
140145,14,Estojos para apresentação de relógios de pulso
140146,14,Estatuetas de metal precioso
140150,14,Alfinetes de metal precioso
140151,14,Alfinetes de gravatas
140152,14,Emblemas de metal precioso
140162,14,Chaveiros de bijuteria
140163,14,Prata semitrabalhada ou batida
140164,14,Cronômetros [cronógrafo]
140165,14,Joias esmaltadas [cloisonné]
140166,14,Porta-joias
140167,14,Contas para a fabricação de joias e bijuterias
140168,14,Fechos para joias e bijuterias
140169,14,Peças para montagem de joias e bijuterias
140170,14,Pastas [estojos] dobráveis para joias e bijuterias
140171,14,Cabochão
140172,14,Argolas de metal precioso para chaveiros
140173,14,Caixas para apresentação de joias
140174,14,Ponteiros de relógio de pulso
140175,14,Misbaha [espécie de rosário]
140176,14,Pulseiras feitas de matéria têxtil bordada [joalheria]
140177,14,Berloques para chaveiros
140177,14,Enfeites [pingentes] para chaveiros
140178,14,Rosários e terços
140179,14,"Crucifixos de metal precioso, exceto joias"
140180,14,Crucifixos enquanto joias
140181,14,Chaveiros retráteis
140182,14,Alfinetes de chapéu [joias e bijuterias]
140183,14,Taças estatuárias comemorativas de metal precioso
140184,14,Taças para premiação de metal precioso
140185,14,Etiquetas de metal precioso costuradas para vestuário
140186,14,Cordões de pescoço para chaves
140187,14,Joias e bijuterias para animais de estimação
140188,14,Relógios de xadrez
140189,14,Pêndulos de clarividência
150001,15,Acordeões
150002,15,Chaves de afinar
150003,15,Palhetas de instrumento de sopro
150004,15,Arcos para instrumentos musicais
150005,15,Nozes de arco para instrumentos musicais
150006,15,Varetas de arcos para instrumentos musicais
150007,15,Crinas de cavalos para arcos de instrumentos musicais
150008,15,Pianos
150009,15,Batutas
150010,15,Baquetas de tambor
150011,15,Bandônios
150012,15,Realejos
150013,15,Baixos
150014,15,Harmônicas [gaitas de boca]
150015,15,Corda de tripa para instrumentos musicais
150016,15,Buzinas grandes [trombetas]
150017,15,Carrilhões [instrumentos musicais]
150018,15,Castanholas
150019,15,Chapéus chineses [instrumento musical]
150020,15,Cavaletes para tímpanos
150021,15,Cravelhas
150022,15,Cítaras
150023,15,Clarinetes
150024,15,Teclados para instrumentos musicais
150025,15,Instrumentos musicais
150026,15,Concertinas
150027,15,Contrabaixos
150028,15,Cordas para instrumentos musicais
150029,15,Instrumentos musicais de corda
150030,15,Cornetas [instrumentos musicais]
150031,15,Cornetins [instrumentos musicais]
150032,15,Pratos
150033,15,Diapasões
150034,15,Boquilhas para instrumentos musicais
150035,15,Estojos para instrumentos musicais
150036,15,Flautas
150037,15,Gongos
150038,15,Berimbau de boca
150039,15,Violões
150040,15,Harmônio [pequeno órgão de sala]
150041,15,Harpas
150042,15,Cordas de harpa
150043,15,Oboés
150044,15,Instrumentos musicais eletrônicos
150045,15,Reguladores de intensidade para pianos mecânicos
150046,15,Liras
150048,15,Palhetas
150048,15,Palhetas para instrumentos de corda
150049,15,Bandolins
150050,15,Apoios de queixo para violinos
150051,15,Gaitas-de-fole
150052,15,Caixas de música
150053,15,Aparelhos para virar páginas de caderno de música
150054,15,Cavaletes para instrumentos musicais
150055,15,Triângulos [instrumentos musicais]
150056,15,Ocarinas
150057,15,Órgãos
150058,15,Foles para órgãos [tubos]
150059,15,Couros de tambores
150059,15,Peles de tambor
150060,15,Pedais para instrumentos musicais
150061,15,Teclados de piano
150062,15,Cordas de piano
150063,15,Teclas de piano
150064,15,Foles para instrumentos musicais
150065,15,Surdinas para instrumentos musicais
150066,15,Tambores [baterias]
150067,15,Pandeiros
150068,15,Tantãs
150069,15,Tímpanos
150070,15,Trombones
150071,15,Clarins
150072,15,Trompetes
150073,15,Válvulas para instrumentos musicais
150074,15,Violas
150075,15,Violinos
150076,15,Xilofones
150077,15,Teclas para instrumentos musicais
150078,15,Rolos musicais
150079,15,Rolos musicais perfurados
150080,15,Estantes [pedestais] para partitura
150081,15,Hugin [violino chinês]
150082,15,Flautas de bambu
150083,15,"Pipa [violão, guitarra chinesa]"
150084,15,Sheng [instrumento de sopro chinês]
150085,15,Suona [trompete chinês]
150086,15,Sinos de mão [instrumentos musicais]
150087,15,Sintetizadores de música
150088,15,Suportes para instrumentos musicais
150089,15,Saxofones
150090,15,Balalaicas [instrumentos de cordas]
150091,15,Banjos
150092,15,Escaletas
150093,15,Colofônia [breu] para instrumentos musicais de corda
150093,15,Resina [breu] para instrumentos musicais de corda
150094,15,Baterias robóticas [instrumentos musicais]
150095,15,"Baquetas do tipo mallet, para instrumentos musicais"
150096,15,Correias [straps] para instrumentos musicais
150097,15,Tigelas tibetanas
150098,15,Percussões eletrônicas
150099,15,Instrumentos musicais para crianças
160001,16,Letras de aço
160002,16,Penas de aço
160003,16,Porta fita adesiva [material de escritório]
160004,16,Selos para endereço
160005,16,Máquinas para endereçar
160006,16,Papel *
160007,16,Cartazes [pôsteres]
160008,16,"Quadros de avisos, de papel ou papelão"
160009,16,Máquinas de franquear para uso em escritório
160010,16,Clipes para papel
160010,16,Grampos para papel
160011,16,Clipes para canetas
160012,16,Grampeadores [material de escritório]
160013,16,Álbuns
160013,16,Álbuns de recortes
160014,16,Imagens [representações gráficas]
160015,16,Impressos [gravuras]
160016,16,Anéis de charutos
160017,16,"Máquinas apontadoras de lápis, elétricas ou não elétricas"
160018,16,Suportes de livros
160019,16,Descansos de mão para pintores
160020,16,Aquarelas [pinturas]
160021,16,Maquetes de arquitetura
160022,16,Pastas de arquivo
160023,16,Lousas para escrever
160024,16,Lápis para lousa
160026,16,Argila para modelar
160027,16,Tabelas aritméticas impressas
160027,16,Tabelas de cálculo impressas
160028,16,Gravuras
160029,16,Objetos de arte litografados
160030,16,Pinturas [quadros] com ou sem moldura
160031,16,Lápis*
160032,16,Jornais
160033,16,Periódicos
160034,16,Atlas
160035,16,Fichários para papéis soltos
160035,16,Fichários de argolas
160036,16,Fitas gomadas [papelaria]
160037,16,Descansos de papel para copos de cerveja
160038,16,Bilhetes
160039,16,Amostras biológicas para uso em microscopia [material didático]
160040,16,Clichês para tipografia
160041,16,Blocos para desenho
160042,16,Blocos [papelaria]
160043,16,Bobinas para fitas de tinta
160045,16,Braçadeiras para instrumentos de escrever
160046,16,Folhetos
160047,16,Bordados [modelos]
160048,16,Percevejos [tachas]
160049,16,Umedecedores [material de escritório]
160050,16,Pincéis para pintores
160051,16,Mata-borrões
160052,16,Carimbos [selos]
160053,16,Selos para carimbar
160054,16,Almofadas de tinta para carimbos
160055,16,Cera para lacrar
160056,16,Máquinas para lacrar para escritório
160057,16,Materiais para lacrar para papelaria
160058,16,Livros para escrever ou desenhar
160059,16,Bandejas para ordenar e contar dinheiro
160061,16,Decalques
160062,16,Papel para decalque
160063,16,Tela para decalque
160064,16,Dedeiras de escritório
160065,16,Caracteres de tipografia
160066,16,Papel carbono
160067,16,Papel para máquinas registradoras
160068,16,Cadernos de anotações
160069,16,Réguas esquadros para desenho
160070,16,Cartões *
160071,16,"Materiais didáticos, exceto aparelhos"
160072,16,Fichas [papelaria]
160074,16,Folhas de papel [papelaria]
160075,16,Papelão *
160076,16,Papelão para caixas para chapéus
160077,16,Cartões perfurados para teares de jacquard
160078,16,Tubos de papelão
160080,16,Catálogos
160081,16,Etiquetas para fichas
160082,16,Livros de canções [song books (ingl.)]
160084,16,Chassis para composição tipográfica
160085,16,Pastas para papéis
160087,16,Cavaletes para pintura
160089,16,Tinta nanquim
160090,16,Cromolitografias
160090,16,Cromos
160091,16,"Massa para modelar, exceto para uso odontológico"
160092,16,Arquivos [material de escritório]
160093,16,Máquinas para perfurar [material de escritório]
160094,16,Papel higiênico
160095,16,Livros
160096,16,Compassos para desenhar
160097,16,Tipos [numerais e letras de tipografia]
160097,16,Letras e números [caracteres de tipografia]
160098,16,Componedores
160101,16,Bandejas para correspondência
160102,16,"Cartuchos de papel, de forma cônica"
160103,16,Líquidos corretivos [material de escritório]
160104,16,Tintas para corrigir [heliografia]
160105,16,Minas de lápis
160106,16,Cortes histológicos para fins didáticos
160107,16,Curvas francesas
160108,16,Capas [papelaria]
160108,16,Envoltórios [papelaria]
160109,16,Giz para escrever
160110,16,Giz para litografia
160111,16,Giz para alfaiates
160112,16,Porta giz
160113,16,Lapiseiras
160114,16,Porta minas de lápis
160115,16,Embalagens de papel para cremes
160116,16,Colchetes para papel
160118,16,Cilindros para máquinas de escrever
160119,16,Decalcomania
160121,16,Desenhos impressos
160122,16,Pentes para marmorear
160123,16,Pranchetas para desenho
160124,16,Artigos para desenhar
160125,16,Instrumentos para desenhar
160126,16,Diagramas
160127,16,Envelopes [papelaria]
160128,16,Duplicadores [mimeógrafo;hectógrafo]
160129,16,Águas-fortes [gravuras]
160130,16,Papel para embalagem
160130,16,Papel para embrulho
160131,16,Canetas
160132,16,"Máquinas de escrever, elétricas ou não elétricas"
160133,16,Caixas para canetas
160133,16,Estojos para canetas
160134,16,Ponta de pena de escrever de ouro
160135,16,Produtos para apagar
160136,16,Artigos para escrever
160137,16,Brasões [sinetes]
160138,16,Moldes para apagar
160139,16,Borrachas para apagar
160140,16,Papel para eletrocardiógrafos
160141,16,Furadores [material de escritório]
160142,16,Tintas *
160143,16,Fitas de tinta
160144,16,Tinteiros
160146,16,Máquinas de escritório para fechar envelopes
160147,16,Fotografias [impressos]
160148,16,Limpa penas [canetas]
160149,16,Selos [sinetes]
160150,16,Tecidos para encadernação
160153,16,Livros razão
160154,16,Fichas de arquivo
160155,16,Estatuetas de papel machê
160156,16,Filtro de papel
160157,16,Materiais filtrantes feitos de papel
160158,16,Formulários [impressos]
160159,16,"Materiais de escritório, exceto móveis"
160160,16,Lápis de carvão
160161,16,Estênceis [papelaria]
160162,16,Galés [tipografia]
160163,16,Clichês de galvanotipia
160164,16,Mapas geográficos impressos
160165,16,Globos terrestres
160166,16,Godês para aquarelas
160167,16,Reproduções gráficas
160168,16,Representações gráficas
160169,16,Raspadeiras de escritório [apagadores]
160170,16,Chapas ou placas para gravar
160171,16,Hectógrafos
160172,16,Horários impressos
160173,16,Umedecedores para superfícies gomadas [material de escritório]
160174,16,Cartão postal
160175,16,Material impresso
160176,16,Aparelhos manuais para etiquetar
160177,16,"Blanquetas para tipografia, exceto de tecido"
160179,16,Publicações impressas
160180,16,Manuais [impressos]
160182,16,Papel de carta
160183,16,Pesos para papel
160184,16,Estiletes para traçar para desenho
160185,16,Canetas para desenho
160186,16,"Toalhas de mesa e guardanapos, de papel"
160187,16,Litografias
160188,16,Pedras litográficas
160189,16,Brochuras
160190,16,Papel luminoso
160191,16,Papel machê
160192,16,Blocos de papel em múltiplas vias [papelaria]
160193,16,Giz para marcar
160195,16,Matérias plásticas para modelar
160196,16,Materiais para modelar
160197,16,Pasta para modelar
160198,16,Lenços de papel
160199,16,Telas de tinta para duplicadores
160200,16,Toalhas de papel para mesa
160201,16,Quadros-negros
160202,16,Clipes de papel
160203,16,Numeradores [máquinas para numerar]
160204,16,Oleografias
160205,16,Tiras de encadernação
160206,16,Obreias para cartas
160207,16,Paletas para pintores
160208,16,Pantógrafos [instrumentos para desenho]
160209,16,Artigos de papelaria
160210,16,Papel-pergaminho
160211,16,Pastéis [lápis ou bastões]
160212,16,Moldes para costura
160214,16,Estojos para moldes
160215,16,Rolos para pintores de parede
160216,16,Telas para pintura
160217,16,Estojos de tintas [material escolar]
160218,16,Filme plástico para embrulhar
160219,16,Aparelhos para emoldurar fotografias
160221,16,Fotogravuras
160223,16,Cópias heliográficas [plantas]
160223,16,Plantas [impressos]
160224,16,Vincadores de papel [material de escritório]
160225,16,Canetas-tinteiro
160226,16,Clichê estêncil
160227,16,Estênceis
160228,16,Retratos
160229,16,Papel para cobrir vasos de flores
160230,16,Aparelhos e máquinas para mimeografar
160231,16,Fitas de papel e cartões para gravação de programas de computador
160232,16,Prospectos
160233,16,Papel para radiogramas
160234,16,Réguas para desenhar
160235,16,Regretas [componedores]
160236,16,Artigos para encadernação
160238,16,Tela para encadernação
160239,16,Fios para encadernação
160241,16,Telas de tinta para máquinas de reprodução de documentos
160242,16,Canetas [material de escritório]
160243,16,Revistas [periódicos]
160244,16,"Fitas de papel, exceto artigos de armarinho ou fitas para cabelo"
160245,16,Fitas para máquinas de escrever
160246,16,"Sacos [invólucros, sacolas] de papel ou plástico para embalar"
160247,16,Almofadas para carimbos
160248,16,Material escolar [papelaria]
160249,16,Marcadores de livros
160249,16,Marcadores de páginas
160250,16,Cartões de felicitações
160251,16,Esteatita [giz para alfaiates]
160253,16,Esferas para canetas esferográficas
160254,16,Descansos de papel redondos para mesa
160255,16,Risque e rabisque [material de escritório]
160257,16,Teclas para máquinas de escrever
160258,16,Suportes para carimbos
160259,16,Caixas para carimbos [selos]
160260,16,Selos de correio
160261,16,Placas para carimbar
160262,16,Transparências [papelaria]
160263,16,Aparelhos para fazer vinhetas
160265,16,Substâncias adesivas [colas] para papelaria ou uso doméstico
160266,16,Fitas adesivas para papelaria ou para uso doméstico
160268,16,Placas de endereçamento para máquinas de endereçar
160269,16,Almanaques
160270,16,Calendários
160271,16,"Cola de amido, para papelaria ou uso doméstico"
160273,16,Pincéis [brochas]
160274,16,Fitas autoadesivas enquanto artigo de papelaria ou para uso doméstico
160275,16,Elásticos para escritório
160276,16,Babadores de papel
160278,16,Quadros de pasta [polpa] de madeira [papelaria]
160279,16,Papelão de pasta [polpa] de madeira
160280,16,Caixas de papel ou papelão
160281,16,Suportes para canetas e lápis
160282,16,Invólucros de papel ou papelão para garrafas
160283,16,Descansos em papel para copos ou garrafas
160284,16,Cartões de participação [papelaria]
160285,16,Embalagens de plástico-bolha
160286,16,Bandeiras [de papel]
160287,16,Fragmentadoras de papel [artigos de escritório]
160288,16,Folhas de celulose reciclada para embrulhar
160289,16,Caixas-arquivo de mesa para papéis [material de escritório]
160290,16,Colas para papelaria ou uso doméstico
160290,16,Pastas [colas] para escritório ou uso doméstico
160291,16,Espátulas para cortar papel [abridores de carta]
160292,16,"Sacos de lixo, de papel ou plástico"
160293,16,"Apontadores de lápis, elétricos ou não elétricos"
160294,16,Lenços de papel para retirar maquiagem
160295,16,Guardanapos de papel
160296,16,Jogo americano de papel para mesa
160297,16,Esquadros para desenho
160298,16,Réguas t para desenho
160299,16,Porta-canetas
160300,16,Estojos para artigos de escrever [material de escritório]
160301,16,Tinteiros porta-canetas
160303,16,Modelos de escrita
160304,16,Embalagens de papel ou papelão para garrafas
160305,16,Letreiros de papel ou cartão
160306,16,Papel toalha
160307,16,"Toalhas de rosto, de papel"
160308,16,Etiquetas de papel ou papelão
160309,16,Buril para gravar água-forte
160310,16,Folhas de viscose para embalar
160311,16,Gomas [substâncias adesivas] para papelaria ou uso doméstico
160312,16,Telas gomadas para papelaria
160313,16,Ictiocola para escritório ou uso doméstico
160324,16,Filtros de papel para café
160325,16,"Filme plástico, extensível, para uso em paletização"
160327,16,Sinalizadores de papel ou papelão
160328,16,Etiquetas adesivas [papelaria]
160330,16,Equipamentos e máquinas para encadernação [equipamento de escritório]
160331,16,Revistas em quadrinhos
160332,16,Papel para cópias [papelaria]
160333,16,Porta-talão de cheques
160334,16,Bastões de tinta
160335,16,Pedras de tinta [recipientes de tintas]
160336,16,Cartões musicais de felicitações
160337,16,Circulares
160338,16,"Material de embalagem, feito de amido"
160339,16,Papel encerado
160340,16,Porta passaporte
160342,16,Pincéis para escrever
160343,16,Equipamentos para escrever
160344,16,Revestimento de papel para gavetas [perfumado ou não]
160345,16,Máquinas não elétricas para boletos de cartão de crédito
160346,16,Plastificadoras de documento [material de escritório]
160347,16,Papéis para pintura e caligrafia
160348,16,Apagadores para quadros
160349,16,Pranchetas
160350,16,Indicadores não eletrônicos para quadros
160351,16,"Laços de papel, exceto artigos de armarinho ou laços para cabelo"
160352,16,Moldes para argila de modelagem [material para artistas]
160353,16,Prendedores para dinheiro
160354,16,"Figurinhas, exceto para jogos"
160355,16,"Folhas absorventes de papel ou de plástico para embalar produtos alimentícios Folhas reguladoras de umidade, feitas de papel ou de plástico, para embalar produtos"
160356,16,alimentícios
160357,16,Fitas corretivas [artigos de escritório]
160358,16,Bandejas para pintura de parede
160359,16,Marcadores de texto [artigos de papelaria]
160360,16,Panfletos
160361,16,Pastas para documentos [artigos de papelaria]
160362,16,Acessórios para marcar e/ou prender páginas de livros
160363,16,Argila de polímero para modelar
160364,16,Carimbos obliteradores
160365,16,"Materiais para embalagem [enchimento, amortecimento] em papel ou papelão"
160366,16,Enchimento de papel ou papelão
160367,16,Cédulas
160368,16,Giz em spray
160369,16,Cupons impressos
160370,16,Papel de arroz*
160371,16,Sacos plásticos para dejetos de animais de estimação
160372,16,Washi [espécie de papel japonês]
160373,16,Caminhos de mesa em papel
160374,16,Partitura impressa
160375,16,Banners [faixas] de papel
160376,16,Bandeirolas de papel
160377,16,Folhas de celulóide para animação
160378,16,Sacos de papel para uso na esterilização de instrumentos médicos
160379,16,Porta-crachás [material de escritório]
160380,16,Porta-crachás retráteis [material de escritório]
160381,16,Presilhas para porta-crachás [material de escritório]
160382,16,Papel para mesas de exames clínicos
160383,16,Papel para cobrir bandejas odontológicas
160384,16,"Babadores com mangas, em papel"
160385,16,Guilhotinas para cortar papel [material de escritório]
160386,16,Estênceis para decoração de comidas e bebidas
160387,16,Crachás de identificação [material de escritório]
160388,16,Bobinas para códigos de barra
160389,16,Purpurina para papelaria
160390,16,Etiquetas em papel para a restituição de bagagem
160391,16,Lenços de papel para limpeza
160392,16,Capas de proteção para livros
160393,16,Livros de colorir
160394,16,Imagens para colorir
160395,16,Papel dobrável para origami
160396,16,Sacolas de compras em papel ou plástico
160396,16,Sacolas de papel ou plástico
160397,16,Pergaminhos para mezuzá
160398,16,Estojos para mezuzá
160399,16,Papel manteiga
160400,16,Quadros magnéticos enquanto materiais de escritório
160401,16,Cavaletes para apresentação [flip-chart]
160402,16,Cédulas colecionáveis
160403,16,Papel semente plantável [artigos de papelaria]
160404,16,Decalques de chão
160405,16,Filme à base de algas para embalar
160406,16,Plástico-bolha para embalagem
160407,16,Canetas [materiais para escrita] com pontas para uso em dispositivos com tela de toque
160408,16,Papel de seda
160409,16,Sacos de alimentos de papel ou plástico
160410,16,Decorações de festa em papel
160411,16,Cartões perfurados virgens para máquinas de tricô
160412,16,Hastes de chenille para artesanato
170001,17,Acetato de celulose [semiprocessado]
170002,17,"Resinas acrílicas, semiprocessadas"
170003,17,Cortinas de segurança de amianto
170004,17,Anéis de borracha
170005,17,Ardósia de amianto
170006,17,Mangueiras de água
170008,17,Materiais à prova de som
170009,17,Anéis de estanqueidade
170009,17,Anéis de vedação
170010,17,Balata [látex]
170011,17,Elementos de vedação estanques
170012,17,Borrachas de vedação para potes herméticos
170013,17,Tiras para calafetar
170014,17,Enchimentos de borracha ou plástico
170015,17,Composições para calafetar
170016,17,Materiais não condutores para conservar calor
170017,17,"Borracha, bruta ou semitrabalhada"
170018,17,Rolhas de borracha
170019,17,Válvulas de chapeletas de borracha
170020,17,Borracha sintética
170021,17,Amortecedores de impacto feitos de borracha
170022,17,"Mangueiras flexíveis, não metálicas"
170023,17,Materiais isolantes
170024,17,Composições para impedir irradiação de calor
170025,17,Mangueiras de matérias têxteis
170026,17,Substâncias para impedir irradiação de calor nas caldeiras
170029,17,Papel para capacitores elétricos
170030,17,Gaxetas para canos
170030,17,Juntas de vedação para canos
170031,17,Cordas de borracha
170032,17,Lã de algodão para calafetar
170033,17,Juntas para cilindros
170034,17,Dielétricos [isolantes]
170035,17,Folhas de amianto
170036,17,Ebonite
170037,17,Revestimentos de cortiça para isolamento acústico
170038,17,"Fibras elásticas, exceto para uso têxtil"
170038,17,"Fios elásticos, exceto para uso têxtil"
170040,17,Materiais para calafetar
170041,17,Enchimento para juntas de expansão
170042,17,Composições químicas para vedar vazamentos
170043,17,Gaxetas*
170043,17,Juntas de vedação
170044,17,Feltro de amianto
170045,17,Feltro de isolamento
170046,17,Fibra vulcanizada
170047,17,Fios para soldar de matérias plásticas
170048,17,Materiais parcialmente processados para lona de freio
170050,17,Guta-percha
170051,17,Óleo isolante para transformadores
170052,17,Óleos isolantes
170053,17,"Folha de celulose regenerada, exceto para embalar"
170053,17,"Lâminas de celulose regenerada, exceto para embalar"
170055,17,Papel isolante
170056,17,Tecidos isolantes
170057,17,Vernizes isolantes
170058,17,Substâncias para isolamento de construções contra umidade
170059,17,Folhas metálicas para isolamento
170060,17,Tintas isolantes
170061,17,Lã de escória [isolante]
170062,17,Lã mineral [isolante]
170063,17,Lã de vidro para isolamento
170064,17,Látex [borracha]
170065,17,Canos de mangueira de lona
170066,17,Luto
170067,17,Mangas de engate não metálicas para canos
170067,17,Luvas não metálicas para canos
170068,17,Mangas de borracha para proteção de partes de máquinas
170069,17,Compostos selantes para juntas
170070,17,"Mica, bruta ou semiprocessada"
170071,17,Papel de amianto
170072,17,"Filme plástico, exceto para embalar"
170073,17,Conexões não metálicas para canos
170074,17,Mangueiras de conexão para radiadores de veículos
170075,17,"Resinas sintéticas, semiprocessadas"
170075,17,"Resinas artificiais, semiprocessadas"
170076,17,Arruelas de borracha ou fibra vulcanizada
170077,17,"Sacos [invólucros, sacolas] de borracha, para embalar"
170078,17,Revestimentos de amianto
170079,17,Tecidos de amianto
170080,17,Telas de amianto
170081,17,Gaxetas de amianto
170082,17,Válvulas de borracha ou fibra vulcanizada
170083,17,"Folhas de viscose, exceto para embalar"
170084,17,"Isolantes para trilhos de ferrovias Fitas adesivas, exceto de papelaria e exceto para uso cosmético, medicinal ou 17 doméstico"
170086,17,Conexões não metálicas para canos para ar comprimido
170087,17,Papelão de amianto
170088,17,Fibras de amianto
170088,17,Filamentos de amianto
170089,17,Materiais não metálicos de reforço para canos
170091,17,"Amianto Fitas autoadesivas, exceto de papelaria e exceto para uso cosmético, medicinal ou 17 doméstico"
170093,17,Batedores [bloqueador] de borracha
170094,17,Isolantes para cabos
170095,17,"Fios de borracha, exceto para uso têxtil"
170096,17,"Fibras de carbono, exceto para uso têxtil"
170097,17,"Substâncias plásticas, semiprocessadas"
170098,17,Isolantes para cabos de eletricidade
170099,17,Isolantes
170100,17,Moldes de ebonite
170101,17,"Materiais de borracha ou plástico para embalagem [enchimento, amortecimento]"
170102,17,"Fibras plásticas, exceto para uso têxtil"
170102,17,"Filamentos plásticos, exceto para uso têxtil"
170103,17,Fibra de vidro para isolamento
170104,17,Tecidos de fibra de vidro para isolamento
170105,17,"Fios de materiais plásticos, exceto para uso têxtil"
170106,17,Materiais filtrantes feitos de espumas plásticas semiprocessadas
170107,17,Fitas isolantes
170108,17,Barreiras flutuantes antipoluição
170109,17,Materiais de borracha para recauchutagem de pneus
170110,17,Argamassa isolante
170111,17,Coberturas de plástico para uso na agricultura
170112,17,Suportes de espuma para arranjos de flores [produtos semiacabados]
170113,17,Borracha líquida
170114,17,Soluções de borracha
170115,17,Películas tingidas antirreflexo para janelas
170115,17,Películas tingidas antiofuscantes para janelas
170116,17,Materiais refratários isolantes
170117,17,Goma bruta ou semitrabalhada
170118,17,Fita adesiva multiuso
170119,17,Batedores [bloqueador] de borracha para portas
170120,17,Batedores [bloqueador] de borracha para janelas
170121,17,Conexões não metálicas para tubos flexíveis
170122,17,Conexões não metálicas para tubos rígidos
170123,17,Amortecedores de borracha para uso em paredes de cais
170124,17,Materiais filtrantes feitos de filmes plásticos semiprocessados
170125,17,Filamentos plásticos para impressão 3d
170126,17,Tintas isolantes
170127,17,"Vidro acrílico, semiprocessado"
170128,17,"Vidro orgânico, semiprocessado"
170129,17,Etiquetas costuradas de borracha para roupas
170130,17,Vedações para óleo
170131,17,Anéis o-ring
170132,17,Tapetes de borracha antiderrapantes
170133,17,Filmes isolantes
170134,17,Películas de proteção contra interferência eletromagnética [EMI]
170135,17,Materiais para isolamento acústico
170136,17,Selantes líquidos para transmissões
170137,17,Folhas de absorção de ondas eletromagnéticas
170138,17,"Fitas de alerta de perigo, adesivas"
170139,17,Massa de calafetagem
170140,17,Fibras de poliéster fiadas para isolamento
170141,17,Bocais/bicos para mangueiras de água
180001,18,Bastões para alpinismo
180001,18,Bastões de alpinista
180002,18,Peles de animais
180003,18,Argolas para guarda-chuva
180004,18,Armações de selas
180005,18,Coleiras de couro
180006,18,Presilhas de selas
180007,18,Varetas para guarda-chuva ou guarda-sol de mão
180008,18,Película de tripas de bois ou carneiros
180010,18,Bolsas
180011,18,Bridões
180012,18,Correias para equipamento militar
180013,18,Pastas para partituras
180014,18,Cabos de guarda-chuvas
180015,18,Bengalas*
180016,18,Bengalas-assento
180017,18,Freios para animais
180018,18,Armações para guarda-chuva ou para guarda-sol de mão
180019,18,Bolsas de caça
180020,18,Bolsas escolares
180020,18,Pastas escolares
180021,18,Porta-cartão
180022,18,Cartão-couro [imitação de couro]
180023,18,Caixas de couro para chapéus
180025,18,Rédeas para cavalos
180026,18,Capas para cavalos
180027,18,Pele de cabrito
180028,18,Focinheira
180030,18,Coleiras para animais*
180031,18,Cordões de couro
180032,18,Peles curtidas
180033,18,Correias de arreios
180034,18,Tiras de couro [selaria]
180035,18,Correias para patins
180036,18,Correias de couro
180036,18,Tiras de couro
180038,18,Couro curtido
180039,18,Couro não trabalhado ou semitrabalhado
180041,18,Enfeites de couro para móveis
180042,18,Imitações de couro
180043,18,Guarda-chuva*
180044,18,Mochilas à tiracolo para transportar bebês
180045,18,Peças de borracha para estribos
180046,18,Estribos de couro
180047,18,"Bolsas de couro para ferramentas, vazias"
180049,18,Chicotes
180050,18,Embornais [saco para alimentação animal]
180051,18,Capas de guarda-chuvas
180052,18,Bainhas de couro para molas
180053,18,Joelheiras para cavalos
180054,18,Capas para animais
180055,18,Arreios para animais
180056,18,Antolhos
180057,18,Tirantes [arreio]
180058,18,Mochilas
180059,18,Cabrestos
180059,18,Cabrestos para cavalos
180060,18,Empunhaduras de bengalas
180061,18,Chicote de nove tiras
180062,18,Fitas de couro para chapéus
180063,18,Molesquim [imitação de couro]
180065,18,Armações para bolsas [peças estruturais de bolsas]
180066,18,Sombrinha [guarda-sol de mão]
180067,18,Peles
180068,18,Empunhaduras de guarda-chuvas
180069,18,Carteiras de bolso
180070,18,Sacolas de compras com rodas
180071,18,Sacolas de compras reutilizáveis
180072,18,Rédeas
180073,18,Maletas para documentos
180074,18,Bolsas para alpinistas
180075,18,Bolsas para campistas
180076,18,Bolsas de praia
180077,18,Bolsas de mão
180078,18,Bolsas de viagem
180079,18,"Sacos [invólucros, sacolas] de couro, para embalar"
180080,18,Barrigueiras de couro [montaria]
180081,18,Selas para montaria
180082,18,Selaria
180083,18,Pastas [malas]
180085,18,Malas de viagem
180086,18,Alças de malas
180087,18,Válvulas de couro
180088,18,Peles de gado
180089,18,Caixas de couro ou de cartão-couro
180090,18,Bolsas de malhas
180091,18,Estojos de couro ou de cartão-couro
180092,18,Baús [bagagem]
180093,18,"Estojos de cosméticos [frasqueiras], vazios"
180094,18,"Peles de camurça, exceto para limpeza"
180096,18,Correias de couro usadas a tiracolo
180097,18,Capas de proteção para selas de cavalo
180098,18,Caixas de fibra vulcanizada
180100,18,Bornais [mochilas]
180111,18,Capas protetoras de roupas para viagem
180112,18,Freios [arreios]
180113,18,Porta-chaves
180114,18,Sacolas de rede para compras
180115,18,Valises
180116,18,Capas de couro para móveis
180117,18,Mantas para selas de cavalo
180118,18,Bolsas para equipamentos esportivos*
180119,18,Estribos
180120,18,Componentes de arreios
180121,18,Ferraduras
180122,18,Slings para carregar bebês
180123,18,Bolsas para carregar bebês [slings]
180124,18,Bolsas*
180125,18,Porta-cartões de crédito [carteiras]
180126,18,Porta-cartões de visita
180127,18,Randsel [mochila escolar típica japonesa]
180128,18,Etiquetas de bagagem
180129,18,Xairéis para selas de cavalos
180130,18,Etiquetas de couro
180131,18,Alças porta sacolas de compras
180132,18,Tefilin [filactérios]
180133,18,Malas com rodinhas
180134,18,Alforjes*
180135,18,Roupas para animais de estimação
180136,18,Correias para guiar crianças
180137,18,Malas motorizadas
180138,18,Cubos de compressão para bagagens [bolsas de compressão]
180139,18,Pastas para conferências
180140,18,Bastões de caminhada
180140,18,Bastões de trekking
180141,18,Panos de couro
180142,18,Mochilas para carregar bebês
180143,18,"Nécessaires, não adaptadas"
180144,18,Organizadores para malas de viagem
180145,18,Couro vegano
180146,18,Etiquetas costuradas de couro para roupas
180147,18,Etiquetas adesivas de couro para bolsas
180148,18,"Dispensadores de sacos para fezes de cachorros, adaptados para uso com guias"
180149,18,Imitações de couro à base de micélio
180150,18,Estruturas para porta-moedas [peças estruturais de porta-moedas]
180151,18,Malas de viagem inteligentes
180152,18,Correntes para carteira
180153,18,Bastões de caminhada nórdica
190001,19,Suportes não metálicos para afixação de anúncios
190002,19,Vidro de alabastro para construção
190003,19,Alabastro
190004,19,Cimento de amianto [fibrocimento]
190005,19,Argamassa de amianto
190006,19,Ardósia*
190007,19,Ardósias para telhados
190008,19,Pó de ardósia
190009,19,Caibros para telhados
190010,19,Areia argentífera
190011,19,Argila de oleiro
190012,19,Pedras refratárias
190012,19,Tijolos refratários
190013,19,Asfalto
190014,19,Pavimentos de asfalto
190015,19,Lambris [madeira]
190016,19,"Balaústres, não metálicos"
190017,19,Betume
190018,19,Tiras alcatroadas para construção
190019,19,Barracas
190020,19,Barracas de feiras
190021,19,Ripas de telhado
190022,19,Portas do tipo camarão não metálicas
190023,19,Concreto
190024,19,Elementos de concreto para construção
190025,19,Produtos betuminosos para construção
190026,19,Madeira semitrabalhada
190027,19,Madeira para construção
190027,19,Tábuas
190028,19,Compensados de madeira
190029,19,Madeira manufaturada
190030,19,Madeira para fabricação de utensílios domésticos
190031,19,Madeira serrada
190032,19,Pavimentos de madeira
190033,19,Folhas de madeira compensada
190034,19,Madeira para compensados
190035,19,Revestimentos de madeira
190036,19,Cimento *
190037,19,Piche [breu]
190038,19,Tijolos
190039,19,Barro para tijolos
190040,19,Aglutinantes para ladrilhagem
190040,19,Aglutinantes para tijolos
190041,19,"Cabines telefônicas, não metálicas"
190042,19,Caixa para construção debaixo d'água
190043,19,Pedra calcária
190044,19,Calhas de telhado não metálicas
190045,19,Papelão para construção
190046,19,Papelão betumado para construção
190048,19,Argila refratária
190048,19,Chamota [argila cerâmica refratária]
190049,19,"Molduras de lareira, não metálicas"
190050,19,Estruturas não metálicas para construção
190051,19,Materiais para construção e revestimento de ruas
190052,19,Cal*
190053,19,Argamassa para construção
190053,19,Argamassa
190054,19,Gesso *
190055,19,Chaminés não metálicas
190056,19,Revestimentos de cimento à prova de fogo
190057,19,Placas de cimento
190058,19,Postes de cimento
190059,19,Xistos
190060,19,Divisórias não metálicas
190061,19,Construções não metálicas
190062,19,Papel de construção
190063,19,Vidro de construção
190064,19,Cornijas não metálicas
190065,19,Molduras não metálicas para cornijas
190066,19,Rufos não metálicos para telhados
190067,19,Cantoneiras não metálicas
190068,19,Janelas não metálicas
190069,19,Portas não metálicas *
190070,19,Tampas não metálicas para alçapões
190071,19,Coberturas não metálicas para telhados
190072,19,Giz bruto
190073,19,Quartzo para construção
190074,19,Degraus não metálicos para escadas
190075,19,Canos não metálicos para calha
190076,19,Encanamentos não metálicos de água
190078,19,Andaimes não metálicos
190079,19,Postes não metálicos para linhas de transmissão de energia
190080,19,Canos não metálicos de ramificação
190081,19,Cercaduras não metálicas para sepulturas
190081,19,Cercaduras não metálicas para túmulos
190082,19,Revestimentos betuminosos para telhados
190083,19,Traves [vigas] não metálicas
190083,19,Vigas não metálicas
190084,19,Pocilgas não metálicas
190085,19,Estábulos não metálicos
190086,19,Escoras não metálicas
190088,19,Lápides não metálicas para túmulos
190088,19,Placas não metálicas para túmulos
190089,19,"Placas comemorativas, não metálicas"
190090,19,Feltro para construção
190091,19,Moldes não metálicos para fundição
190092,19,Cimento para fornalhas
190093,19,Cimento para alto-fornos
190094,19,Pedra*
190095,19,Vidros para construção [vidraças]
190096,19,Argila *
190097,19,Alcatrão de hulha
190098,19,Granito
190099,19,Cascalho
190100,19,Arenito para construção
190101,19,Tubos para arenito
190102,19,Gipsita [material de construção]
190103,19,Gelosias [venezianas] não metálicas
190104,19,Escórias [materiais de construção]
190105,19,Balastro [brita de escória]
190106,19,Tacos de assoalho em parquete
190107,19,"Persianas de exterior, não metálicas ou têxteis"
190108,19,Rampas não metálicas para lançamento de foguetes
190109,19,Ripas não metálicas
190110,19,Aglutinantes para conservação de estradas
190111,19,Cortiça aglomerada para construção
190112,19,Assoalhos em parquetes
190113,19,Vigas de suporte não metálicas [partes de escadas]
190114,19,Lintéis não metálicos
190115,19,Blocos para pavimentação luminosos
190116,19,Macadame
190117,19,"Monumentos, não metálicos"
190118,19,Cimento de magnésia
190119,19,Construções transportáveis não metálicas
190120,19,Mármore
190121,19,Granulados de vidro para marcação de estradas
190122,19,Folhas e placas de material sintético para marcação de estradas
190123,19,Marquises [estruturas] não metálicas para construção
190124,19,Mastros [postes] não metálicos
190125,19,Tacos para assoalho
190126,19,Mosaicos para construção
190127,19,Madeira moldável
190128,19,Caixilhos não metálicos para construção
190128,19,Molduras não metálicas para construção
190129,19,Revestimentos [materiais de construção]
190130,19,Revestimentos não metálicos para paredes e muros
190131,19,Rufos não metálicos para construção
190132,19,Olivina para construção
190133,19,Venezianas não metálicas
190134,19,"Cercas de paliçadas, não metálicas"
190134,19,Paliçadas não metálicas
190135,19,Cercas não metálicas
190136,19,Estaca-pranchas não metálicas
190136,19,Estacas não metálicas
190137,19,"Painéis sinalizadores não mecânicos, não luminosos e não metálicos"
190138,19,"Revestimentos não metálicos para paredes, para construção"
190139,19,"Rinques de patinação [estruturas], não metálicos"
190140,19,Poleiros
190141,19,Pedras de construção
190142,19,Pedra artificial
190143,19,Pedras de escórias
190144,19,Lajes tumulares [lápides]
190144,19,Lápides [pedras funerárias]
190145,19,Tufo [calcário]
190146,19,Trabalhos de pedra
190147,19,Pisos não metálicos
190148,19,Tetos não metálicos
190149,19,Pranchas de madeira para construção
190150,19,Forros [revestimentos] não metálicos para construção
190151,19,Telhas não metálicas
190152,19,Pranchas não metálicas para saltos
190153,19,Portais não metálicos
190154,19,Painéis não metálicos para portas
190155,19,Postes telegráficos não metálicos
190156,19,Galinheiros não metálicos
190157,19,Traves não metálicas
190158,19,Plataformas pré-fabricadas não metálicas
190160,19,Reservatórios de alvenaria
190161,19,Materiais para revestimento de ruas
190162,19,Soleiras não metálicas
190163,19,Junco para construção
190164,19,"Placas sinalizadoras para estrada, exceto luminosas e mecânicas, não metálicas"
190165,19,"Sinalização não luminosa, não mecânica e não metálica"
190166,19,"Areia, exceto areia para fundição"
190167,19,Estufas transportáveis não metálicas
190168,19,Sílica [quartzo]
190169,19,Silos não metálicos
190170,19,"Estátuas de pedra, concreto ou mármore"
190171,19,Alcatrão
190172,19,Terracota [material de construção]
190173,19,Telhados não metálicos
190174,19,Túmulos não metálicos
190175,19,"Caramanchões [estruturas], não metálicos"
190176,19,Dormentes não metálicos para estradas de ferro
190176,19,Travessas não metálicas para estradas de ferro
190177,19,Grade [treliça] não metálica
190177,19,Treliças não metálicas
190178,19,Canos rígidos não metálicos para construção
190179,19,"Janelas de batente, não metálicas"
190180,19,Vidro isolante para construção
190181,19,"Janelas de vidro, exceto para janelas de automóveis"
190182,19,Vitrais
190183,19,Vidraças para construção
190184,19,Aviários não metálicos [estruturas]
190185,19,Caibros [carpintaria]
190186,19,Xilólito
190187,19,"Cabeços para amarração, não metálicos"
190188,19,Cais flutuantes não metálicos para amarração de embarcações
190189,19,Lambris não metálicos
190190,19,Aquários [estruturas]
190191,19,Materiais de reforço não metálicos para construção
190192,19,Vidro de segurança
190193,19,"Objetos de arte de pedra, concreto ou mármore"
190194,19,"Banheiras para aves [estruturas], não metálicas"
190195,19,Balizas não luminosas e não metálicas
190196,19,Piscinas [estruturas não metálicas]
190197,19,"Materiais de construção, não metálicos"
190198,19,Cofragens não metálicas para concreto
190199,19,Bicicletários não metálicos
190200,19,Blocos não metálicos para pavimentação
190201,19,Papelão de pasta de madeira para construções
190202,19,"Bustos de pedra, concreto ou mármore"
190203,19,Cabines de banho não metálicas
190205,19,Cabines não metálicas para pintura à pistola
190206,19,Postes não metálicos
190208,19,"Caixilhos para janelas, não metálicos"
190209,19,"Caixilhos para portas, não metálicos"
190209,19,"Batentes para portas, não metálicos"
190210,19,"Estruturas para estufa, não metálicas"
190211,19,Calcário argiloso
190212,19,"Chapéus de chaminés, não metálicos"
190213,19,Azulejos não metálicos para construção
190214,19,Ladrilhos não metálicos para piso
190215,19,"Câmaras mortuárias, não metálicas, para sepultamento"
190216,19,Proteção para chaminés não metálica
190217,19,Prolongamentos não metálicos de chaminés
190218,19,"Tubos de chaminés, não metálicos"
190219,19,Lajes não metálicas para pavimentação
190220,19,"Canos para drenagem, não metálicos"
190222,19,Escadas não metálicas
190223,19,Painéis não metálicos para construção
190224,19,"Estatuetas de pedra, concreto ou mármore"
190225,19,Monumentos funerários não metálicos
190226,19,Estelas funerárias não metálicas
190227,19,Cercas não metálicas para segurança em estradas
190228,19,"Caixas de correspondência, de alvenaria"
190231,19,Aglomerados de bagaços de cana-de-açúcar [material de construção]
190232,19,"Condutos forçados, não metálicos"
190233,19,Seixos para aquários
190234,19,Areia para aquários
190235,19,Dutos não metálicos para instalações de ventilação e ar condicionado
190236,19,Geotêxteis
190237,19,Pedras de alvenaria
190238,19,Tapume de vinil
190239,19,Mosquiteiros não metálicos
190240,19,"Telhado, não metálico, contendo células fotovoltaicas"
190241,19,"Decks modulares, não metálicos"
190242,19,"Materiais de construção refratários, não metálicos"
190243,19,"Casas pré-fabricadas [prontas para montar], exceto de metal"
190244,19,Pórfiros [rochas]
190245,19,"Sarjeta, não metálica"
190246,19,Catracas não metálicas
190247,19,Lápides não metálicas
190248,19,Tábuas de assoalho em madeira
190249,19,Cerâmicas para piso
190250,19,Telhas não metálicas em “s” [ing. pantile]
190251,19,"Ladrilhos para paredes, não metálicos"
190252,19,Lajes não metálicas para construção
190253,19,Cristal de rocha
190254,19,"Portas blindadas, não metálicas"
190255,19,Vidro esmaltado para construção
190256,19,"Pilares, não metálicos, para construção"
190257,19,"Suportes triangulares, não metálicos, para construção"
190258,19,Revestimento não metálico para proteção externa de construções
190259,19,Limitadores plásticos de grama
190260,19,Rolamentos de borracha para o isolamento sísmico de construções
190261,19,"Blindagem, não metálica"
190262,19,"Mastros [estruturas] para bandeira, não metálicos"
190263,19,"Portas do tipo vai e vem, não metálicas"
190264,19,Portas sanfonadas não metálicas
190265,19,"Cabines transportáveis à prova de som, não metálicas"
190266,19,"Painéis acústicos, não metálicos"
190267,19,"Miniestufas, não metálicas"
190268,19,"Pisos laminados, não metálicos"
190269,19,Areia para brincar
190270,19,"Postigos [janela], não metálicos"
190271,19,"Materiais de construção à prova de som, não metálicos"
190272,19,"Taças estatuárias comemorativas, de pedra, concreto ou mármore"
190273,19,"Taças para premiação, de pedra, concreto ou mármore"
190274,19,Vidro inteligente para construção
190275,19,"Estruturas de montagem, não metálicas, para painéis solares"
190276,19,Fitas adesivas para marcação de superfícies de estradas
190277,19,Pedra refratária para construção
190278,19,Perfis de plástico para construção
200001,20,Colmeias de abelhas
200002,20,Painéis de afixação
200003,20,Decorações de matérias plásticas para alimentos
200005,20,Âmbar amarelo
200006,20,Animais empalhados
200007,20,Camas para animais domésticos
200008,20,Ninhos para animais domésticos
200009,20,Canis para animais domésticos
200010,20,Garras de animais
200011,20,Anéis de cortinas
200013,20,Vidro prateado [espelhos]
200014,20,Armários [guarda-louças]
200015,20,Armários para medicamentos
200016,20,Grampos não metálicos para cabos ou canos
200017,20,Tinas de madeira para decantar vinho
200018,20,"Barbatana de baleia, não trabalhada ou semitrabalhada"
200019,20,"Bambu, não trabalhado ou semitrabalhado"
200020,20,Bancos [móveis]
200021,20,Cestos de pesca [samburás]
200022,20,Cercados para bebê
200023,20,Berços
200024,20,Prateleiras para bibliotecas
200025,20,"Carretéis de madeira para fio, seda e cordão"
200026,20,Estrados [madeira] para cama
200027,20,Fitas de madeira
200030,20,Rolhas de cortiça
200031,20,Garrafeiras
200032,20,Bastidores para bordar
200033,20,Armações para escovas
200034,20,Aparadores [bufê]
200035,20,Chifres de animais
200036,20,Mesas para escrever
200037,20,Móveis para escritório
200038,20,Manequins para vestuário
200039,20,Favos artificiais para colmeias
200040,20,Quadros para colmeias de abelhas
200041,20,Peças de mobiliário
200042,20,Torneiras não metálicas para pipas
200043,20,Arquivos para fichas [móveis]
200044,20,Arquivos [móveis]
200045,20,Imitações de casco de tartaruga
200046,20,Guarda-fogo para chaminés [mobília]
200047,20,Caixões [esquifes]
200048,20,Guarnições não metálicas para caixões
200049,20,Chifres de veado
200050,20,Assentos [cadeiras]*
200050,20,Cadeiras [assentos]*
200051,20,Chaise longues [chaises]
200052,20,Apoio de cabeça [móveis]
200053,20,Porta-chapéus
200054,20,Paletes [plataformas] não metálicos para carga
200055,20,Bitolas não metálicas para medidas de carga para vagões de ferrovias
200056,20,Dobradiças não metálicas
200057,20,Vitrines [mobiliário]
200058,20,Canis para cães
200059,20,Cabides para vestuário
200062,20,Prateleiras para arquivos
200063,20,Poltronas*
200064,20,Bustos [manequins] de costura
200064,20,Manequins de costura
200064,20,Manequins*
200065,20,Recipientes não metálicos para combustíveis líquidos
200066,20,Cômodas com gavetas
200067,20,Balcões
200068,20,Contêineres não metálicos [armazenagem e transporte]
200069,20,"Contêineres flutuantes, não metálicos"
200070,20,Mesas *
200071,20,Coral
200072,20,Bandejas não metálicas *
200074,20,"Chifre, não trabalhado ou semitrabalhado"
200076,20,Corozo
200076,20,Marfim vegetal
200077,20,"Artigos para cama, exceto roupa de cama"
200078,20,Almofadas*
200079,20,Colchões *
200080,20,Ganchos não metálicos para cabideiros
200081,20,Cubas não metálicas
200082,20,Carrinhos de chá
200083,20,Mesas para desenho
200084,20,Dispensadores não metálicos de toalhas
200085,20,Divãs
200087,20,Aduelas de madeira
200088,20,Trabalhos de marcenaria
200089,20,Casco de tartaruga
200090,20,Conchas de ostras
200091,20,"Tanchões [estacas, esteio de videira] não metálicos"
200092,20,"Escadas portáteis, de madeira ou plástico"
200093,20,Escadas móveis não metálicas para embarque de passageiros
200094,20,Mobiliário escolar
200095,20,Mesas para datilografia
200095,20,Prateleiras para máquinas de escrever
200096,20,Letreiros de madeira ou plástico [cartazes]
200097,20,"Porcas [parafusos], não metálicas"
200098,20,Espuma-do-mar [sepiolita]
200099,20,Coberturas removíveis para pias
200100,20,Recipientes de plástico para embalagem
200101,20,Suportes de cortina para parede
200102,20,Camas *
200103,20,Carretéis não metálicos e não mecânicos para mangueiras flexíveis
200105,20,Barras para passadeiras de escadas
200106,20,Bancadas de trabalho
200108,20,Racks
200109,20,Ninhos [viveiros de criação]
200110,20,Leques
200112,20,Fechos não metálicos de recipientes
200113,20,Guarnições não metálicas para móveis
200115,20,Jardineiras [móveis]
200116,20,Pedestais para vasos de flores
200117,20,Manjedouras para forragem
200118,20,Prateleiras para armas
200119,20,Tonéis não metálicos
200120,20,Suportes não metálicos para pipas
200121,20,Rodízios para cortinas
200122,20,Guarda-comidas
200123,20,Guarnições não metálicas para janelas
200124,20,Guarnições não metálicas para camas
200125,20,Guarnições não metálicas para portas
200126,20,Tábuas de carne [mesas de açougue]
200128,20,"Engradados não metálicos [armazenamento, transporte]"
200129,20,Capas para vestuário [guarda-roupa]
200130,20,Placas não metálicas de licenciamento para veículos
200132,20,Móveis de metal
200133,20,"Rattan, não trabalhado ou semitrabalhado"
200134,20,Mostradores de jornais [display]
200135,20,Porta-revistas
200136,20,Persianas de lamelas de interior
200137,20,Bancadas de lavatório [mobiliário]
200139,20,Rodízios não metálicos para camas
200140,20,Lingüetas não metálicas
200141,20,Atril [leitoril]
200144,20,Cabideiros tipo mancebo
200145,20,Paletes não metálicos para transporte de cargas
200146,20,Paletes não metálicos para manuseio
200147,20,Degraus não metálicos [escadas portáteis]
200148,20,Divisórias de madeira para móveis
200149,20,Rodízios não metálicos para móveis
200151,20,Móbiles [decoração]
200152,20,Mesas para trabalhar em pé [escrivaninha]
200153,20,"Madrepérola, não trabalhada ou semitrabalhada"
200154,20,Placas não metálicas de identidade
200156,20,Aves empalhadas
200157,20,Travesseiros*
200158,20,"Travesseiros de ar, exceto para uso medicinal"
200159,20,Colchões de palha
200160,20,"Palha entrançada, exceto esteiras"
200161,20,Tranças de palha
200162,20,Fitas de palha
200163,20,Cestos de pão para padeiros
200164,20,Suportes para guarda-chuvas
200165,20,Biombos
200166,20,"Cabideiros [ganchos] para vestuário, não metálicos"
200167,20,Cortinas de contas para decoração
200168,20,Estacas não metálicas para tendas
200169,20,Bandejas de mesas
200170,20,Portas para móveis
200171,20,Trilhos para cortinas
200172,20,Prateleiras para móveis
200173,20,Acabamentos de plástico para móveis
200174,20,"Reservatórios, exceto de metal ou alvenaria"
200174,20,"Tanques, exceto de metal ou alvenaria"
200175,20,Varas para cortinas
200176,20,Ganchos para cortinas
200177,20,"Pateras para cortinas, exceto de tecido"
200177,20,"Prendedores para cortinas, exceto de tecido"
200178,20,Junco [material para entrançar]
200179,20,Cascos de animais
200180,20,Escrivaninhas [secretária]
200181,20,Fechaduras não metálicas para veículos
200182,20,Assentos de metal
200183,20,Sofás
200184,20,Canapés [móveis]
200185,20,Bases para camas
200186,20,"Válvulas de plástico, exceto peças de máquinas"
200187,20,"Estátuas de madeira, cera, gesso ou plástico"
200188,20,Mesas de metal
200189,20,Penteadeiras
200190,20,Molduras para quadros
200191,20,Prateleiras para armazenagem
200192,20,Armários [mobiliário]
200193,20,Espelhos
200194,20,Espreguiçadeiras
200195,20,Rolos de cama [travesseiros]
200196,20,Cavaletes [mobiliário]
200197,20,Quadros para pendurar chaves
200198,20,Guarda-louças [mobiliário]
200199,20,Cestaria
200200,20,Vitrines [móveis]
200201,20,"Almofadas de ar, exceto para uso medicinal"
200202,20,"Colchões de ar, exceto para uso medicinal"
200203,20,Barras de ambarino
200204,20,Chapas de ambarino
200205,20,"Obras de arte em madeira, cera, gesso, plástico ou resina"
200206,20,Caixões não metálicos para argamassa
200207,20,Baús não metálicos
200207,20,Cofres não metálicos
200209,20,Bancadas de tornos [móveis]
200210,20,Barris não metálicos
200211,20,Aros não metálicos para pipas
200211,20,Aros não metálicos para barris
200212,20,Suportes para máquinas de calcular
200213,20,"Rolhas, não metálicas"
200213,20,"Batoques, não metálicos"
200214,20,Cápsulas não metálicas para vedação
200215,20,Parafusos não metálicos
200216,20,Rebites não metálicos
200217,20,Cavilhas não metálicas
200217,20,Chavetas não metálicas
200217,20,Pinos guias não metálicos
200218,20,Pernos não metálicos
200219,20,Tampas não metálicas para garrafas
200220,20,Fechos não metálicos para garrafas
200221,20,Pulseiras não metálicas de identificação
200222,20,Carrinhos de servir à mesa [móveis]
200223,20,"Bustos de madeira, cera, gesso ou plástico"
200224,20,"Bornes de união [terminal], não metálicos, para cabos"
200225,20,Molduras [encaixilhamentos]
200226,20,Caixilhos para molduras [ripas]
200226,20,Ripas para molduras [caixilhos]
200229,20,Mesas de massagem
200230,20,"Camas d'água, exceto para uso medicinal"
200231,20,Válvulas de plástico para tubos de drenagem
200232,20,Cavilhas [tampões] não metálicas
200232,20,Tampões [cavilhas] não metálicos
200233,20,Conchas
200235,20,Tamborete
200236,20,Válvulas de matérias plásticas para encanamentos de água
200238,20,Invólucros de madeira para garrafas
200239,20,"Estatuetas de madeira, cera, gesso ou plástico"
200240,20,"Fechaduras não metálicas, exceto elétricas"
200241,20,Cadeiras para cabeleireiros
200242,20,Varas não metálicas
200243,20,Cestos não metálicos
200244,20,"Caixas de correio, exceto de metal ou alvenaria"
200251,20,Bóias não metálicas para ancoragem
200252,20,Capas para vestuário [armazenamento]
200253,20,Sinalizadores de madeira ou plástico
200254,20,Carrinhos [mobiliário]
200255,20,Cortinas de bambu
200256,20,Baú para brinquedos
200257,20,Cadeiras altas para bebês
200258,20,Andadores para bebês
200259,20,Objetos de publicidade infláveis
200260,20,Cartões de plástico [chaves de acesso] não codificados e não magnéticos
200261,20,Placas de vidro para espelho
200262,20,Roldanas de plástico para persianas
200263,20,Cavalete de serrador
200264,20,Postes de arranhar para gatos
200265,20,Cangalhas
200266,20,Mesas com rodinhas para computadores
200267,20,Urnas funerárias
200268,20,Móbiles sonoros [decoração]
200269,20,"Persianas internas, feitas de madeira trançada"
200270,20,Porta-livros [móveis]
200271,20,Almofadas para animais de estimação
200272,20,Persianas internas [mobiliário]
200273,20,"Maçanetas de porta, não metálicas"
200274,20,Espelhos portáteis [espelhos para banheiro]
200275,20,Tapetes para cercadinhos infantis
200276,20,Toalheiros de chão [móveis]
200277,20,"Maçanetas, não metálicas"
200278,20,"Bancada, presa à parede, para troca de fraldas"
200279,20,Colchonetes reutilizáveis para troca de fraldas
200280,20,Ferrolhos não metálicos
200281,20,"Persianas internas, feitas de papel"
200282,20,"Persianas internas, feitas de matéria têxtil"
200283,20,"Campainhas de porta não metálicas, não elétricas"
200284,20,Divisórias [móveis]
200285,20,Tampas de rosca não metálicas
200286,20,"Aldravas de porta, exceto metálicas"
200287,20,Bancadas para marcenaria
200288,20,Mobília inflável
200289,20,Banquinhos para os pés
200290,20,Barras de apoio não metálicas para banheiras
200291,20,"Braçadeiras, exceto de metal, para prender tubos"
200292,20,Painéis organizadores de joalheria e bijuteria
200293,20,Colchonetes
200294,20,"Argolas, não metálicas, para chaves"
200295,20,Dispensadores não metálicos de sacos para fezes de cachorro
200296,20,"Prendedores de porta, exceto de metal ou borracha"
200297,20,"Prendedores de janela, exceto de metal ou borracha"
200298,20,"Fechos de caixilhos, não metálicos, para janelas"
200299,20,Trancas não metálicas para janelas
200300,20,Trancas não metálicas para portas
200301,20,"Caixas de ferramentas, não metálicas, vazias"
200302,20,"Arca para ferramentas, não metálicas, vazias"
200303,20,Estante modular
200304,20,"Ganchos para pendurar bolsas, não metálicos"
200305,20,Chaves de plástico
200306,20,Cantoneiras não metálicas para móveis
200307,20,Etiquetas de plástico
200308,20,Mesas de parede
200309,20,Armários para livros
200310,20,Arara para roupas
200311,20,"Latões de gasolina, não metálicos"
200312,20,Casas de passarinhos
200313,20,Clipes de plástico para fechar pacotes
200314,20,"Protetores de berço, exceto roupa de cama"
200315,20,Caixas de madeira ou plástico
200316,20,Berços para bebês
200317,20,Moisés [berço portátil]
200318,20,Pernas para mobília
200319,20,Pés para mobília
200320,20,Guarda-roupas
200321,20,Escabelos
200322,20,Pregos não metálicos para sapatos
200323,20,Tacos não metálicos para saltos de sapatos
200324,20,"Crucifixos de madeira, cera, gesso ou plástico, exceto joias"
200325,20,"Recipientes para drenagem de óleo, não metálicos"
200326,20,"Camas infláveis, exceto para uso medicinal"
200327,20,Colchões para acampamento
200328,20,Rampas plásticas para uso em veículos
200329,20,Cadeiras para banho
200330,20,Almofada encosto de cabeça para bebês
200331,20,Almofadas antigiro para bebês
200332,20,Travesseiros posicionadores de cabeça para bebês
200333,20,"Mastros portáteis, não metálicos"
200334,20,"Rolhas, exceto de vidro, metal ou borracha"
200335,20,"Molas para fechar portas, não metálicas, não elétricas"
200336,20,Rodízios não metálicos para portas corrediças
200337,20,Cadeiras de banho para bebês
200338,20,Mesas de apoio para usar notebook sobre as pernas
200339,20,Escrivaninhas portáteis
200340,20,"Dispositivos não metálicos, não elétricos, para abrir portas"
200341,20,"Dispositivos não metálicos, não elétricos, para abrir janelas"
200342,20,"Dispositivos não metálicos, não elétricos, para fechar janelas"
200343,20,Roldanas não metálicas para janelas
200343,20,Roldanas não metálicas para caixilho de janela
200344,20,"Cadeados não metálicos, exceto eletrônicos"
200345,20,Toucadores para banheiro [móveis]
200346,20,Gavetas para móveis
200347,20,Guarda-volumes para malas
200348,20,"Recipientes, não metálicos, para gás comprimido ou ar líquido"
200349,20,Garrafas [recipientes] não metálicas para gás comprimido ou ar líquido
200350,20,Bancos para banheiro
200351,20,Armários de cozinha [mobiliário]
200352,20,Tapetes removíveis para pias
200353,20,Organizadores de gaveta
200354,20,"Organizadores de pendurar para armários Tampas feitas especialmente para manuseio e transporte de garrafas, não metálicas, 20 para gás comprimido"
200356,20,Almofadas para forrar colchonetes para animais de estimação
200357,20,Protetores de respingos provenientes de espirros
200358,20,"Caçambas de lixo não metálicas, exceto para uso médico"
200359,20,"Lixeiras para recicláveis, não metálicas"
200360,20,Etiquetas costuradas de plástico para roupas
200361,20,"Dispensadores de bilhetes, exceto de metal"
200362,20,"Caixas, exceto de metal, para liberação de toalhas de papel"
200363,20,"Porta-papel higiênico, exceto de metal"
200364,20,Cadeiras ergonômicas para massagem na posição sentada
200365,20,"Taças estatuárias comemorativas, de madeira, cera, gesso ou plástico"
200366,20,Prateleiras para armazenar papelão
200367,20,"Taças para premiação, de madeira, cera, gesso ou plástico"
200368,20,Tapetes de dormir de bambu ou palha
200369,20,"Pregos, não metálicos"
200370,20,"Pregos pequenos sem cabeça, não metálicos"
200370,20,"Tachas pequenas sem cabeça, não metálicas"
200371,20,Árvores de gato
200372,20,Cestas de compras não metálicas para supermercado
200374,20,Travesseiros de banho
200375,20,Bandejas [suporte] para teclado de computador
200376,20,"Latas de lixo, não metálicas, exceto para fins domésticos"
200376,20,"Lixeiras, não metálicas, exceto para fins domésticos"
200377,20,Travesseiros para amamentação
200378,20,"Dispensadores de sabonete, exceto de metal"
200379,20,"Bocais/bicos*, exceto feitos de metal"
200380,20,"Pranchas/placas de tração para desatolar veículos, exceto de metal"
200381,20,Almofadas de meditação
200382,20,Almofadas de ioga
200382,20,Travesseiros de ioga
200383,20,Bancos de meditação
200384,20,Rolos de ioga
200385,20,Altares [mobiliário]
200386,20,Estatuetas feitas de sementes
210001,21,Bebedouros
210002,21,Manjedouras
210005,21,Lã de aço para limpeza
210006,21,Tábuas de lavar
210007,21,Recipientes isolantes térmicos para alimentos
210008,21,Batedores para tapetes [instrumentos manuais]
210009,21,Ampolas de vidro [recipientes]
210010,21,Cerdas de animais
210011,21,Anilhos para aves domésticas
210014,21,Escovas *
210015,21,Pulverizadores [sprinklers]*
210016,21,Regadores
210017,21,Cestos de pão para uso doméstico
210018,21,Anilhos para aves
210019,21,Banheiras para aves *
210020,21,Vassouras
210021,21,Vassouras mecânicas
210022,21,Frascos de vidro [recipientes]
210023,21,Baldes
210023,21,Caçambas
210025,21,Bacias [recipientes]
210027,21,Bicos dosadores
210028,21,Rascadeiras
210030,21,Manteigueiras
210031,21,Tampas para manteigueiras
210032,21,Canecas para cerveja
210033,21,Garrafão de vidro
210034,21,Recipientes para beber
210035,21,Recipientes isolantes térmicos para bebidas
210037,21,Porta sabonetes
210038,21,Caixas para chá
210039,21,Bacias [tigelas]
210039,21,Tigelas [bacias]
210040,21,Garrafão revestido de trançado de vime
210041,21,Descalçadeiras para botas
210042,21,Rolhas de vidro
210043,21,"Saca-rolhas, elétricos e não elétricos"
210044,21,Esferas de vidro decorativas
210045,21,Garrafas*
210046,21,Garrafas térmicas
210047,21,Garrafas para refrigerar
210048,21,"Abridores de garrafas, elétricos e não elétricos"
210049,21,Espetos de metal para cozinha
210050,21,Escovinhas para as unhas
210051,21,Escovas de toalete
210052,21,Escovas para vidros de luminárias
210054,21,Materiais para fabricação de escovas
210055,21,Pêlos para escovas
210056,21,"Defumadores [perfumadores], elétricos e não elétricos"
210057,21,Galhetas
210058,21,Bandejas
210059,21,Gaiolas para pássaros
210061,21,Peneiras de farinha [utensílios domésticos]
210062,21,Recipientes isolantes térmicos
210063,21,Recipientes decantadores
210064,21,Porta-cardápios
210065,21,Caldeiras [panelas]
210066,21,Esfregões metálicos para arear
210067,21,Peneiradores de cinzas [utensílios domésticos]
210068,21,Cerâmicas para uso doméstico
210069,21,Mata-moscas [mecânicos]
210070,21,Caldeirões
210071,21,Escovas para sapatos
210073,21,Escovas para cavalos
210074,21,Manjedouras para animais
210075,21,Pentes para animais
210076,21,Pentes*
210077,21,Panos de limpeza
210078,21,Enfeites de porcelana
210079,21,Formas [utensílios de cozinha]
210080,21,Enceradeiras não elétricas
210082,21,Batedeiras [coqueteleiras]
210084,21,"Potes para cola, não elétricos"
210085,21,Vidros [recipientes]
210086,21,Chifres para beber
210087,21,Utensílios para cosméticos
210088,21,Coadores para uso doméstico
210089,21,Fruteiras
210090,21,Descansos de talheres para mesa
210091,21,Fechos para tampas de panelas
210092,21,Tampas de pote
210093,21,Capas para tábuas de passar
210094,21,Prensas para gravatas
210096,21,Misturadores não elétricos para uso doméstico
210097,21,Peneiras [utensílios de uso doméstico]
210098,21,Cristais [vidraçaria]
210099,21,Formas para cubos de gelo
210100,21,Couro para polimento
210101,21,Panelas não elétricas
210102,21,Pás de uso doméstico
210103,21,Formas de cozinha
210104,21,Instrumentos de limpeza manuais
210105,21,Palitos de dentes
210106,21,Bacias para lavar roupa
210107,21,Chapas para impedir o transbordo de leite
210108,21,Tábuas de cortar para cozinha
210110,21,Pentes com dentes largos para os cabelos
210111,21,"Aspiradores de pó, não elétricos"
210112,21,Descansos para ferros de passar
210114,21,Vidro em pó para decoração
210115,21,Estojos de toalete
210115,21,Frasqueiras equipadas com artigos de toalete
210117,21,Frascos dispensadores de sabão
210118,21,Garrafas sifão para adição de gás
210118,21,Garrafas sifão para água gaseificada
210119,21,"Vidro esmaltado, exceto para construção"
210120,21,Formas para alargar sapatos
210121,21,Funis
210122,21,Conjuntos de porta-condimentos
210123,21,Esponjas de banho
210124,21,Esponjeiras
210125,21,Espanadores de móveis
210126,21,Varais de roupa
210127,21,Baldes de tecidos fiados
210128,21,Estojos para pentes
210129,21,Louça de cerâmica
210129,21,Louça de faiança
210132,21,Suportes para arranjos de plantas e flores
210133,21,Vasos para flores
210134,21,"Batedores não elétricos, para uso doméstico"
210135,21,Esfregões
210136,21,"Frigideiras, não elétricas"
210137,21,Escovas para esfregar
210138,21,"Espremedores de frutas não elétricos, para uso doméstico"
210139,21,Aparelho para absorver fumaça para uso doméstico
210140,21,Gamelas [vasilhas]
210141,21,Formas para alargar luvas
210142,21,Formas para bolos
210143,21,Vidros [matérias-primas]
210144,21,Frascos de bebidas para esportes
210145,21,Grelhas [utensílios para cozinhar]
210146,21,Suportes para grelhas
210147,21,"Brochas de alcatrão, com cabo longo"
210148,21,Esponjas para pó-de-arroz
210149,21,"Vidro, não trabalhado ou semitrabalhado, exceto vidro para construção"
210150,21,Armadilhas para insetos
210152,21,"Lã de vidro, exceto para isolamento"
210153,21,Potes
210154,21,"Travessas para frutas, legumes e verduras"
210155,21,Baixelas [serviços] para licores
210156,21,Colheres para banhar alimentos [utensílios para cozinhar]
210157,21,Maiólica
210158,21,"Moedores para cozinha, não elétricos"
210159,21,Utensílios de uso doméstico
210160,21,Apanha-migalhas
210161,21,"Mosaicos de vidro, exceto para construção"
210162,21,Moinhos manuais para uso doméstico
210163,21,Refugos de lã para limpeza
210164,21,Indez [ovos artificiais]
210165,21,Oveiros
210166,21,Vidros opalas
210167,21,Opalinas
210168,21,Esfregões para limpeza
210169,21,Tábuas para pão
210170,21,"Cestas para piqueniques, com louça"
210171,21,Prensas para calças
210173,21,Pratos de papel
210175,21,Rolos para massa [domésticos]
210176,21,Pentes elétricos
210177,21,Espátulas para tortas
210178,21,Pipetas [provadores de vinho]
210178,21,Provadores de vinho [pipetas]
210179,21,Tábuas para passar roupa
210180,21,Bandejas de papel para uso doméstico
210181,21,Tachos de barro
210183,21,Bicos de regadores
210184,21,Moedores manuais para pimenta
210185,21,Pimenteiras
210186,21,"Aparelhos e máquinas não elétricos para polir, para uso doméstico"
210187,21,"Materiais para polir, exceto preparações, papel e pedra"
210189,21,Porcelanas
210190,21,Vasos
210191,21,Saboneteiras
210192,21,Urinóis
210193,21,Cerâmica
210194,21,Latas de lixo para uso doméstico
210194,21,Lixeiras para uso doméstico
210195,21,"Estojos para pó compacto, vazios"
210196,21,Baldes para gelo
210197,21,Raladores para cozinha
210198,21,Armadilhas para ratos
210199,21,Recipientes para cozinha ou uso doméstico
210200,21,Argolas para guardanapos
210203,21,Saladeiras
210204,21,Saleiros
210206,21,Aspersores para regar flores e plantas
210207,21,Serviços [baixela]
210208,21,Louças
210209,21,Serviços de chá [utensílio de mesa]
210210,21,Porta-guardanapos de mesa
210211,21,"Recipientes para fazer gelados e sorvetes, não elétricos"
210212,21,Pires
210213,21,Calçadeiras para sapatos
210214,21,Terrinas para sopa
210215,21,Escovas para sobrancelhas
210216,21,Armadilhas para camundongos
210217,21,"Estátuas de porcelana, cerâmica, faiança, terracota, argila ou vidro"
210218,21,Açucareiros
210219,21,Adornos para centros de mesa
210220,21,Taças
210221,21,Esticadores de vestuário
210222,21,Bules de chá
210223,21,Abotoadeiras
210224,21,Cofres de porquinho
210226,21,Samovares não elétricos
210227,21,"Utensílios de mesa, exceto facas, garfos e colheres"
210228,21,Vaporizadores de perfume
210229,21,Vidro incorporado com finos condutores elétricos
210230,21,Vidro pintado
210231,21,Vidro para janelas de veículos [produtos semi-acabados]
210232,21,Canecas
210234,21,"Obras de arte de porcelana, cerâmica, faiança, terracota, argila ou vidro"
210235,21,Pratos
210236,21,"Autoclaves para cozinha, não elétricas"
210238,21,Batedores não elétricos
210239,21,Aquecedores não elétricos para mamadeiras
210240,21,Pincéis para barba
210241,21,Suportes para pincéis para barba
210242,21,Arandelas
210243,21,Caixas de vidro
210244,21,Bomboneiras
210244,21,Caixas para doces
210245,21,Candelabros
210246,21,Chaleiras não elétricas
210248,21,Infusores de chá
210250,21,Escovas de dentes
210251,21,"Escovas elétricas, exceto de partes de máquina"
210252,21,"Bustos de porcelana, cerâmica, faiança, terracota, argila ou vidro"
210253,21,"Cachepôs, exceto de papel, para vasos de flores"
210254,21,Moedores manuais para café
210255,21,Serviços de café [utensílio de mesa]
210256,21,Coadores não elétricos para café
210257,21,Máquinas não elétricas de café
210258,21,"Descansos para copos ou garrafas, exceto de papel ou tecido"
210259,21,Esfregões abrasivos para cozinha
210260,21,"Fritadeiras, não elétricas"
210261,21,"Caixas refrigeradoras portáteis, não elétricas"
210261,21,"Geleiras portáteis, não elétricas"
210262,21,Aparelhos para higiene bucal
210263,21,Camurça para limpeza
210263,21,Peles de camurça para limpeza
210264,21,Aparelhos não elétricos para engraxar sapatos
210265,21,Redomas para queijeira
210266,21,Cestos para uso doméstico
210267,21,Bandejas para uso doméstico
210268,21,Estopa de algodão para limpeza
210269,21,Campânulas para refeições [cloches]
210270,21,Bases para pratos [utensílios de mesa]
210271,21,Moringas [bilhas]
210271,21,Cântaros
210272,21,Recipientes para cozinha
210273,21,Utensílios para cozinha
210274,21,Utensílios não elétricos para cozinhar
210275,21,Paliteiros
210276,21,"Escovas de dentes, elétricas"
210277,21,Aparelhos de desodorização para uso pessoal
210278,21,Escovas para limpar tanques e recipientes
210279,21,Sinalizadores de porcelana ou vidro
210280,21,Esponjas para uso doméstico
210281,21,"Espanadores de pó, de penas"
210282,21,Panos de pó
210283,21,"Fibras de sílica vitrificada, exceto para uso têxtil"
210284,21,"Fibra de vidro, exceto para isolamento ou uso têxtil"
210285,21,"Figuras de porcelana, cerâmica, faiança, terracota, argila ou vidro"
210285,21,"Estatuetas de porcelana, cerâmica, faiança, terracota, argila ou vidro"
210286,21,"Linha de fibra de vidro, exceto para uso têxtil"
210287,21,Cafeteiras não elétricas
210288,21,Coadores de chá [filtros]
210289,21,Frascos*
210290,21,Luvas para uso doméstico
210291,21,Canecas
210292,21,Galheteiros
210294,21,Luvas para polir
210295,21,Apagadores de velas
210301,21,Banheiras para bebês [portáteis]
210302,21,Gaiolas para animais de estimação
210303,21,Panos para limpeza de chão
210304,21,Escovas para lavar louça
210305,21,Terrários de interiores [cultura de plantas]
210306,21,Caixas para asseio de animais de estimação
210306,21,Bandejas para asseio de animais de estimação
210308,21,"Sílica fundida [produtos semitrabalhados], exceto para construção"
210309,21,Chapas de ferro não elétricas para waffles
210310,21,Porta-pão
210311,21,Pauzinhos para comida oriental
210312,21,Estopa para limpeza
210313,21,Pregadores para roupa
210314,21,Pauzinhos para mexer coquetéis
210315,21,Sacos de confeiteiros
210315,21,Sacos de confeitar
210316,21,Cortadores modeladores de biscoito [artigo de cozinha]
210317,21,Potes de biscoitos
210318,21,Copos de papel ou de plástico
210319,21,Copos para beber
210320,21,Fio dental
210321,21,Luvas de jardinagem
210322,21,Panelas não elétricas para hot pot
210323,21,Bolsas isotérmicas
210324,21,Bandejas giratórias de mesa
210325,21,Merendeiras [lancheiras]
210326,21,Colheres para misturar [utensílios de cozinha]
210327,21,Aparelhos manuais para fazer noodle
210328,21,Cortadores de massa [espátula de padeiro]
210329,21,Desentupidores de pia
210330,21,Espátulas [utensílios de cozinha]
210331,21,Esponjas abrasivas para limpar a pele
210332,21,Espremedores de alho [utensílio de cozinha]
210333,21,Pratos descartáveis
210334,21,Trilhos e argolas para pendurar toalhas
210335,21,Porta-toalha para mesa
210336,21,Aquários para interiores
210337,21,Tampas para aquário
210338,21,Terrários [viveiros] para interiores
210339,21,Esfregões com sistema de torção
210340,21,Cestos para papel
210341,21,Jardineiras para janelas
210342,21,Canudos para bebidas
210343,21,Abafadores para chaleiras
210344,21,Instrumentos para remover maquiagem
210345,21,Dispositivos elétricos para atrair e matar insetos
210346,21,Tapetes culinários
210347,21,Formas para alargar botas
210348,21,Cantis de bolso
210349,21,Espátulas para cosméticos
210350,21,Bandeja de gotejamento
210351,21,Armadilhas para moscas
210352,21,Porta-velas
210353,21,Panelas não elétricas de cozimento a vapor
210354,21,Esponjas para maquiagem
210355,21,"Trituradores para uso na cozinha, não elétricos"
210356,21,Pega-panelas
210357,21,"Luvas térmicas para cozinha, para retirada de objetos do forno"
210357,21,Luvas térmicas para cozinha
210357,21,"Luvas térmicas para cozinha, para uso no preparo de churrascos"
210358,21,Pincéis para culinária
210359,21,Seringas para temperar alimentos
210360,21,Luvas para limpar veículos
210361,21,Pincéis de maquiagem
210362,21,Baldes para esfregões com sistema de torção
210363,21,"Máquinas para fazer tortilhas, não elétricas [utensílio de cozinha]"
210364,21,Escovas para cera de esqui
210365,21,Escovas para cílios
210366,21,"Separadores de gemas e claras, não elétricos, para fins domésticos"
210367,21,Separadores de dedos do pé para uso por pedicures
210368,21,"Difusores de repelentes de mosquitos, para uso com tomada"
210369,21,Bolsas de gelo para conservar comida e bebidas
210370,21,Cubos de gelo reutilizáveis
210371,21,"Jogos americanos, exceto de papel ou tecido"
210372,21,"Jogos americanos, exceto de papel ou tecido"
210373,21,Etiquetas identificadoras para decantadores
210374,21,Aeradores de vinho
210375,21,Refis para escovas de dente elétricas
210376,21,Cofrinhos de moeda
210377,21,"Papa-bolinhas, elétricos ou não"
210378,21,Panos para polimento
210379,21,Cerdas de porco para fabricação de escovas
210380,21,Crina de cavalo para fabricação de escovas
210381,21,Pegadores de gelo
210382,21,Pegadores de salada
210383,21,Conchas para servir
210384,21,Pilões para uso na cozinha
210385,21,Almofarizes para uso na cozinha
210386,21,Colheres para sorvete
210387,21,Quebra-nozes
210388,21,Pinças para açúcar
210389,21,Cabos para vassouras
210390,21,Conchas para servir vinho
210391,21,Banheiras infláveis para bebês
210392,21,Suportes para banheiras portáteis de bebê
210393,21,Descansos para sachê de chá
210394,21,Decoradores e bicos para decorar e confeitar bolos
210395,21,Varais giratórios
210396,21,Sacos de malha para uso culinário
210397,21,Conta-gotas para uso cosmético
210398,21,Conta-gotas para uso doméstico
210399,21,"Cuscuzeiras, não elétricas"
210400,21,"Tagines [panela marroquina], não elétricas"
210401,21,Separadores de gema de ovo
210402,21,"Coberturas [vedadores] em silicone para alimentos, reutilizáveis"
210403,21,Luvas para escovação de animais
210404,21,Rodos [instrumentos de limpeza]
210405,21,Formas para ovo poché
210406,21,"Difusores de óleos aromáticos, exceto varetas difusoras, elétricos e não elétricos"
210407,21,Pratos para difusão de óleos aromáticos
210408,21,Máquinas manuais para fazer macarrão
210409,21,Lixeiras para descarte de fraldas
210410,21,Recipientes descartáveis em folha de alumínio para uso doméstico
210411,21,Tubos cilíndricos para descascar alho
210413,21,Vertedores para garrafa de vinho
210413,21,Bicos dosadores para garrafa de vinho
210414,21,Tigelas para alimentação de animais de estimação
210415,21,Tigelas automáticas para alimentação de animais de estimação
210416,21,"Aquecedores de velas, elétricos e não elétricos"
210417,21,Panos para lavar louça
210418,21,Luvas abrasivas para esfoliar a pele
210419,21,Forminhas para assar de papel
210420,21,Forminhas para assar de silicone
210421,21,Tigelas de sopa
210422,21,Repelentes de pragas ultrassônicos
210423,21,Irrigadores orais
210424,21,"Frascos inteligentes de remédios, vazios"
210425,21,Bandejas organizadoras [recipientes para pequenos objetos] para fins domésticos
210426,21,Espremedores em tubo para uso doméstico
210427,21,"Estatuetas de porcelana, cerâmica, louça de cerâmica, terracota ou vidro para bolos"
210428,21,Assadeiras
210429,21,"Moedores de carne, não elétricos"
210430,21,"Carimbos cosméticos, vazios"
210431,21,"Descansos, exceto de papel ou tecido, para copos de cerveja"
210432,21,Lixeiras com abertura e fechamento automáticos para fins domésticos
210433,21,Escova de cabelo com vibração de ondas sonoras
210434,21,Funis para torta
210435,21,Pinças de churrasco
210436,21,Garfos de servir
210437,21,Colheres de servir
210438,21,Garfos para churrasco
210439,21,Gaiolas para pegar insetos
210440,21,Caixas para colecionadores de insetos
210441,21,Aparelhos cosméticos para microdermoabrasão
210442,21,Capas para caixas de lenços
210443,21,Sacos para uso em culinária
210444,21,Palitos para doces congelados
210445,21,"Esferas para uso em lavanderia, vazias"
210446,21,Protetores de caneca
210448,21,Penicos portáteis descartáveis para adultos e crianças
210449,21,Raspadores
210450,21,"Taças para premiação, de porcelana, cerâmica, faiança, terracota ou vidro"
210451,21,"Vidro de alabastro, exceto para construção"
210452,21,Sabonete de aço inoxidável
210453,21,Penicos para crianças
210454,21,Bolas de secagem
210455,21,Escorredores de louças
210456,21,Pazinhas de lixo
210457,21,Rolos adesivos para limpeza
210458,21,Refil de folhas adesivas para rolos de limpeza
210459,21,"Escovas para limpeza facial, elétricas e não elétricas"
210460,21,Viseiras de proteção contra xampu
210461,21,Organizadores de comprimidos para uso pessoal
210462,21,Organizadores eletrônicos de comprimidos para uso pessoal Mochilas de hidratação para uso pessoal abrangendo um reservatório para líquidos e
210464,21,Linha para sobrancelhas
210465,21,Separadores de cílios
210466,21,Merendeiras [lancheiras] com isolamento térmico
210467,21,Colheres de geleia
210468,21,Anéis de cozimento [utensílios para cozinhar]
210469,21,Suportes para bolos
210470,21,Conchas para banheiro
210471,21,Varetas de agitação para água quente de banho
210472,21,Redes de pesca para aquários
210473,21,Tapetes de lamber para animais de estimação
210474,21,Castiçais*
210475,21,Colher para mel
210476,21,Suportes para toalha de papel
210477,21,Limpadores faciais elétricos
210478,21,Bolsas [almofadas] aquecedoras para preparar comidas e bebidas
210479,21,Raspadores de língua
210480,21,Tábuas para massa
210481,21,Pesos para toalhas de mesa
210482,21,Extratores de cravos para fins cosméticos
210482,21,Extratores de comedão para fins cosméticos
210483,21,Frascos para servir molho de soja
210484,21,Tapetes de proteção para fogão de indução
210484,21,Tapetes de proteção para cooktops de indução
210485,21,Recipientes de cultivo hidropônico para uso doméstico
210486,21,Lenços para óculos
210486,21,Panos para óculos
220001,22,Tela de tecido para tabiques de ventilação
220002,22,Oleados [tecidos]*
220003,22,Tiras para atar videiras
220004,22,Aparas de madeira para enchimento
220005,22,Palha de madeira
220006,22,Serragem de madeira
220007,22,Enchimentos [estofos]
220008,22,Seda crua
220009,22,Redes para camuflagem
220010,22,Fibras têxteis em bruto
220011,22,Redes de pesca comerciais
220012,22,Pêlos de camelo
220013,22,Fibras de cânhamo
220014,22,Estopa
220015,22,Correias de cânhamo
220016,22,Fios de resíduos de seda
220016,22,Resíduos de seda
220018,22,Fibra de coco
220019,22,Casulos
220020,22,Cordas não metálicas
220021,22,Cordas *
220022,22,Corda de chicote
220023,22,Escadas de corda
220025,22,Algodão cru
220026,22,Estopa de algodão
220027,22,Crina de cavalo*
220028,22,Penugem [plumas]
220029,22,Penugem de eider [plumas]
220030,22,"Materiais para estofamento, exceto de borracha, materiais plásticos, papel ou papelão"
220030,22,"Material para embalagem [enchimento, acolchoamento] exceto de borracha, matérias"
220031,22,"plásticas, papel ou papelão"
220032,22,Barbantes [cordel] para embalagem
220033,22,Lã para estofamento [acolchoamento]
220035,22,Barbantes [cordel]
220036,22,Enxárcias de embarcações
220037,22,Fibras de sílica vitrificada para uso têxtil
220038,22,Cordéis feitos de papel
220039,22,Cordéis para redes
220040,22,Flocos de seda
220041,22,Flocos de lã
220042,22,Fios para amarrar feixes
220043,22,Redes para dormir
220044,22,Ervas para estofamento
220045,22,Fitas de gelosias [lamelas de persianas]
220046,22,Juta
220047,22,Paina
220048,22,"Laços [redes, entrelaçamentos]"
220050,22,Lã crua ou tratada
220051,22,Lã cardada
220052,22,Lã penteada
220054,22,Líber
220055,22,"Linhol [fio grosso, untado em cerol]"
220056,22,Linho em bruto [fibra do linho]
220057,22,Plumas [penugem] para enchimento [artigos de cama]
220058,22,Toldos de matérias têxteis
220059,22,Velas de navios
220060,22,Fibras em rama para filtragem
220061,22,Fibras em rama para estofamento e enchimento
220062,22,Palha para estofamento
220064,22,Penas para estofamento [plumas]
220065,22,Pêlos de animais
220066,22,Fibras de rami
220067,22,Ráfia
220068,22,Sacos para transporte e armazenamento de mercadorias a granel
220069,22,"Sacos [invólucros, sacolas] de matéria têxtil, para embalar"
220070,22,Esparto [grama]
220071,22,Tendas*
220072,22,Lã [velo]
220073,22,Lã tosquiada
220074,22,Algas do mar [material de estofamento]
220075,22,"Capas para veículos, não adaptadas"
220076,22,Fibras têxteis
220077,22,Sisal
220078,22,Fitas não metálicas para embrulhar ou atar
220079,22,Fios não metálicos para atar ou embalar
220080,22,Embalagens de palha para garrafas
220080,22,Invólucros de palha para garrafas
220081,22,Braçadeiras não metálicas para sustentação de cargas
220082,22,Correias não metálicas para sustentação de cargas
220083,22,Lingas não metálicas para sustentação de cargas
220084,22,Cabos não metálicos
220085,22,Coberturas para camuflagem
220086,22,Cintas não metálicas para uso agrícola
220087,22,Fibras de carbono para uso têxtil
220088,22,Cordões para caixilhos de janelas de guilhotina
220089,22,Cordões para pendurar quadros
220090,22,Resíduos de algodão [estopa] para estofamentos
220091,22,Corda para embalagem
220092,22,Fibras plásticas para uso têxtil
220093,22,Fibras de vidro para uso têxtil
220094,22,Redes *
220101,22,Fibras curtas de algodão
220102,22,Toldos de material sintético
220103,22,Cordas para reboque de carros
220104,22,Sacos postais
220105,22,Velas para snowkite
220105,22,Velas para kite esqui
220106,22,Sacos em malha para lavagem de roupa
220107,22,Sacos mortuários
220108,22,Redes de cerco
220109,22,Tanques-rede para piscicultura
220110,22,Lonas [telas] para velas de embarcações
220111,22,"Persianas [toldos] para exteriores, de matéria têxtil"
220112,22,Amarrações não metálicas [amarrilhos]
220113,22,Redes utilizadas para a alimentação de animais
220114,22,Cerdas de porco*
220115,22,Lonas de proteção contra poeira
220116,22,Sacos de tecido especialmente adaptados para armazenamento de fraldas
220117,22,Sacos de bivaque como abrigos
220118,22,Sacos para roupa suja
220119,22,"Presilhas para fios, não metálicas"
220119,22,"Abraçadeiras para fios, não metálicas"
220120,22,Espuma de soja para enchimento e estofamento
220121,22,Rede de proteção contra pássaros e insetos
220122,22,Bolsas para acampamento
220123,22,Redes de proteção não metálicas para rochas
220124,22,Fibra de poliéster fiada para uso têxtil
220125,22,Ombrelone / guarda-sol de pátio
220126,22,Fibras de poliéster para estofamento
230001,23,Fios *
230001,23,Linhas *
230002,23,Fios de algodão
230003,23,Fios para bordado
230004,23,Fios de lã
230005,23,Fios de cânhamo
230006,23,Fios de fibra de coco
230007,23,Fios de seda
230008,23,Algodão fiado
230009,23,Fios para costura [linhas]
230010,23,Fiados [fio passado à fieira]
230011,23,Fios de juta
230012,23,Estambre [lã fiada]
230012,23,Lã fiada
230013,23,Fios de linho
230014,23,Fios de raiom
230015,23,Fios de cerzidura
230016,23,Seda fiada
230017,23,Fios de fibra de vidro para uso têxtil
230018,23,Fios de borracha para uso têxtil
230019,23,Fios elásticos para uso têxtil
230020,23,Fios de matérias plásticas para uso têxtil
230031,23,Passamanaria [fio]
230032,23,Fios de metal para bordados
240001,24,Tecidos adesivos para aplicação a quente
240002,24,Tecidos impermeáveis a gases para balões aeronáuticos
240003,24,Tecidos imitação de peles de animais
240004,24,Tecidos para mobiliário [estofamento]
240005,24,"Roupa de banho, exceto vestuário"
240006,24,Estandartes de tecido ou plástico
240007,24,Panos para bilhar
240008,24,Tecidos *
240009,24,Malha para peneiras
240010,24,Entretelas
240011,24,Brocados
240012,24,Materiais têxteis
240013,24,Panos *
240015,24,Lonas [telas] para tapeçaria ou para bordados
240016,24,Tela de treliça
240017,24,Tecidos de cânhamo
240018,24,Panos de cânhamo
240019,24,"Forros de chapéus, feitos de matéria têxtil"
240020,24,Forros de tecido para calçados
240021,24,Tecido para calçados
240022,24,"Caminhos de mesa, exceto de papel"
240023,24,Cheviotes [tecido]
240025,24,Oleados [toalhas de mesa]
240026,24,Veludo
240027,24,Feltro *
240028,24,Tecidos de algodão
240029,24,Cobertas de cama
240029,24,Colchas
240029,24,Colchas de cama
240030,24,Protetores de colchões
240031,24,Cotim [tecido leve de linho ou algodão]
240032,24,Cobertas de cama de papel
240033,24,"Toalhas de mesa, exceto de papel"
240034,24,Mantas de viagem
240035,24,Crepe [tecido]
240036,24,Crepom [tecido]
240037,24,Damasco [tecido]
240038,24,Tecidos para lingerie
240039,24,Forros [têxteis]
240040,24,Lençóis [têxteis]
240041,24,Sudário [tecido]
240042,24,Bandeiras de tecido ou plástico
240043,24,Estamenha de tecido ou plástico
240044,24,Droguete [estofo]
240045,24,Edredons
240046,24,Tecidos fiados elásticos
240047,24,Pateras em tecido para cortinas
240047,24,Prendedores em tecido para cortinas
240048,24,Tecido para vidro [toalha]
240049,24,Tecidos desenhados para bordado
240050,24,Flanela [tecido]
240052,24,Tecido de lã frisado
240053,24,Panos para queijo
240054,24,Fustão
240055,24,Luvas para banho
240056,24,Gaze [tecido]
240057,24,"Panos gomados, exceto para fins de papelaria"
240058,24,Tecido grosseiro
240059,24,Capas [soltas] para móveis
240060,24,Tecidos de seda para estampagem
240061,24,Chita [tecido]
240062,24,Jérsei [tecido]
240063,24,Tecidos de juta
240064,24,Tecidos de lã
240067,24,Tecidos de linho
240068,24,Roupa de cama
240069,24,Tecido adamascado de linho
240070,24,"Toalhas de mesa e guardanapos, exceto de papel"
240071,24,"Roupa de cama, mesa e banho"
240072,24,Toalhas têxteis
240073,24,Marabu [tecido]
240074,24,Capas para colchões
240075,24,Capas de plástico para móveis
240076,24,Guardanapos de mesa têxteis
240077,24,Molesquim [tecido]
240078,24,Lenços de bolso têxteis
240079,24,Mosquiteiros
240080,24,Fronhas de travesseiros
240081,24,Matérias plásticas [substitutas de tecidos]
240082,24,Reposteiros [cortinados de porta]
240083,24,Tecidos de rami
240084,24,Raiom
240085,24,Cortinas de matérias têxteis ou plásticas
240087,24,Toalhas de rosto de matérias têxteis
240088,24,Seda [tecidos]
240089,24,Tule
240090,24,Esparto [tecidos]
240091,24,Tafetá [tecidos]
240092,24,Toalhas têxteis
240093,24,Cortinas de tecidos transparentes
240094,24,Zefir [tecido]
240095,24,Calicô
240096,24,Descansos em tecido para copos ou garrafas
240097,24,Jogos americanos de tecidos
240098,24,Fazendas não tecidas [não urdidas]
240100,24,Lençóis [liner] para sacos de dormir
240101,24,Lenços de tecido para remover maquiagem
240102,24,Etiquetas de tecido
240103,24,Colgaduras em matérias têxteis
240103,24,Tapeçarias murais [colgadura] de matérias têxteis
240104,24,Tecidos de fibra de vidro para uso têxtil
240105,24,Materiais filtrantes de matérias têxteis
240106,24,"Blanquetas para impressão, de material têxtil"
240111,24,Tecido de seda ou lã aveludada
240112,24,Fronhas decorativas para travesseiros
240113,24,Jogos americanos de tecidos
240114,24,Cobertores de cama
240115,24,Capas para almofadas
240117,24,"Capas para móveis, de tecido"
240118,24,Cobertura de tecido para tampo de vaso sanitário
240119,24,Cortinas de chuveiro de tecido ou plástico
240120,24,Panos para troca de fraldas para bebês
240121,24,Cobertores para animais de estimação
240122,24,Sacos de dormir para bebês
240123,24,Bolsas de lã para envolver bebês
240124,24,Sacos de dormir
240125,24,Saias para cama
240126,24,Protetores de berço [roupa de cama]
240126,24,Protetores de moisés [roupa de cama]
240127,24,Musseline [tecido]
240128,24,Sacos de bivaque como capas para sacos de dormir
240129,24,Toalhas de piquenique
240130,24,Toalhas de chá
240130,24,Panos de prato
240131,24,Fustão
240132,24,Tecidos revestidos de cera reutilizáveis para embrulhar alimentos
240133,24,Descansos de tecido para copos de cerveja
240134,24,Etiquetas costuradas de tecido para roupas
240135,24,Etiquetas adesivas de tecido para bolsas
240136,24,Cobertores para ioga
240137,24,Toalhas para ioga
240138,24,Lençóis de couro
240139,24,Tecidos batik
240140,24,Tecidos de poliéster
240141,24,Tecidos de renda
250001,25,Antiderrapantes para calçados
250002,25,Vestuário para automobilistas
250003,25,Calçados*
250004,25,Sandálias de banho
250005,25,Chinelos de banho
250006,25,"Meias finas compridas, femininas*"
250007,25,"Meias finas compridas, femininas e absorventes de transpiração"
250008,25,Calcanheiras para meias
250009,25,Gorros
250010,25,Guarda-pós
250010,25,Macacões
250011,25,Boá [estola de plumas]
250012,25,Bonés
250013,25,Malhas [vestuário]
250014,25,Botas *
250015,25,Botas de cano médio
250016,25,Biqueiras para calçados
250017,25,Sudários axilares
250018,25,Suspensórios [vestuário]
250020,25,Colarinhos [vestuário]
250021,25,Cachecóis
250021,25,Cachenês
250022,25,Corpetes
250023,25,Cuecas samba-canção
250024,25,Solidéus [barrete]
250025,25,Corpetes de lingerie
250026,25,Roupa íntima
250027,25,Capuzes [vestuário]
250028,25,Armações de chapéus
250030,25,Palas de boné
250031,25,Cintos [vestuário]
250032,25,Xales
250033,25,Penhoares
250034,25,Pulôveres
250034,25,Suéteres
250035,25,Casulas sacerdotais [vestimenta]
250036,25,Meias*
250037,25,Suspensórios de meias
250038,25,Ligas
250039,25,Cintas liga
250040,25,Canos de botas
250041,25,Palmilhas
250042,25,Camisas*
250043,25,Peitilhos de camisas
250044,25,Camisas de manga curta
250045,25,Vestuário *
250046,25,Chapéus [chapelaria]
250048,25,Ferragens de metal para calçados
250049,25,Peles [vestuário]
250050,25,Colarinhos postiços
250051,25,Meias-calças
250054,25,Roupas íntimas absorventes de transpiração
250055,25,Espartilhos
250056,25,Ternos
250057,25,Vestuário confeccionado
250058,25,Culotes para bebês
250059,25,Orelheiras [vestuário]
250060,25,Gravatas
250061,25,Gáspeas para sapatos
250062,25,Perneiras
250063,25,Calças de montaria
250064,25,Calças compridas
250065,25,Vestuário para ciclistas
250066,25,Trajes
250067,25,Luvas [vestuário]
250068,25,Forros confeccionados [parte de vestuário]
250069,25,Lenços de pescoço*
250069,25,Echarpes
250070,25,Faixas [vestuário]
250071,25,Artigos de malha [vestuário]
250072,25,Palas para camisas
250073,25,Alpercatas
250074,25,Estolas de pele
250075,25,Chuteiras
250076,25,Cartolas
250077,25,Gabardines [vestuário]
250078,25,Coletes [roupa íntima]
250079,25,Cintas [roupa íntima]
250080,25,Galochas
250082,25,Coletes*
250083,25,Presilhas para perneiras
250084,25,Escapulários [vestuário]
250085,25,Sapatos para ginástica
250086,25,Casacos [capotes]
250087,25,Roupas impermeáveis
250088,25,Polainas
250089,25,Jérseis [vestuário]
250090,25,Saias
250092,25,Enxovais para recém-nascidos [vestuário]
250093,25,Librés
250094,25,Camisas desportivas
250095,25,Punhos de camisa
250096,25,Aventais [vestuário]
250097,25,Agasalhos para as mãos
250098,25,Manípulos [estolas]
250099,25,Luvas sem dedos
250100,25,Mitras [chapéus]
250101,25,Pantufas
250102,25,Pelerines
250103,25,Peliças
250104,25,Roupas de praia
250105,25,Sapatos de praia
250106,25,Bolsos para roupas
250108,25,Pijamas
250109,25,Vestidos
250110,25,Calçados de madeira
250111,25,Sandálias
250112,25,Cuecas
250114,25,Sutiãs
250115,25,Blazers [vestuário]
250115,25,Paletós
250116,25,Saltos para calçados
250117,25,Togas
250118,25,Viras para calçados
250119,25,Uniformes
250120,25,Dólmã [veste militar]
250121,25,Casacos [jaquetas]
250122,25,Vestuário de papel
250123,25,Véus [vestuário]
250124,25,Toucas de natação
250125,25,Calções de banho
250125,25,Calções de banho [sungas]
250126,25,Roupas de banho
250126,25,Trajes de banho
250127,25,Roupões de banho
250128,25,"Babadouros, exceto de papel"
250129,25,Solas para calçados
250130,25,Sapatos*
250131,25,Saltos de sapatos
250132,25,Sapatos para esportes*
250134,25,Travas para chuteiras de futebol
250141,25,Botas para esportes*
250142,25,Faixas para a cabeça [vestuário]
250143,25,Parcas
250144,25,Anáguas
250145,25,Botas de esqui
250146,25,Combinação [roupa íntima]
250147,25,Body [roupa íntima]
250148,25,Bandanas
250149,25,Roupa para ginástica
250150,25,Roupas de imitação de couro
250151,25,Roupas de couro
250152,25,Mantilhas
250153,25,Fantasias [roupas]
250154,25,Sáris
250155,25,Camisetas
250156,25,Turbantes
250157,25,Plastrom
250158,25,Toucas de banho
250159,25,Coletes para pesca
250160,25,Cintos porta-moedas [vestuário]
250161,25,Lenços de bolso
250162,25,Chapéus de papel [vestuário]
250163,25,Máscaras para dormir
250164,25,Saias-calças
250165,25,Ponchos
250166,25,Sarongues
250167,25,Luvas de esqui
250168,25,Leggings [calças]
250169,25,Jardineiras [vestuário]
250170,25,Viseiras [chapelaria]
250171,25,Calcinhas*
250172,25,Camisetas regata para a prática de esportes
250173,25,Valenki [botas de feltro]
250174,25,Túnicas para padres
250175,25,Botas de cano curto
250176,25,Meias absorventes de transpiração
250177,25,Capas de corte para cabeleireiros
250179,25,Uniformes para artes marciais
250180,25,Leotards [collants]
250181,25,Quimonos
250182,25,"Babadores, com manga, exceto de papel"
250183,25,Vestuário contendo substâncias emagrecedoras
250184,25,Vestuário bordado
250185,25,Protetores de salto para sapatos
250186,25,Artigos de chapelaria
250187,25,Mitenes [luvas sem dedos]
250188,25,Vestuário de látex
250189,25,Rash guards [camisa de compressão para prática esportiva]
250190,25,Vestuário com led
250191,25,Lenços de cabeça
250192,25,Sutiãs adesivos
250193,25,Perneiras curtas
250194,25,Luvas térmicas para dispositivos com tela de toque
250195,25,"Máscaras faciais [vestuário], exceto para fins médicos ou sanitários"
250196,25,Luvas de ciclismo
250197,25,Luvas para dirigir
250198,25,Roupas esportivas com sensores digitais
250199,25,Hanbok [vestido tradicional coreano]
250200,25,Vestuário autenticado por tokens não fungíveis NFTs]
250201,25,Protetores de mamilo enquanto roupa íntima
250202,25,Alças para sutiãs
250203,25,Roupas inteligentes
250204,25,"Uniformes médicos, exceto para salas de cirurgia"
250205,25,Luvas para montanhismo
250206,25,Roupas eletricamente aquecidas
250207,25,Meias aquecidas eletricamente
250208,25,"Agasalhos para os pés, aquecidos eletricamente ou não"
250209,25,Aventais de barba
250210,25,Luvas de ioga
260001,26,Fechos para sapatos
260002,26,Agulhas *
260003,26,Agulhas de sapateiro
260004,26,Agulhas de costura
260006,26,Agulhas para encadernar
260007,26,Agulhas para cerzir
260008,26,Agulhas de seleiro
260009,26,Agulhas para tricotar
260010,26,Fechos para vestuário
260011,26,Plumas de avestruz [acessórios de vestuário]
260012,26,Barbatanas para espartilhos
260012,26,Ossos de baleia para espartilhos
260013,26,Fitas para prender os cabelos
260014,26,Barbas postiças
260015,26,Presilhas para cabelos
260016,26,Enfeites de chapéus
260018,26,Debruns para vestuário
260019,26,Galões para debrum
260020,26,Bolas para cerzir
260021,26,Botões *
260022,26,Colchetes [vestuário]
260023,26,Faixas elásticas para segurar mangas [vestuário]
260024,26,Braçais
260026,26,Fivelas para alças
260026,26,Fivelas para suspensórios
260027,26,Broches [acessórios de vestuário]
260028,26,Artigos de fantasia [bordados]
260028,26,Bordados
260031,26,Fivelas para cintos
260033,26,Colchetes para sapatos
260034,26,Cadarços para sapatos
260035,26,Enfeites para sapatos
260036,26,Ilhoses para sapatos
260037,26,Chenille [passamanaria]
260038,26,Enfeites para os cabelos
260039,26,Grampos para ondular os cabelos
260040,26,Fivelas para os cabelos
260040,26,Prendedores para os cabelos
260041,26,Grampos para os cabelos
260042,26,Redes para os cabelos
260043,26,Cabelos postiços
260044,26,Tranças de cabelos
260045,26,Algarismos para marcar roupa
260046,26,Suportes de colarinho
260047,26,Cordões para vestuário
260048,26,Colchetes de blusas
260048,26,Colchetes de corpetes
260049,26,Caixas de costura
260050,26,Dedais para costurar
260051,26,Agulhas de crochê
260052,26,Colchetes [armarinho]
260053,26,Fechos ecler
260055,26,Almofadas de alfinete
260056,26,Bainhas postiças
260057,26,Festões [bordado]
260058,26,Navetas para confecção de redes de pesca
260059,26,Flores artificiais
260060,26,Franjas
260061,26,Fruta artificial
260063,26,Borlas [armarinho]
260064,26,Orlas para vestuário
260065,26,Grinaldas artificiais
260066,26,Babados [trabalhos de renda]
260067,26,Cordões de lã
260068,26,Enfeites de laço [passamanaria]
260068,26,Passamanaria
260069,26,Letras para marcar roupa
260070,26,"Artigos de armarinho [itens de costura], exceto linhas *"
260071,26,Lantejoulas de mica
260072,26,Bigodes postiços
260073,26,Ilhoses para vestuário
260074,26,Plumas de aves [acessórios de vestuário]
260076,26,Fitas [artigo de armarinho]
260077,26,Lantejoulas para vestuário
260078,26,Almofadas de agulha
260079,26,Perucas
260080,26,Espiguilha [renda]
260081,26,Remendos termocolantes para consertar artigos têxteis
260082,26,Plumas [acessórios de vestuário]
260083,26,Borlas [pompons]
260084,26,Babados de saia
260085,26,Rosetas [laço]
260086,26,Enfeites para vestuário
260087,26,Fechos ecler para bolsas
260088,26,Fivelas para sapatos
260089,26,Topetes [cabelo]
260090,26,Passa cordões [perucas]
260091,26,Estojos para agulha
260092,26,Caixas para agulhas de costura
260093,26,Bordados de prata
260094,26,Bordados de ouro
260095,26,Fitas elásticas
260096,26,Fitas para debruar
260097,26,Fivelas [acessórios de vestuário]
260098,26,Colchetes para espartilhos
260099,26,Coroas de flores artificiais
260100,26,"Alfinetes, exceto joias e bijuterias"
260101,26,"Emblemas para roupa, exceto de metal precioso"
260111,26,Adesivos termocolantes para ornamentação de artigos têxteis
260113,26,Emblemas ornamentais [botões]
260114,26,Arcos para o cabelo
260115,26,Toucas para tingir os cabelos
260116,26,Fechos aderentes
260117,26,Fitas de premiação
260118,26,Ombreiras para roupas
260119,26,Prendedores de calça para ciclistas
260120,26,Fitas para franzir cortinas
260121,26,Papelotes para cachear cabelo
260122,26,Ganchos para tapete
260123,26,"Contas, exceto para a fabricação de joias"
260123,26,"Miçangas, exceto para fabricação de joias"
260124,26,"Carretéis para fios para bordar ou de lã, exceto partes de máquinas"
260125,26,Apliques capilares
260126,26,Cabelo humano
260127,26,"Bigudis, elétricos e não elétricos, exceto instrumentos manuais"
260128,26,Apliques [artigos de armarinho]
260129,26,"Plantas artificiais, exceto árvores de natal"
260130,26,Kits de costura
260131,26,Alfinetes entomológicos
260132,26,Agulhas para bordar
260133,26,"Berloques, exceto para joias, bijuterias e chaveiros"
260133,26,"Enfeites [pingentes], exceto para joias, bijuterias e chaveiros"
260134,26,Enfia-agulhas
260136,26,Guirlandas artificiais luminosas
260137,26,Coroas de plantas artificiais
260138,26,Coroas de plantas artificiais luminosas
260139,26,Faixas para chapéu
260140,26,Fitas para cabelo
260141,26,"Fitas e laços, exceto de papel, para embrulho de presente"
260142,26,Laços [artigo de armarinho]
260143,26,"Alfinetes de chapéu, exceto joias e bijuterias"
260144,26,Fitas adesivas para sustentação dos seios
260145,26,Fitas adesivas dupla face para vestuário [fashion tape]
260146,26,Acessórios para lingerie [armarinho]
260147,26,Fivelas para bolsas
260148,26,Fechos para bolsas
260149,26,Arames para sutiãs
260150,26,Cordões para vestuário
260151,26,Berloques decorativos para telefones celulares
260152,26,Fechos para porta-moedas
260153,26,Conjuntos de tricô
260154,26,Extensores de sutiã
260155,26,Extensores de alças de sutiãs
260156,26,Broches [bóton com alfinete]
260157,26,Carretilhas de marcação para costura
260158,26,Almofadas removíveis para aumento dos seios usadas em sutiãs
260159,26,Lançadeiras para frivolitê [navetas para renda]
270001,27,Tapetes de banheiro
270002,27,Revestimento de assoalho
270003,27,Grama artificial
270004,27,Colchonetes [tapete] de academia
270004,27,Colchonetes [tapete] para ginástica
270006,27,Esteiras*
270007,27,Papel de parede
270008,27,Capachos
270009,27,Esteiras de junco
270010,27,Tapetes para automóveis
270011,27,Carpetes
270011,27,Tapetes *
270012,27,Tapetes antiderrapantes
270013,27,"Colgaduras, exceto de matéria têxtil"
270014,27,Revestimento de assoalho de linóleo
270015,27,Tela antiderrapante [usada sob o tapete]
270016,27,Revestimentos de vinil para assoalho
270017,27,Esteiras de corda entrelaçada para rampas de esqui
270018,27,Revestimento em tecido para paredes
270019,27,"Capachos, resistentes ao fogo, para lareiras e churrasqueiras"
270020,27,Tapetes para ioga
270021,27,Tatames
270022,27,Revestimentos têxteis para paredes
270023,27,Pavimento de linóleo [revestimento de assoalho]
270024,27,Tapetes de oração
270025,27,Tapetes de borracha
270026,27,Tapetes de assoalho para veículos
270027,27,Revestimentos de parede feitos de plantas artificiais
270028,27,Bolsas para tapetes de ioga
270029,27,Tapetes de meditação
280001,28,Câmaras de ar de bolas para jogos
280002,28,Iscas artificiais para pesca
280003,28,Espoletas para pistolas [brinquedos]
280004,28,Brinquedos para animais de estimação
280005,28,Jogos de argolas
280006,28,Árvores de natal de material sintético
280007,28,Arcos [arco e flecha]
280008,28,Material para arco e flecha
280009,28,Arestas de esquis
280010,28,Balanços
280011,28,Bolas para brincadeiras e jogos
280012,28,Balões de festa
280013,28,Tabelas de bilhar
280014,28,Cavalo de balanço
280015,28,Luvas para batedores [acessórios para jogos]
280016,28,Mamadeiras de bonecas
280017,28,Bicicletas fixas para exercício
280019,28,Bolas de bilhar
280020,28,Giz para tacos de bilhar
280021,28,Marcadores de bilhar
280022,28,Pinos de jogo de chinquilho [skittle]
280023,28,Bolas de gude para jogos
280024,28,Brinquedos*
280025,28,Blocos de armar [brinquedos]
280026,28,Trenó duplo
280027,28,Tubos de papel com conteúdo surpresa [artigos de festa]
280029,28,Suportes para velas para árvores de natal
280030,28,Bolas para jogar bocha
280031,28,Maquinaria e aparelhos para boliche
280032,28,Luvas de boxe
280033,28,Cordas de tripa para raquetes
280034,28,Tacos de golfe
280035,28,Varas de pescar
280036,28,Pipas [papagaios]
280037,28,Carretéis para pipas [papagaios]
280038,28,Alvos
280039,28,Sinos para árvores de natal
280040,28,Fichas para jogos
280041,28,Jogos de construção
280042,28,Cordas para raquetes
280043,28,Aparelhos para exercícios físicos
280044,28,Aparelhos para musculação
280044,28,Aparelhos para treino de força
280045,28,Brinquedinhos para festas
280046,28,Caneleiras para esportes
280047,28,Sacos de críquete
280048,28,Tacos de hóquei
280049,28,Jogo de damas
280050,28,Dados
280051,28,Extensores para exercícios
280051,28,Extensores peitorais para exercícios
280052,28,Discos para esportes
280054,28,Dominós
280055,28,Xadrez
280056,28,Tabuleiros de xadrez
280057,28,Tabuleiros de damas
280058,28,Pistolas de brinquedos
280059,28,Cilindros de bicicletas fixas para exercícios
280060,28,Passaguás [xalavar]
280061,28,"Sacos de golfe, com ou sem rodinhas"
280062,28,Brinquedos para pregar peças
280064,28,Redes para esportes
280065,28,Redes para tênis
280066,28,Fixadores de esquis [calços de segurança]
280067,28,Dardos
280069,28,Boias para pesca
280070,28,Mesas para futebol de salão
280072,28,Luvas para jogos
280074,28,Copos para jogos de dados
280075,28,Halteres
280076,28,Anzóis para peixe
280077,28,Chocalhos [brinquedos]
280078,28,Jogos de tabuleiro
280079,28,Jogos*
280080,28,Lançador de pombo de barro
280081,28,Raquetes
280081,28,Bastões para jogos [tacos]
280082,28,Chamarizes para caça ou pesca
280083,28,Apetrechos de pesca
280084,28,Linhas de pescar
280085,28,Camas de bonecas
280086,28,Casas de bonecas
280087,28,Fantoches
280087,28,Marionetes
280088,28,Bonecas
280089,28,Máscaras de teatro
280090,28,Máscaras de carnaval
280091,28,Miniaturas de veículos
280092,28,Carretéis para pesca
280093,28,Nadadeiras para natação
280094,28,Nassas [equipamento de pesca]
280095,28,Piscinas [brinquedos]
280096,28,Neve artificial para decoração
280097,28,Malhas [peça do jogo]
280098,28,Patins com rodas
280099,28,Patins para gelo
280100,28,Peles de foca [revestimentos de esquis]
280101,28,Pombos de barro [alvos]
280102,28,Pranchas de surfe
280103,28,Roupas de bonecas
280104,28,Quartos de bonecas
280105,28,Equipamentos de prestidigitadores
280106,28,Jogos de chinquilho [skittle]
280106,28,Jogos de malha [skittle]
280109,28,Revestimentos de esquis
280110,28,Esquis
280111,28,Mesas para tênis de mesa
280112,28,Piões [brinquedos]
280113,28,Trenós [artigos desportivos]
280114,28,Gamão
280115,28,Patinetes
280116,28,Petecas
280117,28,Pistolas de ar de brinquedo
280118,28,Espoletas [brinquedos]
280119,28,"Decorações para árvores de natal, exceto luzes, velas e confeitos"
280120,28,Suportes para árvores de natal
280121,28,Tacos de bilhar
280122,28,Pontas de taco de bilhar
280123,28,Mesas de bilhar
280124,28,Mesas de bilhar operadas por moedas
280126,28,Pranchas à vela
280127,28,Asas-delta
280128,28,Aparatos para jogos
280129,28,Aparelhos de ginástica
280130,28,Armas para esgrima
280131,28,Máscaras para esgrima
280132,28,Luvas para esgrima
280141,28,Luvas de beisebol
280142,28,Cintos de segurança para alpinistas
280143,28,Cotoveleiras para esportes
280144,28,Joelheiras para esportes
280145,28,Móbiles [brinquedos]
280146,28,Parapentes
280147,28,Almofadas de proteção [partes de vestimentas desportivas]
280148,28,Skates*
280149,28,Escorregas [equipamentos de playground]
280150,28,Trampolins [artigos desportivos]
280151,28,Ursos de pelúcia
280152,28,Esquis aquáticos
280153,28,Luvas de golfe
280154,28,Indicadores de mordida [material de pesca]
280155,28,Sensores de mordida [material de pesca]
280156,28,Jogos de mesa
280157,28,Carrossel de parque de diversões
280158,28,Discos volantes [brinquedos]
280159,28,Ferraduras com jogos
280160,28,Mah-jong
280161,28,Brinquedos de pelúcia
280162,28,Bolinhas de sabão [brinquedo]
280163,28,Veículos de brinquedos
280164,28,Bastões de balizas
280165,28,Redes para borboletas
280166,28,Bolsas especialmente concebidas para esquis
280167,28,Arreios para windsurfe
280168,28,Quebra-cabeça de armar
280169,28,Mastro para windsurfe
280170,28,Armas de paintball [artigos desportivos]
280171,28,Munição para armas de paintball [artigos desportivos]
280172,28,Trela [correia] para pranchas de surfe
280173,28,Lançador de bolas de tênis
280174,28,Blocos de partida para esportes
280175,28,Globos de neve
280176,28,Cintos de halterofilia [artigos desportivos]
280177,28,Prancha de body-board
280178,28,Cartões para bingo
280179,28,Instrumentos para recolocar tufos de grama [golfe]
280180,28,Apito chamariz
280181,28,Rodas de roleta
280182,28,Patins em linha
280183,28,Piñatas
280184,28,Sacos de pancada
280185,28,Veículos de brinquedo de controle remoto
280186,28,Resina utilizada por atletas
280187,28,Raquete para neve [calçado]
280188,28,Estilingue [atiradeira]
280189,28,"Máquinas de entretenimento automáticas, operadas por moedas"
280190,28,Caleidoscópio
280191,28,Cartas de baralho
280192,28,Confete
280193,28,Alvos eletrônicos
280194,28,Iscas odoríferas para caça e pesca
280195,28,Telas de camuflagem [artigos esportivos]
280196,28,Suportes atléticos [artigos esportivos]
280197,28,Snowboards [pranchas para surfar na neve]
280198,28,Kits de miniaturas para montar [brinquedos]
280199,28,Pachinko [jogo]
280201,28,Ascensores [equipamentos de montanhismo]
280202,28,Máquinas de jogo de azar
280203,28,Caça-níqueis [máquinas de jogo]
280204,28,Chapéus de festa em papel
280205,28,Pranchas de natação
280206,28,Fichas para jogos de azar
280207,28,Cartões de raspar de loteria instantânea
280208,28,Brinquedos com enchimento
280209,28,Cama elástica
280210,28,Varas para salto com vara
280211,28,Boias de braço
280212,28,Cintos de natação
280213,28,Coletes de natação
280214,28,Videogames
280215,28,Jogos portáteis com tela de cristal líquido
280216,28,Máquinas de videogame [fliperamas]
280217,28,Controles para consoles de jogos
280218,28,Miniaturas de brinquedos
280219,28,Bonecos
280220,28,Máquinas lançadoras de bolas
280221,28,Pesos [halteres]
280222,28,Máscaras [brinquedos]
280223,28,Matrioskas
280224,28,Controles para brinquedos
280225,28,Carrinhos para sacos de golfe
280226,28,Pranchas para stand up paddle
280227,28,Giroscópios e estabilizadores de voo para aeromodelos
280228,28,Controles [joystick] para videogames
280229,28,Filmes protetores adaptados para telas de jogos portáteis
280230,28,Drones [brinquedos]
280231,28,Robôs de brinquedo
280232,28,Agulhas de bombas de ar para encher bolas de jogos
280233,28,Bombas adaptadas especialmente para uso em bolas de jogo
280234,28,Baby gyms [tapetes de atividades para bebês]
280235,28,Naninhas para bebês
280236,28,Triciclos para crianças [brinquedo]
280237,28,Cosméticos de brinquedo
280238,28,Objetos infláveis para piscinas
280239,28,Fitas para ginástica rítmica
280240,28,Lança-confetes para festas
280241,28,Massa gelatinosa de brinquedo
280242,28,Massa para modelar de brinquedo [massinha]
280243,28,Jogos e brinquedos portáteis com funções de telecomunicação integradas
280244,28,Bumerangues
280245,28,Cartas colecionáveis para jogos
280246,28,Cintas modeladoras abdominais para exercícios
280247,28,Pés de pato para mergulho
280248,28,Luvas com membranas para natação
280248,28,Membranas para natação
280249,28,Jogos infláveis para piscinas
280250,28,Rollerskis
280251,28,Bastões para esqui
280252,28,Bastões para rollerski
280253,28,Ioga swing [balanço para ioga]
280254,28,Tendas de brinquedo
280255,28,Consoles de videogames
280256,28,Consoles portáteis de videogames
280257,28,Casinhas de criança para brincar
280258,28,Coquilhas de proteção para esportes
280259,28,Etiquetas para sacos de golfe
280260,28,Trenós para a prática de skeleton
280261,28,Bolsas especialmente concebidas para pranchas de surfe
280262,28,Brinquedos antiestresse
280263,28,Bolas de boliche
280264,28,Pesos para exercícios
280265,28,Pulseiras de brinquedo com bastão de brilho para festas
280266,28,Marcadores de cone para esportes
280267,28,Bate-palmas [brinquedo para fazer barulho]
280268,28,Bonecos de personagens
280269,28,Jogos de cartas colecionáveis
280270,28,Jogos de cartas
280271,28,Caixas de areia para parquinhos [playground]
280272,28,Aros para exercícios com sensores de medição
280273,28,"Cintos de exercícios abdominais adesivos, elétricos, para estimulação de músculos"
280274,28,Ventoinhas externas para consoles de jogos
280275,28,Bonecas com articulações esféricas [bjd]
280276,28,Trajes de estimulação elétrica muscular para esportes
280277,28,Fitas de aderência para raquetes
280278,28,Instrumentos musicais de brinquedo
280279,28,Fisgas de pesca
280280,28,Bicicletas de equilíbrio [brinquedos]
280281,28,Coletes de peso para fins de treinamento físico
280282,28,Teclados para jogos
280283,28,Mouses para jogos
280284,28,Protetores de abdômen para a prática de esportes
280285,28,Bilhetes de loteria impressos
280286,28,Almofadas de chute para artes marciais
280287,28,Jogos educativos*
280288,28,Brinquedos inteligentes
280289,28,Óculos divertidos [brinquedo]
280290,28,Bolas antiestresse
280291,28,Blocos de ioga
280292,28,Alças de ioga
280293,28,Rodas de ioga
280294,28,Mouses com trackballs para jogos
280295,28,"Figuras planas de brinquedo feitas em acrílico, com suporte"
290002,29,Extratos de algas para uso alimentar
290003,29,Gelatina
290005,29,Gorduras comestíveis
290006,29,"Anchovas, não vivas"
290007,29,Manteiga de amendoim
290008,29,Manteiga
290009,29,Manteiga de cacau para uso alimentar
290010,29,Manteiga de coco
290012,29,Clara de ovos
290013,29,Morcela [charcutaria]
290014,29,Caldo
290014,29,Consomê
290015,29,Preparações para fazer caldo
290016,29,Caviar
290017,29,Frutas em conserva
290018,29,Charcutaria
290019,29,Batatas em lâminas finas fritas
290019,29,Batatas fritas portuguesas
290020,29,Chucrute
290021,29,Coco seco
290022,29,Óleo de colza para uso alimentar
290022,29,Óleo de nabo silvestre comestível
290023,29,Caldos concentrados
290023,29,Consomês concentrados
290024,29,Compotas
290025,29,Frutas congeladas
290026,29,Sopas
290027,29,Uvas secas [passas]
290028,29,Pepinos em conserva
290029,29,Legumes e verduras em conserva
290030,29,Legumes e verduras cozidos
290031,29,Legumes e verduras secos
290032,29,Óleos para uso alimentar
290033,29,Nata [laticínios]
290034,29,Queijos
290035,29,Frutas cobertas com açúcar
290035,29,Frutas cristalizadas
290036,29,Croquetes
290037,29,"Crustáceos, não vivos"
290038,29,Tâmaras processadas
290039,29,Leite
290040,29,"Lagostins-do-rio, não vivos"
290041,29,Filé de peixe
290042,29,Coalho
290043,29,Frutas cozidas
290044,29,Pastas de geleia de fruta
290045,29,Polpas de frutas
290046,29,Carne
290047,29,"Pescado, não vivo"
290048,29,"Geleias para uso alimentar, exceto confeitos"
290049,29,Geleia de carne [aspic]
290050,29,Carne de caça
290051,29,Compotas de gengibre
290052,29,"Grãos de soja, em conserva, para uso alimentar"
290053,29,Matérias gordurosas para fabricação de gorduras comestíveis
290054,29,Pastas à base de gordura para fatias de pão
290055,29,"Arenques, não vivos"
290057,29,"Lagostas, não vivas"
290058,29,Óleo de milho para uso alimentar
290059,29,Óleo de noz de palma para uso alimentar
290060,29,Óleo de gergelim para uso alimentar
290061,29,"Ostras, não vivas"
290062,29,Ictiocola [cola de peixe] para uso alimentar
290063,29,Presunto
290064,29,Gema de ovos
290065,29,Iogurte
290066,29,"Preparações para sopas [frutas, legumes e verduras]"
290067,29,Caldos de vegetais para cozinha
290068,29,Extratos de carne para fins culinários
290070,29,Kefir
290070,29,Quefir
290071,29,Koumys
290072,29,Bebidas lácteas em que o leite predomina
290073,29,Soro de leite
290074,29,Laticínios
290075,29,"Lagostas espinhosas, não vivas"
290076,29,Bacon
290077,29,Lentilhas em conserva
290078,29,Margarina
290079,29,Geleias de frutas cítricas
290081,29,Tutano animal para uso alimentar
290082,29,"Mariscos, não vivos"
290083,29,"Mexilhões, não vivos"
290084,29,Óleo de palmeira para uso alimentar
290085,29,Frutos oleaginosos preparados
290086,29,Ovos *
290087,29,Ovos em pó
290088,29,Pastas de fígado
290088,29,Patê de fígado
290089,29,Cebolas em conserva
290090,29,Azeitonas em conserva
290091,29,Azeite de oliva para uso alimentar
290092,29,Óleo de ossos para alimentação
290093,29,Pectina para uso culinário
290095,29,Picles
290096,29,Ervilhas em conserva
290097,29,Salsichas
290098,29,Carnes salgadas
290099,29,Preparações para fazer sopa
290101,29,Purê de tomate
290102,29,Saladas de legumes
290103,29,Banha de porco
290104,29,Saladas de frutas
290106,29,"Sardinhas, não vivas"
290107,29,"Salmão, não vivo"
290108,29,Sebo para uso alimentar
290109,29,"Atum, não vivo"
290110,29,Suco de tomate para cozinha
290111,29,Óleo de girassol para uso alimentar
290112,29,Tripas
290113,29,Trufas em conserva
290114,29,Aves não vivas
290115,29,Cascas [raspas] de frutas
290116,29,Alginatos para uso culinário
290117,29,Amêndoas moídas
290118,29,Amendoins preparados
290120,29,Cogumelos em conserva
290121,29,Gordura de coco
290122,29,Oleo de coco para uso alimentar
290123,29,Feijões em conserva
290124,29,Fígado
290125,29,Alimentos à base de peixe
290131,29,Pedaços de fruta
290132,29,"Mariscos, não vivos"
290133,29,Frutas conservadas em álcool
290134,29,Pólen preparado para alimentação
290135,29,"Lagostins, não vivos"
290136,29,Peixe em conserva
290137,29,Carne em conserva
290138,29,"Camarões, não vivos"
290139,29,Ovos de caracol para consumo
290140,29,Tofu
290141,29,Creme batido
290142,29,Carne de porco
290143,29,Ninhos de pássaros comestíveis
290144,29,Peixe enlatado
290145,29,Farinha de peixe para consumo humano
290146,29,Frutas enlatadas
290147,29,Carne enlatada
290148,29,Bolinhos de batata
290149,29,Peixe em salmoura
290150,29,"Pepinos-do-mar, não vivos"
290151,29,Crisálidas do bicho-da-seda para consumo humano
290152,29,Legumes e verduras enlatados
290153,29,Salsichas empanadas
290154,29,Batata em flocos
290155,29,Purê de maçã
290156,29,Compotas de oxicoco
290157,29,Taíne
290158,29,Homus
290159,29,Nori em conserva
290160,29,Petiscos a base frutas
290161,29,Coalhada
290162,29,Kimchi
290163,29,Leite de soja
290164,29,Milk-shakes [bebidas à base de leite]
290165,29,Pimentão em conserva
290166,29,Sementes de girassol preparadas
290167,29,Mousses de peixe
290168,29,"Egg nog, não alcoólico"
290169,29,Mousses de vegetais
290170,29,Ovas de peixe preparadas
290171,29,Sementes preparadas*
290172,29,Aloe vera [babosa] para alimentação humana
290173,29,Alho em conserva
290174,29,Leite albuminoso
290175,29,Óleo de linhaça para uso alimentar
290176,29,Batatas em lâminas finas fritas com baixo teor de gordura
290176,29,Batatas fritas portuguesas com baixo teor de gordura
290177,29,Lecitina para uso culinário
290178,29,Fermentos láticos para uso culinário
290179,29,Compotas
290180,29,Leite condensado
290181,29,Smetana
290182,29,Leite fermentado e cozido no forno
290183,29,Leite coalhado
290184,29,Massa de tomate
290185,29,Pasta de abobrinha
290186,29,Pasta de berinjela
290187,29,Leite de amendoim para culinária
290188,29,Leite de amêndoas para fins culinários
290189,29,Leite de arroz
290190,29,Alcachofras em conserva
290191,29,Arranjos de frutas processadas
290192,29,Leite em pó*
290193,29,Yakitori [espeto de frango grelhado]
290194,29,Bulgogi
290195,29,Frutos oleaginosos caramelizados
290196,29,Frutos oleaginosos aromatizados
290197,29,Avelãs preparadas
290198,29,Frutas silvestres/frutas vermelhas em conserva
290199,29,Guacamole
290200,29,Anéis de cebola
290201,29,Falafel
290202,29,Suco de limão para fins culinários
290203,29,Carne liofilizada
290204,29,Leite de aveia
290205,29,Creme à base de vegetais
290206,29,Vegetais liofilizados
290207,29,Azeite de oliva extra virgem para uso alimentar
290209,29,"Larvas comestíveis de formiga, preparadas"
290210,29,"Insetos comestíveis, não vivos"
290211,29,Milho doce processado
290212,29,Pastas à base de frutos oleaginosos
290213,29,Dumplings [bolinho de massa] à base de batata
290214,29,Salsichas de cachorro-quente
290215,29,"Corn dogs [salsicha empanada, servida em um palito]"
290216,29,Óleo de soja para alimentação
290217,29,Substitutos do leite
290218,29,Leite de amêndoas
290219,29,Leite de amendoim
290220,29,Leite de coco
290221,29,Leite de coco para fins culinários
290222,29,Bebidas à base de leite de coco
290223,29,Leite de arroz para fins culinários
290224,29,Bebidas à base de leite de amêndoas
290225,29,Bebidas à base de leite de amendoim
290226,29,Invólucros naturais ou artificiais para fazer salsichas
290227,29,Bacalhau salgado e seco
290228,29,Bolinhos fritos de queijo cottage
290229,29,Pasta de frutas prensadas
290230,29,Casca de tofu
290231,29,Hambúrguer de soja
290232,29,Hambúrguer de tofu
290233,29,"Tagine [prato preparado de vegetais, peixe ou carne]"
290234,29,Tempeh
290235,29,Satay
290236,29,Legumes e verduras processados
290237,29,Frutas processadas
290238,29,Ratatouille
290239,29,Pato confitado
290240,29,Andouillettes
290241,29,Salsichas brancas
290242,29,Cassoulet
290243,29,Chucrute garnie
290244,29,Hash brown [bolinhos de batata picada ou ralada e frita]
290245,29,Omeletes
290246,29,Charuto de repolho recheado com carne
290247,29,"Concentrados à base de legumes e verduras, para cozinhar"
290248,29,Concentrados à base de frutas para cozinhar
290249,29,Pastas à base de legumes e verduras
290250,29,Ágar-ágar para fins culinários
290251,29,"Moluscos, não vivos"
290252,29,Quark [queijo]
290253,29,Queijo cottage
290254,29,Bebidas de ácido lático
290255,29,"Flores comestíveis, secas"
290256,29,Gengibre cristalizado
290257,29,Gengibre em conserva
290258,29,Gengibre marinado
290259,29,Sopa de frutas vermelhas
290260,29,Sobremesa cremosa britânica [fool] à base de frutas vermelhas
290261,29,Refeições preparadas à base de legumes ou verduras para crianças pequenas
290262,29,Agraço para fins culinários
290263,29,Petisco à base de carne
290264,29,Petisco à base de peixe
290265,29,Petisco à base de legumes e verduras
290266,29,Óleo de amêndoas para alimentos
290267,29,Substitutos de carne
290268,29,Imitação de carne à base de plantas
290269,29,Fruta cortada
290270,29,Legumes e verduras cortados
290271,29,Petisco à base de tofu
290272,29,Óleo vegetal para alimentos
290273,29,Petiscos à base de algas marinhas
290274,29,Algas marinhas preparadas
300002,30,Algas [condimentos]
300003,30,Massas alimentares
300004,30,Pasta de amêndoas
300006,30,Anis [grãos]
300007,30,Anis estrelado
300008,30,Confeitos para decoração de árvores de natal
300009,30,"Infusões, exceto infusões medicinais"
300010,30,Flavorizantes/aromatizantes para café
300011,30,Preparações aromáticas para uso alimentar
300012,30,Temperos
300013,30,Pão sem fermento
300014,30,Sal para conservar alimentos
300015,30,Bolachas
300016,30,Biscoitos*
300017,30,Biscoitos de malte
300019,30,Doces com hortelã-pimenta
300020,30,Balas
300022,30,Waffles
300023,30,Brioches
300024,30,Cacau
300026,30,Café
300027,30,Grãos de café não torrados
300028,30,Preparações vegetais para uso como substitutos de café
300029,30,Bolos
300030,30,Canela [especiaria]
300031,30,Alcaparras
300032,30,Caramelos [balas]
300033,30,Caril (curry) [especiaria]
300034,30,Preparações feitas com cereais
300035,30,Gomas de mascar
300036,30,Chicória [sucedâneo de café]
300037,30,Chá*
300038,30,Chocolate
300039,30,Maçapão
300040,30,Cravos-da-índia [especiaria]
300041,30,Condimentos
300042,30,Confeitos
300042,30,Doces [confeitos]
300043,30,Flocos de milho
300044,30,Pipoca
300045,30,Preparações para engrossar creme batido
300046,30,Sorvetes
300047,30,Panquecas
300048,30,Essências para alimentos
300049,30,Sal de cozinha
300050,30,Agentes para engrossar alimentos em cozimento
300051,30,Açafrão-da-terra*
300053,30,Adoçantes naturais
300054,30,Especiarias
300055,30,Bolo ou pão de gengibre
300056,30,Pimenta-da-jamaica [tempero]
300057,30,Farinhas*
300058,30,Farinha de feijão
300059,30,Farinha de milho
300060,30,Farinha de mostarda
300061,30,Farinha de cevada
300062,30,Farinha de soja
300063,30,Farinha de trigo
300065,30,Amido para uso alimentar
300066,30,Fermentos para massas
300067,30,Fondants [confeitos]
300068,30,Petits fours [pequenos doces ou salgados farináceos e assados]
300069,30,Açúcar *
300070,30,Flavorizantes/aromatizantes para bolos
300071,30,Pó para bolo
300072,30,Massa para bolo
300073,30,Gengibre moído
300074,30,Agentes para engrossar sorvetes
300075,30,Gelo natural ou artificial
300076,30,Gelo [água congelada]
300077,30,Glicose para fins culinários
300078,30,Glúten preparado para fins alimentares
300080,30,Sêmola para alimentação humana
300081,30,Vinagre
300082,30,Ketchup [molho]
300083,30,Bebidas de cacau com leite
300084,30,Bebidas de café com leite
300085,30,Bebidas de chocolate com leite
300086,30,Fermento [lêvedo]
300087,30,Levedura *
300088,30,Materiais para engrossar salsichas
300089,30,Macarons [bolinhos de massapão]
300090,30,Macarrão
300091,30,Milho moído
300092,30,Milho torrado
300093,30,Pão *
300094,30,Maltose
300095,30,Melaço para uso alimentar
300096,30,Xarope de melaço
300097,30,Menta para confeitos
300098,30,Mel
300100,30,Cevada descascada
300101,30,Mostarda
300102,30,Noz-moscada [condimento]
300103,30,Noodles
300104,30,Pastelões [torta]
300105,30,Cevada moída
300106,30,Sanduíches
300107,30,Pastilhas [confeitos]
300108,30,Produtos de confeitaria [pâtisserie]
300109,30,Biscoitos amanteigados
300110,30,Pãezinhos
300111,30,Pimentão [temperos]
300112,30,Pizzas
300113,30,Pimenta
300114,30,Farinha de batata*
300115,30,Pudins
300116,30,Amêndoas torradas
300117,30,Ravióli
300118,30,Alcaçuz [confeito]
300119,30,Arroz*
300120,30,Açafrão [temperos]
300121,30,Sagu
300122,30,Molhos [condimentos]
300123,30,Sal de aipo
300124,30,Semolina
300125,30,Sorbets
300126,30,Espaguete
300127,30,Tapioca
300128,30,Farinha de tapioca*
300129,30,Tortas [tarte]
300130,30,Flavorizantes/aromatizantes de baunilha para fins culinários
300132,30,Aletrias
300133,30,Tortas de carne
300134,30,Pâtes en croûte
300135,30,Amaciantes de carne para fins culinários
300136,30,Gelados comestíveis
300137,30,Pós para preparar gelados comestíveis
300138,30,Confeitos de amêndoas
300139,30,Confeitos de amendoins
300140,30,Flavorizantes/aromatizantes para alimentos
300141,30,Flavorizantes/aromatizantes para bebidas
300142,30,Aveia moída
300143,30,Aveia descascada
300144,30,Alimentos à base de aveia
300145,30,Flocos de aveia
300146,30,Farinha de aveia
300147,30,Tiras de alcaçuz [confeito]
300148,30,Vinagre de cerveja
300149,30,Bebidas à base de café
300150,30,Bebidas à base de cacau
300151,30,Bebidas à base de chocolate
300152,30,Sucedâneos de café
300153,30,Açúcar-cande*
300161,30,Flocos de cereais secos
300162,30,Picles mistos [condimento]
300163,30,Cuscuz
300164,30,Extrato de malte para uso alimentar
300165,30,Malte para consumo humano
300166,30,Própole*
300166,30,Própolis*
300167,30,Tempero de picles [condimento]
300168,30,Geleia real
300169,30,Água do mar para cozinhar
300170,30,Sushi
300171,30,Molho de tomate
300172,30,Maionese
300174,30,Biscoitos de água e sal
300175,30,Creme [culinária]
300176,30,Geleias de frutas [confeitos]
300177,30,Muesli
300178,30,Tortas de arroz
300179,30,Molho de soja
300181,30,Frozen yogurt [sorvete à base de iogurte]
300181,30,Iogurte congelado [sorvete à base de iogurte]
300182,30,Chutney [condimento]
300183,30,Rolinhos primavera
300184,30,Tacos
300185,30,Tortillas
300186,30,Chá gelado [bebidas à base de chá]
300187,30,Bebidas à base de chá
300188,30,Molho para salada
300189,30,Farinha de rosca
300190,30,Tabule
300191,30,Halva
300192,30,Quiches
300193,30,Molhos à base de carne
300194,30,Missô [condimento]
300195,30,Petiscos à base de cereais
300196,30,Petiscos à base de arroz
300197,30,Canjica [papa de milho branco]
300198,30,Farinha de canjica
300199,30,Fermento em pó
300200,30,Bicarbonato de sódio para fins culinários
300201,30,Ervas comestíveis conservadas [temperos]
300202,30,Refeições à base de noodles
300203,30,Cobertura de bolo [glacê]
300204,30,Mousses de chocolate
300205,30,Confeitos sob a forma de mousse
300206,30,Coulis de frutas [molhos]
300207,30,Marinados
300208,30,Cheeseburgers [sanduíches]
300209,30,Pesto
300210,30,Produtos para dourar carnes [ham glaze]
300212,30,Sementes de linhaça para fins culinários [condimento].
300213,30,Germen de trigo para alimentação humana
300214,30,Barras de cereais hiperproteicas
300215,30,Creme de tártaro para uso culinário
300216,30,Aditivos de glúten para uso culinário
300217,30,Molhos para massas alimentares
300218,30,Barras de cereais
300219,30,Palm sugar
300220,30,Massa de farinha
300221,30,Flores ou folhas para uso como substitutos do chá
300222,30,Massa folhada
300224,30,Pelmeni
300225,30,"Decorações, feitas de chocolate, para bolos"
300226,30,"Decorações, à base de confeitos, para bolos"
300227,30,Frutos oleaginosos cobertos com chocolate
300228,30,Arroz-doce
300229,30,Farinha de nozes
300230,30,Alho moído [condimento]
300231,30,Baozi
300232,30,Polpa de arroz para fins culinários
300233,30,Jiaozi
300234,30,Ramen
300235,30,Panquecas salgadas
300236,30,Misturas para massa de panquecas salgadas
300237,30,Burritos
300238,30,Arroz cozido enrolado em folha de alga marinha
300239,30,Papel comestível
300240,30,Papel comestível de arroz
300241,30,Pastas à base de chocolate
300242,30,Pastas de chocolate contendo frutos oleaginosos
300243,30,Dumplings [bolinho de massa] à base de farinha de trigo
300244,30,Xarope de agave [adoçante natural]
300245,30,Glacê espelhado [mirror glaze]
300246,30,Pratos liofilizados com arroz como ingrediente principal
300247,30,Pratos liofilizados com massa como ingrediente principal
300248,30,Bebidas à base de camomila
300249,30,Doce de leite
300250,30,Bibimbap [arroz misturado com vegetais e carne]
300251,30,Oniguiri
300252,30,Arroz instantâneo
300253,30,Cachorro-quente
300254,30,Cubos de gelo
300255,30,Sementes processadas para uso como tempero
300256,30,Sementes de gergelim [temperos]
300257,30,Piccalilli [condimento à base de picles de legumes cortados em pequenos pedaços]
300258,30,Quinoa processada
300259,30,Bulgur (triguilho)
300260,30,Trigo sarraceno processado
300261,30,Farinha de trigo sarraceno
300262,30,Molho de oxicoco [condimento]
300263,30,Molho de maçã [condimento]
300264,30,Croûtons [pedacinhos de pão fritos ou assados]
300265,30,Pão achatado à base de batata
300267,30,Confeitaria à base de frutas
300268,30,Biscoitos de arroz
300269,30,Panquecas kimchi
300270,30,Raspadinhas de gelo com feijões vermelhos adocicados
300271,30,Balas para refrescar hálito
300272,30,Gomas de mascar para refrescar hálito
300273,30,Macarrão udon
300274,30,Macarrão soba
300275,30,Pão sem glúten
300276,30,Tamarindo [condimento]
300277,30,Laksa
300278,30,Profiteroles
300279,30,Croissants
300280,30,"Pains au chocolat [massa folheada assada, com chocolate]"
300281,30,Chá de algas kelp
300282,30,Crème brûlée [sobremesa]
300283,30,Misturas para massa
300284,30,Biscoitos de papel comestível
300285,30,Cocadas sírias
300286,30,"Cápsulas de café, cheias"
300287,30,Água de flor de laranjeira para uso alimentar
300288,30,Picolés
300289,30,Torrone
300290,30,Harissa [condimento]
300291,30,Pasta de gengibre [tempero]
300292,30,"Bebidas de chá, com leite"
300293,30,Batatas fritas com cobertura de chocolate
300294,30,Chás de ervas*
300295,30,Substitutos de chá
300296,30,Chocolate com licor
300297,30,Substitutos de cacau
300298,30,Levedura para fazer cerveja
300299,30,Chá de kombucha
300300,30,Pastelaria dinamarquesa [iguarias]
300301,30,Nhoque
300302,30,Cristais de geleia flavorizados para fazer confeitos de geleia
300303,30,Suco de limão cristalizado [tempero]
300304,30,Sementes de abóbora processadas [temperos]
300305,30,Sementes de cânhamo processadas [temperos]
300306,30,Espelta processada
300307,30,Refeições preparadas à base de macarrão [noodles] para crianças pequenas
300308,30,Espelta pequena processada
300309,30,Pudins de leite
300310,30,Nibs de cacau
300311,30,Doenjang [condimento]
300312,30,Gochujang [pasta de pimenta coreana]
300313,30,Kimbap [rolinho coreano à base de arroz]
300314,30,Favos de mel comestíveis
300315,30,Adoçantes artificiais para fins culinários
300316,30,Sacarina para fins culinários
300317,30,Aspartame para fins culinários
300318,30,Cera de abelha comestível
300319,30,Substitutos de açúcar para fins culinários
300320,30,Grãos de café torrados
300321,30,Biscoitos recheados
300322,30,Ouro comestível para decorar alimentos e bebidas
300323,30,Pasta de açúcar para confeitaria
300324,30,Cardamomo [especiaria]
300325,30,Sumagre [especiaria]
300326,30,Farinha de fava
300327,30,Água floral para fins culinários
300328,30,Molho holandês
300329,30,Creme de manteiga/buttercream [cobertura]
310002,31,Frutas cítricas frescas
310003,31,"Algas para consumo humano ou animal, não processadas"
310004,31,Frutos oleaginosos não processados
310005,31,Animais de cativeiro para exibição
310006,31,Animais vivos
310007,31,Alimentos para animais
310008,31,Árvores
310009,31,Árvores de natal*
310010,31,Troncos de árvores
310011,31,Arbustos
310011,31,Moitas
310012,31,Aveia*
310013,31,Frutas silvestres/frutas vermelhas frescas
310014,31,Sal para gado
310015,31,Beterraba fresca
310016,31,Farelo
310017,31,Madeira bruta não serrada
310018,31,Aparas de madeira para fabricação de pasta de madeira
310019,31,Madeira bruta descascada
310020,31,"Grão de cacau, cru"
310021,31,Cana-de-açúcar
310022,31,Alfarroba crua
310023,31,Sementes de cereais não processadas
310024,31,Cogumelos frescos
310025,31,Micélio de cogumelos para propagação
310026,31,Torta para gado
310027,31,Castanhas frescas
310028,31,Cal para forragem animal
310029,31,Raízes de chicória
310030,31,Chicória fresca
310031,31,Biscoitos para cães
310032,31,Limões frescos
310033,31,Cascas de coco
310034,31,Cocos
310035,31,Alimentos para pássaros
310036,31,Torta de colza para gado
310037,31,Pepinos frescos
310038,31,Cones de lúpulo não processados
310039,31,Massa de farelos para consumo animal
310040,31,Copra
310041,31,Mariscos vivos
310042,31,Legumes e verduras frescos
310043,31,Abóboras frescas
310044,31,Guirlandas de flores naturais
310045,31,Ovos fertilizados para chocar
310046,31,Camada de palha em plantações
310048,31,Resíduos de destilaria para consumo animal
310049,31,Resíduo de cevada
310050,31,Animais de criação
310052,31,Preparações para engorda de animais
310052,31,Preparações para engorda de animais de criação
310053,31,Farinha de arroz para forragem
310054,31,Favas frescas
310055,31,Flores naturais
310056,31,Flores secas para decoração
310057,31,Pólen [matéria-prima]
310058,31,Feno
310059,31,Forragens fortificantes para animais
310060,31,Alimento para gado
310060,31,Forragem
310061,31,Trigo
310062,31,Frutas frescas
310063,31,Grama natural
310064,31,Bagas de zimbro
310065,31,Gérmen para uso botânico
310066,31,Grãos [cereais]
310067,31,Grãos para consumo animal
310068,31,Grãos [sementes]
310068,31,Sementes para plantio
310069,31,Sêmola para aves de criação
310070,31,Ervas comestíveis frescas [temperos]
310071,31,Plantas
310072,31,Mudas [plântulas]
310073,31,Lúpulo não processado
310074,31,Noz de cola
310075,31,Alface fresca
310076,31,Lentilhas frescas
310077,31,Leveduras para consumo animal
310078,31,Cortiça bruta
310079,31,Farinha de linhaça [forragem]
310080,31,Forração para espaços de animais
310081,31,Turfa de forração para espaços de animais
310082,31,Milho*
310083,31,Torta de milho para gado
310084,31,Malte para cervejaria e destilaria
310086,31,Bagaços
310086,31,Resíduos de frutas
310087,31,Avelãs frescas
310088,31,Farinha para animais
310089,31,Ovas de peixes
310090,31,Ovos de bicho-da-seda
310091,31,Bulbos de flores
310091,31,Bulbos de plantas
310092,31,Cebolas frescas
310093,31,Azeitonas frescas
310094,31,Laranjas frescas
310095,31,Cevada *
310096,31,Urtigas
310097,31,Ovos de siba [sépia] para aves
310098,31,Palha [caules de cereais]
310099,31,Palha [forragem]
310100,31,Palmas [folhas de palmeira]
310101,31,Palmeiras
310102,31,Papas para engorda de animais de criação
310103,31,Peixes vivos
310104,31,Videira [pés de vinha]
310105,31,Pinhas de pinheiro
310106,31,Pimentões [planta]
310107,31,Plantas secas para decoração
310108,31,Alho-poró fresco
310109,31,Ervilhas frescas
310110,31,Batatas frescas
310111,31,Preparações para postura de aves de criação
310112,31,Alimento para animais confinados
310114,31,Raízes para consumo animal
310115,31,Uvas frescas
310116,31,Ruibarbo fresco
310117,31,Roseiras
310118,31,Centeio
310119,31,Bichos-da-seda
310120,31,Gergelim comestível não processado
310121,31,Trufas frescas
310122,31,Resíduo de destilação
310123,31,Aves de criação vivas
310124,31,Algarobilho para consumo animal
310125,31,Amêndoas [frutas]
310126,31,Amendoins frescos
310127,31,Farinha de amendoim para animais
310128,31,Torta de amendoim para animais
310129,31,"Subprodutos do processamento de cereais, para consumo animal"
310131,31,Bagaços de cana-de-açúcar [matéria-prima]
310132,31,"Iscas para pesca, vivas"
310133,31,"Lagostins de água doce, vivos"
310134,31,Crustáceos vivos
310135,31,Lagostas vivas
310136,31,Mexilhões vivos
310137,31,Ostras vivas
310138,31,Alimentos para animais de estimação
310139,31,Cascas de árvore em bruto
310140,31,Lagostas espinhosas vivas
310141,31,Objetos comestíveis para mascar para animais
310142,31,Bebidas para animais de estimação
310143,31,Farinha de peixe para consumo animal
310144,31,Arroz não processado
310145,31,Pepinos-do-mar vivos
310146,31,Papel granulado [forração] para animais de estimação
310147,31,Areia higiênica aromática para animais de estimação
310148,31,Aloe vera [planta]
310149,31,Espinafre fresco
310150,31,Linhaça para consumo animal
310151,31,Farinha de linhaça para consumo animal
310152,31,Gérmen de trigo para consumo animal
310153,31,Alcachofras frescas
310154,31,Arenques vivos
310155,31,Salmão vivo
310156,31,Sardinhas vivas
310157,31,Atum vivo
310158,31,Alho fresco
310159,31,Abobrinhas frescas
310160,31,Linhaça comestível não processada
310161,31,Arranjos de frutas frescas
310162,31,Anchovas vivas
310163,31,"Insetos comestíveis, vivos"
310164,31,Espigas de milho não processadas [abertas ou fechadas]
310165,31,Quinoa não processada
310166,31,Trigo sarraceno não processado
310167,31,Carpas koi vivas
310168,31,Moluscos vivos
310169,31,Iscas de pesca liofilizadas
310170,31,"Flores comestíveis, frescas"
310171,31,Gengibre fresco
310172,31,Grãos de soja frescos
310173,31,Plantas de cannabis
310174,31,Cannabis não processada
310175,31,Feixes de ramos de bétula para sauna
310176,31,Sementes de abóbora não processadas
310177,31,Sementes de cânhamo não processadas
310178,31,Espelta não processada
310179,31,Gatária
310180,31,Espelta pequena não processada
310181,31,Areia para banheiros de animais de estimação
310182,31,"Fruto do café, não processado"
310183,31,Aparas de madeira para cama para animais
310184,31,Tâmaras frescas
310185,31,Abacates frescos
320001,32,Extratos de fruta não alcoólicos
320002,32,Cerveja
320003,32,Cerveja de gengibre
320004,32,Malte [cerveja]
320005,32,Cerveja não fermentada [mosto de cerveja]
320006,32,Bebidas não alcoólicas à base de fruta
320007,32,Bebidas à base de soro de leite
320008,32,Preparações para fazer bebidas não alcoólicas
320009,32,Essências não alcoólicas para fazer bebidas
320010,32,Suco de fruta
320010,32,Sucos de frutas
320011,32,Xaropes para bebidas
320012,32,Águas [bebidas]
320013,32,Produtos para fazer água gaseificada
320013,32,Produtos para fazer água gaseificada por adição de gás carbônico
320014,32,Água litinada
320015,32,Água mineral [bebida]
320017,32,Água de seltz
320018,32,Águas minerais engarrafadas
320019,32,Mosto
320020,32,Limonadas
320021,32,Extratos de lúpulo para fazer cerveja
320022,32,"Sucos de frutas, verduras e legumes [bebidas]"
320023,32,Xaropes para limonada
320025,32,Mosto de malte
320026,32,Mosto de uva não fermentado
320027,32,Orchata
320028,32,Água de soda
320029,32,Bebidas à base de sorvetes
320030,32,Suco de tomate [bebida]
320031,32,Bebidas não alcoólicas
320033,32,Pastilhas para bebidas efervescentes
320034,32,Pós para bebidas efervescentes
320035,32,Água gaseificada
320035,32,Água gaseificada por adição de gás carbônico
320041,32,Salsaparrilha [bebida não alcoólica]
320042,32,Aperitivos não alcoólicos
320043,32,Coquetéis não alcoólicos
320044,32,Néctares de frutas não alcoólicos
320045,32,Bebidas isotônicas
320047,32,Sidra não alcoólica
320048,32,Kvass
320049,32,Bebidas não alcoólicas à base de mel
320050,32,Smoothies [bebida à base de frutas e legumes]
320051,32,Bebidas não alcoólicas à base de aloe vera/babosa
320052,32,Coquetéis à base de cerveja
320053,32,"Bebidas à base de soja, exceto substitutas do leite"
320054,32,Bebidas para esportistas enriquecidas com proteínas
320055,32,"Bebidas à base de arroz, exceto substitutas do leite"
320056,32,Bebidas não alcoólicas com sabor de café
320057,32,Bebidas não alcoólicas com sabor de chá
320058,32,Refrigerantes
320059,32,Vinho de cevada [cerveja]
320060,32,Bebidas energéticas
320061,32,Bebidas de frutas secas não alcoólicas
320062,32,Shandy [cervejas misturadas com bebidas não alcoólicas]
320063,32,Misturas secas à base de amido para preparação de bebidas
320064,32,Coquetéis à base de cerveja não alcoólica
320065,32,Cerveja sem álcool
320066,32,Pós para fazer refrigerantes
320067,32,Lúpulo congelado para fabricação de cerveja
320068,32,Pellets de lúpulo para fabricação de cerveja
320069,32,Lúpulo seco para fazer cerveja
320070,32,Bebidas não alcoólicas à base de vinagre de frutas
320071,32,Cervejas de uva
330001,33,Licores de menta
330002,33,Extratos de fruta alcoólicos
330003,33,Bebidas amargas [licor]
330004,33,Anis [licor]
330005,33,Anisete [licor de anis]
330006,33,Aperitivos *
330007,33,Araca [áraque]
330007,33,Áraque [araca]
330008,33,Bebidas destiladas
330009,33,Sidra
330010,33,Coquetéis*
330011,33,Curaçau
330012,33,Digestivos [licores e destilados]
330013,33,Vinho
330014,33,Gim
330015,33,Licores
330016,33,Hidromel [mulso]
330016,33,Mulso [hidromel]
330017,33,Quirche [kirsch]
330018,33,Destiladas [bebidas alcoólicas] [espirituosas]
330019,33,Brandy
330020,33,Aguapé
330021,33,Mosto de pêra [vinho de pêra]
330022,33,Saquê
330023,33,Uísque
330024,33,Essências alcoólicas
330025,33,Extratos alcoólicos
330026,33,"Bebidas alcoólicas, exceto cerveja"
330031,33,Bebidas alcoólicas contendo frutas
330032,33,Aguardente de arroz
330033,33,Rum
330034,33,Vodca
330035,33,Bebidas alcóolicas prontas
330036,33,Bebidas alcoólicas à base de cana-de-açúcar
330037,33,Bebidas alcoólicas destiladas à base de grãos
330038,33,Bebidas à base de vinho
330039,33,Soju [bebida destilada coreana]
330040,33,Makkoli [vinho de arroz coreano]
330041,33,Água de seltz alcoólica
330042,33,"Bebidas alcoólicas de malte fermentadas, aromatizadas, exceto cervejas"
330043,33,Vinho de arroz
340001,34,Fósforos
340002,34,Boquilhas de âmbar amarelo para piteiras de cigarro e charuto
340003,34,Fumo
340004,34,Bolsas para tabaco [fumo]
340005,34,Piteiras para cigarro
340006,34,Filtros de cigarro
340007,34,Isqueiros para fumantes
340008,34,Recipientes de gás para isqueiros para charutos
340009,34,Cachimbos para tabaco
340010,34,Pacotes de papéis para cigarros
340011,34,Papel absorvente para cachimbos de tabaco
340012,34,Fumo para mascar
340013,34,Charutos
340014,34,Cortadores de charuto
340015,34,Charuteiras
340016,34,Cigarreiras
340017,34,Piteiras para charuto
340019,34,"Cigarros contendo sucedâneos de fumo, exceto para uso médico"
340020,34,Cigarros*
340021,34,Enrolador de cigarros
340022,34,Piteiras longas para cigarro
340023,34,Boquilhas para piteiras para cigarros
340024,34,Papel de cigarro
340025,34,Cigarrilhas
340026,34,Limpadores para cachimbos [cachimbos para tabaco]
340027,34,Pedras de isqueiro para fumantes
340028,34,Ervas para fumar *
340030,34,Suportes para cachimbo [cavaletes] [cachimbos para tabaco]
340031,34,Porta-fósforos
340032,34,Recipientes para fumo
340033,34,Rapé
340034,34,Caixas de rapé
340035,34,Caixas de fósforos
340036,34,Cinzeiros
340037,34,Escarradeira para usuários de tabaco
340038,34,Umidificadores [caixas para conservar tabaco suficientemente úmido]
340039,34,Cigarros eletrônicos
340040,34,Soluções líquidas para uso em cigarros eletrônicos
340041,34,Vaporizadores para fumantes
340042,34,Flavorizantes/aromatizantes para tabaco
340043,34,Flavorizantes/aromatizantes para uso em cigarros eletrônicos
340044,34,Pavios para isqueiros
340045,34,Narguilé
340046,34,Dispositivos para aquecimento de tabaco para fins de inalação
340047,34,"Sachês de nicotina como substituto do tabaco, exceto para fins medicinais"
350001,35,Auxílio em gestão de negócios
350002,35,Levantamentos de informações de negócios
350003,35,Serviços de afixação de mensagens publicitárias
350005,35,Serviços de agências de importação-exportação
350006,35,Serviços de agências de informação comercial
350007,35,Análise de custo
350008,35,Distribuição de material publicitário
350009,35,Serviços de fotocópias
350012,35,Serviços de agências de emprego
350015,35,Contabilidade
350015,35,Guarda-livro [contabilidade]
350016,35,Elaboração de extratos de contas
350017,35,Auditoria em negócios
350019,35,Consultoria em gestão de pessoal
350020,35,Consultoria em gestão de negócios
350022,35,Digitação
350023,35,Demonstração de produtos
350024,35,Publicidade por mala direta
350025,35,Assessoria em gestão comercial ou industrial
350027,35,Atualização de material publicitário
350028,35,Distribuição de amostras
350029,35,Especialistas em eficiência de negócios
350030,35,Leilões
350031,35,Estudos de marketing
350032,35,Avaliações de negócios
350033,35,Investigações [estudo] sobre negócios
350035,35,Aluguel de material publicitário
350036,35,Consultoria em organização de negócios
350038,35,Publicação de textos publicitários
350039,35,Propaganda
350039,35,Publicidade
350040,35,Comerciais de rádio
350041,35,Pesquisa em negócios
350042,35,Relações públicas
350043,35,Taquigrafia
350044,35,Comerciais de televisão
350045,35,Transcrição de comunicações [funções de escritório]
350046,35,Decoração de vitrines
350047,35,Serviços de agências de propaganda
350047,35,Serviços de agências de publicidade
350048,35,Serviços de assessoria em gestão de negócios
350049,35,Agências de modelos para publicidade ou promoção de vendas
350051,35,Pesquisa de marketing
350061,35,Gestão computadorizada de arquivos
350062,35,Consultoria profissional em negócios
350063,35,Previsões econômicas
350064,35,Organização de exposições para fins comerciais ou publicitários
350065,35,Provimento de informações de negócios
350066,35,Pesquisas de opinião
350067,35,Preparação de folha de pagamento
350068,35,Recrutamento de pessoal
350069,35,Serviços administrativos para realocação de empresas
350070,35,Aluguel de espaço publicitário
350071,35,Promoção de vendas para terceiros
350072,35,Serviços de secretariado
350073,35,Preparação de declarações de impostos
350074,35,Serviços de caixa postal de voz [secretária eletrônica]
350075,35,Processamento de texto
350076,35,Vendas de assinaturas de jornal para terceiros
350077,35,Publicidade por catálogos de vendas
350078,35,Gestão administrativa de hotéis
350079,35,Agenciamento de artistas
350080,35,Compilação de informação em bancos de dados de computador
350081,35,Sistematização de informações em bancos de dados de computador
350082,35,Organização de feiras comerciais
350083,35,Aluguel de máquinas fotocopiadoras
350084,35,Publicidade on-line em rede de computadores
350085,35,Serviços de compras para terceiros [compra de produtos e serviços para outras empresas]
350086,35,Busca de dados em arquivos de computador para terceiros
350087,35,Aluguel de tempo de publicidade em meios de comunicação
350088,35,Serviços de clipping
350089,35,Aluguel de máquinas de autosserviço Aluguel de máquinas automáticas de venda
350090,35,"Testes psicológicos, para seleção de pessoal"
350091,35,Comparação de preços
350092,35,Apresentação de produtos em meios de comunicação para fins de comércio varejista
350093,35,de informação comercial e de aconselhamento a consumidores para escolha de produtos e
350094,35,Venda de assinaturas de serviços de telecomunicações para terceiros
350095,35,Processamento administrativo de pedidos de compra
350096,35,Administração comercial do licenciamento de produtos e serviços de terceiros
350097,35,Terceirização [assistência empresarial]
350098,35,Faturamento
350099,35,Redação de textos publicitários
350100,35,Compilações de estatísticas
350101,35,Serviços de layout para fins publicitários
350102,35,Captação de patrocínio
350103,35,Organização de eventos de moda para fins promocionais
350104,35,Produção de filmes publicitários
350105,35,Administração de negócios de esportistas
350106,35,Marketing
350107,35,Serviços de telemarketing
350108,35,"supplies no varejo, de preparações sanitárias, farmacêuticas e veterinárias e de suprimentos médico"
350109,35,Aluguel de estande de vendas
350110,35,Provimento de informações sobre contatos comerciais e de negócios
350111,35,Otimização de ferramenta de busca para fins de promoção de vendas
350112,35,Otimização de tráfego de website
350113,35,Publicidade pay-per-click
350114,35,Serviços de intermediação comercial
350115,35,Gestão de negócios para provedores de serviços freelance
350116,35,Negociação e conclusão de transações comerciais para terceiros
350117,35,Atualização e manutenção de dados em bancos de dados de computadores
350118,35,Serviços de gestão de negócios para projetos de construção
350119,35,Provimento de informações de negócios através de um website
350120,35,Provimento de mercado on-line para compradores e vendedores de produtos e serviços [marketplace]
350121,35,Desenvolvimento de conceitos de campanha publicitária
350122,35,Gestão administrativa terceirizada para empresas
350123,35,Serviço de declaração de impostos
350124,35,Administração de negócios de programas de reembolso para terceiros
350125,35,Aluguel de cartazes/outdoors publicitários
350126,35,Elaboração de currículos para terceiros
350127,35,Indexação na web para fins comerciais ou publicitários
350128,35,Administração de programas de viajantes frequentes
350129,35,Serviços de marcação de compromissos [funções de escritório]
350130,35,Serviços de lembrete de compromissos [funções de escritório]
350131,35,Administração de programas de fidelidade de consumidores
350132,35,Redação de roteiros para fins publicitários
350133,35,Registro de dados e comunicação escritos
350134,35,Atualização e manutenção de informações em registros
350135,35,Compilação de índices de informações para fins comerciais ou publicitários
350136,35,de intermediação needing defunding negócios com a finalidade de unir investidores particulares em potencial a
350137,35,Produção de programas de telecompras
350138,35,Consultoria referente a estratégias de comunicação em relações públicas
350139,35,Consultoria referente a estratégias de comunicação em publicidade
350140,35,Negociação de contratos de negócios para terceiros
350141,35,Promoção de bens e serviços através de patrocínio de eventos esportivos
350142,35,Serviços de inteligência competitiva
350143,35,Serviços de inteligência de mercado
350144,35,Auditoria contábil e financeira
350145,35,"Comércio on-line, no varejo, de música digital baixável"
350146,35,"Comércio on-line, no varejo, de toques de telefone baixáveis"
350147,35,"Comércio on-line, no varejo, de filmes e músicas pré-gravados e para download"
350148,35,"no atacado, de preparações sanitárias, farmacêuticas e veterinárias e de suprimentos médic"
350149,35,Serviços de registro de listas de presentes
350150,35,Marketing direcionado
350151,35,Gestão interina de negócios
350152,35,Publicidade externa
350153,35,"Comércio, no varejo, de obras de artes fornecidas por galerias de arte"
350154,35,Assistência administrativa para responder a licitações
350154,35,Assistência administrativa para responder a solicitações de propostas [rfp] de prestação de serviços
350155,35,Marketing no âmbito de publicação de softwares
350156,35,Serviços de assessoria de imprensa
350157,35,Serviços de comunicação corporativa
350159,35,Serviços de lobby comercial
350160,35,Fornecimento de críticas feitas por usuários para fins comerciais ou publicitários
350161,35,Fornecimento de classificações feitas por usuários para fins comerciais ou publicitários
350161,35,Fornecimento de avaliações feitas por usuários para fins comerciais ou publicitários
350162,35,Serviços de central telefônica
350163,35,Comércio varejista de produtos de panificação
350164,35,Determinação de perfis [profiling] de consumidores para fins comerciais ou de marketing
350165,35,Serviços administrativos para encaminhamentos médicos
350166,35,Serviços de consultoria em negócios para transformações digitais
350167,35,clients de intermediação de negócios relacionados à associação de vários profissionais com clientes
350168,35,Serviços de recepção de visitantes [funções de escritório]
350169,35,Preparação de estudos de rentabilidade de negócios
350170,35,Provimento de informações da lista telefônica
350171,35,Venda de assinaturas de serviços de cobrança eletrônica de pedágios para terceiros
350172,35,Organização e realização de eventos comerciais
350173,35,Serviços de processamento de dados [funções de escritório]
350174,35,Aluguel de caixas registradoras
350175,35,Serviços de geração de leads [marketing]
350176,35,Gestão computadorizada de prontuários e arquivos médicos
350177,35,Serviços de pedidos on-line na área de retirada e entrega por restaurantes
350178,35,Serviços publicitários para criar a identidade da marca para terceiros
350179,35,Promoção de produtos por meio de influenciadores
350180,35,Marketing por influenciadores
350181,35,Prospecção de venda para terceiros
350182,35,Desenvolvimento de conceitos de marketing
350183,35,"Comércio on-line, no varejo, de vestuário virtual baixável"
350184,35,Desenvolvimento de estratégias de organização de negócios com relação a responsabilidade social co
350185,35,"Comércio tokensvarejista [NFTs] relacionado a arquivos de imagens digitais baixáveis, autenticados por tokens não f"
350186,35,Pesquisa de parceria comercial
350187,35,Marketing por meio da colocação de produtos para terceiros em ambientes virtuais
350188,35,tokens [NFTs]e vendedores de arquivos de imagens digitais baixá
350189,35,Desenvolvimento de pesquisas de mercado
350190,35,Registro da transferência de ações [funções de escritório]
350191,35,Gestão de custos de projetos de construção
350192,35,Organização de assinaturas de conteúdo multimídia para terceiros
360001,36,Seguro contra acidentes
360002,36,Empréstimos a prazo
360003,36,Serviços atuariais
360004,36,Locação de imóveis
360005,36,Corretagem *
360006,36,Serviços de agências de crédito
360007,36,Serviços de agências imobiliárias
360008,36,Corretagem imobiliária
360009,36,Serviços de agências de cobranças de dívidas
360010,36,Corretagem de seguros
360011,36,Serviços financeiros de agências alfandegárias
360012,36,Seguros
360013,36,Serviços bancários
360014,36,Avaliação imobiliária
360015,36,Captação de fundos para caridade
360016,36,Fundos mútuos
360017,36,Investimentos de capital [finanças]
360018,36,Fianças [garantias]
360019,36,Operações de câmbio
360020,36,Emissão de cheques de viagem
360021,36,Compensação financeira
360022,36,Serviços de depósito em cofres bancários
360023,36,Serviços de cobrança financeira
360024,36,Empréstimos [financiamento]
360025,36,Avaliação fiscal
360026,36,"Avaliação financeira [seguros, bancos, imóveis]"
360027,36,Factoring
360028,36,Serviços fiduciários
360029,36,Serviços de financiamento
360030,36,Administração financeira
360031,36,Serviços de penhor
360032,36,Administração de imóveis
360033,36,Administração predial
360034,36,Seguros contra incêndio
360035,36,Aluguel de apartamentos
360036,36,Locação de fazendas
360038,36,Seguros de saúde
360039,36,Seguros marítimos
360040,36,Operações bancárias de hipoteca
360041,36,Serviços bancários de poupança
360042,36,Financiamento de leasing
360043,36,Corretagem de valores
360044,36,Seguros de vida
360045,36,Serviços de agências imobiliárias de locação de apartamentos
360046,36,Análise financeira
360051,36,Avaliação de antigüidades
360052,36,Avaliação de arte
360053,36,Verificação de validade de cheque
360054,36,Consultoria financeira
360055,36,Consultoria em seguros
360056,36,Processamento de pagamento de cartão de crédito
360057,36,Processamento de pagamento de cartão de débito
360058,36,Transferência eletrônica de fundos
360059,36,Provimento de informações financeiras
360060,36,Provimento de informações sobre seguros
360061,36,Avaliação de jóias
360062,36,Avaliação numismática
360063,36,Serviços de cobrança de aluguel
360064,36,Avaliação filatélica
360065,36,Emissão de vouchers pré-pagos
360066,36,Depósitos de objetos de valor
360067,36,Cotações de bolsa de valores
360068,36,Emissão de cartões de crédito
360069,36,Aluguel de escritórios [imóveis]
360070,36,Fundos de pensão [aposentadoria]
360071,36,Patrocínio financeiro
360072,36,Serviços bancários de acesso remoto [internet banking]
360073,36,Serviços de liquidação financeira
360103,36,Orçamento [avaliação financeira]
360104,36,Intermediação de créditos de carbono
360105,36,Avaliação financeira de madeira em pé
360107,36,Avaliação financeira de lã
360108,36,Serviços de empréstimo com garantia de ações
360109,36,Serviços de fundos de previdência
360110,36,Serviços de corretagem de ações
360111,36,Serviços de notificação de débitos
360112,36,Captação de financiamento para projetos de construção
360113,36,Provimento de informações financeiras através de uma website
360114,36,Gestão financeira de pagamento de reembolsos para terceiros
360115,36,Fundos de investimentos
360116,36,Corretagem de ações e títulos
360117,36,de descontos a estabelecimentos de terceiros através do uso de cartão de associado
360118,36,Serviços de pagamento de fianças
360119,36,Aluguel de escritórios para co-working
360120,36,Avaliações financeiras para responder a licitações
360120,36,Avaliações financeiras para responder a solicitações de propostas [rfp] de prestação de serviços
360121,36,"Avaliação financeira de custos de desenvolvimento relacionados com as indústrias de óleo, gás e mine"
360122,36,Pesquisas financeiras
360123,36,Serviços imobiliários
360124,36,Transferência eletrônica de criptomoedas
360125,36,Avaliação financeira de ativos de propriedade intelectual
360126,36,Elaboração de cotações para fins de estimativa de custos
360127,36,Financiamento coletivo [crowdfunding]
360128,36,Serviços de pagamento por carteira eletrônica [e-wallet]
360129,36,Operações de câmbio de criptomoedas
360130,36,Transferência eletrônica de fundos provida por meio de tecnologia blockchain
360131,36,Emissão de cartões-presentes
360132,36,Serviços bancários móveis
360133,36,Administração de assuntos financeiros
360134,36,Assessoria financeira relacionada a impostos
360135,36,Corretagem de negócios
360136,36,Apoio financeiro
360137,36,Assessoria financeira
360138,36,Emissão de vales-presente pré-pagos
360139,36,Serviços bancários de acesso remoto [online banking] providos em ambientes virtuais
360140,36,Negociação financeira de criptomoeda
360141,36,Serviços de corretor de carros
360142,36,Serviços de administração de reivindicação de garantia
360143,36,Aluguel de pastagens
360144,36,Engenharia financeira
360145,36,Administração de planos de seguros
360146,36,Aluguel de terminais de pagamento
370001,37,Manutenção de mobiliário
370002,37,Manutenção de aparelhos fotográficos
370003,37,Instalação e reparo de aparelhos elétricos
370004,37,Instalação e reparo de elevadores
370005,37,Asfaltamento
370006,37,Manutenção e reparo de automóveis
370008,37,Manutenção e reparo de aeronaves
370009,37,Limpeza de interiores de edifícios
370010,37,Lavanderia
370011,37,Limpeza e reparo de caldeira
370012,37,Manutenção e reparo de queimadores
370013,37,Aluguel de buldôzeres
370014,37,"Instalação, manutenção e reparo de máquinas e equipamentos de escritório"
370015,37,Instalação e reparo de alarmes de incêndio
370016,37,Instalação e reparo de alarme antifurto
370017,37,Conserto de estofamento
370018,37,Manutenção e reparo de caixas-fortes
370020,37,Aluguel de equipamento de construção
370021,37,Construção naval
370022,37,Recondicionamento de roupas
370024,37,Instalação e reparo de equipamentos de aquecimento
370025,37,Conservação e conserto de sapatos
370026,37,Limpeza de chaminé
370027,37,Manutenção e reparo de cofre
370028,37,Instalação e reparo de aparelhos de ar condicionado
370029,37,Construção
370030,37,Construção subaquática
370031,37,Supervisão de trabalhos de construção civil
370032,37,Reparo [restauração] de roupas
370034,37,"Tratamento, limpeza e conserto de couro"
370035,37,Instalação de equipamentos de cozinha
370036,37,Demolição de edificações
370037,37,Tratamento antiferrugem
370038,37,Desinfecção
370040,37,Pintura ou reparo de letreiros
370041,37,Construção e reparos de armazém
370042,37,Impermeabilização de edificações
370044,37,Aluguel de escavadeiras
370045,37,Limpeza de janelas
370046,37,Reparo e manutenção de projetor de filmes
370047,37,Instalação e reparo de fornos
370048,37,"Conservação, limpeza e conserto de peles [de animais]"
370049,37,Lubrificação de veículos
370050,37,Limpeza de roupas
370051,37,Reparos de relógios
370052,37,Construção de fábricas
370053,37,Instalação e reparo de dispositivos de irrigação
370054,37,Serviços de isolamento para edificações
370055,37,Lavagem de veículos
370056,37,Lavagem de roupa
370057,37,Lavagem
370058,37,"Instalação, manutenção e reparo de máquinas"
370059,37,Serviços de alvenaria
370060,37,Restauração de mobiliário
370061,37,Construção de quebra-mar
370062,37,Prensagem para passar roupa
370063,37,Construção e manutenção de oleoduto
370064,37,Colocação de papel de parede
370065,37,Reparo de guarda-chuvas
370066,37,Reparo de guarda-sol de mão
370067,37,Estofamento de móveis
370068,37,"Pintura, de interior e de exterior"
370069,37,Abrasão com pedra pomes
370070,37,Serviços de reboco
370071,37,Serviços de encanamento
370072,37,Polimento de veículo
370073,37,Conserto de bomba
370074,37,Construção de portos
370077,37,Recauchutagem de pneus
370078,37,Instalação e reparo de equipamentos de refrigeração
370079,37,Passar roupa a ferro
370080,37,Reestanhagem
370081,37,Rebitagem
370082,37,Tratamento antioxidante para veículos
370083,37,Serviços de postos de gasolina [reabastecimento e manutenção de veículos]
370084,37,Instalação e reparo telefones
370085,37,Manutenção de veículos
370086,37,Envernizamento
370087,37,Limpeza de veículo
370089,37,Serviço de reparo de panes em veículos
370090,37,Aluguel de equipamentos de limpeza
370093,37,Montagem de andaimes
370101,37,Assentamento de tijolos
370102,37,Lavagem de fraldas
370103,37,Lavagem a seco
370104,37,Provimento de informações sobre construção
370105,37,Provimento de informações sobre reparos
370106,37,Afiação de faca
370107,37,Extração mineral
370108,37,Extração de pedras [pedreira]
370109,37,Pavimentação de rua
370110,37,Lixamento [areamento]
370111,37,Reparos subaquáticos
370112,37,Limpeza de fachada de edificações
370113,37,Vulcanização de pneus [reparo]
370114,37,Perfuração de poços
370115,37,Montagem de estandes de feira de exposições e lojas
370116,37,"Instalação, manutenção e reparo de computadores"
370117,37,Supressão de interferência em aparelhos elétricos
370118,37,Recondicionamento de motores desgastados ou parcialmente destruídos
370119,37,Recondicionamento de máquinas desgastadas ou parcialmente destruídas
370120,37,Aluguel de guindaste
370121,37,Aluguel de máquinas para varrer ruas
370122,37,Serviços de cobertura de telhado
370123,37,Serviços de fabricação de neve artificial
370124,37,Limpeza de rua
370125,37,Reparo de fechaduras de segurança
370126,37,Restauração de obras de arte
370127,37,Restauração de instrumentos musicais
370128,37,Instalação de portas e janelas
370129,37,Manutenção de piscinas
370130,37,Recarga de cartuchos de toner
370131,37,Consultoria na área de construção civil
370132,37,Serviços de carpintaria
370133,37,Perfuração de poços profundos de petróleo ou de gás.
370134,37,Aluguel de bombas de drenagem
370135,37,Aluguel de máquinas de lavar roupas
370136,37,Reparo de linhas de transmissão de energia
370137,37,Carregamento de baterias de veículos
370138,37,Balanceamento de pneus
370139,37,Afinação de instrumentos musicais
370140,37,Instalação de cabos
370141,37,Esterilização de instrumentos médicos
370142,37,Serviços de fraturamento hidráulico [fracking]
370144,37,Aluguel de máquinas de lavar louças
370144,37,Aluguel de lava-louças
370145,37,Aluguel de máquinas de secar louças
370146,37,Instalação de serviços básicos de infraestrutura em locais de construção
370147,37,Serviços de eletricistas
370148,37,Instalação e reparo de equipamentos de proteção contra inundações
370149,37,Remoção de neve
370150,37,Serviços de recarga de cartuchos a jato de tinta
370151,37,Recarga de veículos elétricos
370152,37,Serviços domésticos [serviços de limpeza]
370153,37,Serviços de recarga de bateria para telefones celulares
370154,37,Adaptação de carrocerias para automóveis
370155,37,"Instalação personalizada de peças de veículos externas, internas e mecânicas [adaptação]"
370156,37,"Escavação de ruínas, exceto para fins arqueológicos"
370157,37,Manutenção de elevadores através de sistemas de monitoramento remoto
370158,37,Colocação de grama artificial
370159,37,Intervenção paisagística por meio da instalação de elementos rígidos ou inanimados [hardscaping]
370160,37,Aluguel de carregadores portáteis
370161,37,Serviços de montagem relacionados à instalação de móveis
370162,37,Serviços de marcenaria [reparo de trabalhos em madeira]
370163,37,Desodorização de estofamento
370164,37,Irradiação de instrumentos médicos
370165,37,Aluguel de carregadores de bateria
370166,37,Higienização de estofamento
370167,37,"Desinfecção de instrumentos cirúrgicos Consultoria de tecnologia da informação relacionada a instalação, manutenção e reparo 37 de hardware de computadores"
370169,37,Aluguel de esterilizadores para instrumentos médicos
370170,37,Reabastecimento de cilindros de gás usados para fazer bebidas gaseificadas
370171,37,Serviços de reparo de joias e bijuterias
370172,37,Restauração de fotografias impressas
370173,37,Montagem de casas pré-fabricadas
370174,37,Serviços de reabastecimento de gás natural para veículos motorizados
370175,37,Limpeza de joias e bijuterias
370176,37,Reserva de estações de carga para veículos elétricos
370177,37,"Fumigação para controle de pragas, exceto para agricultura, horticultura e silvicultura"
370178,37,Reparo de aparelhos ortodônticos
370179,37,Serviços de troca de baterias de veículos elétricos
370180,37,Reparo e manutenção de óculos
370181,37,Limpeza de superfícies para remediação de mofo
370182,37,Aluguel de máquinas de distribuição de combustível
370183,37,Reparo de ombrelone / guarda-sol de pátio
380003,38,Radiodifusão
380004,38,Transmissão de mensagem
380005,38,Teledifusão
380006,38,Transmissão de telegramas
380007,38,Serviços de telegrafia
380008,38,Comunicações por telegramas
380009,38,Serviços de telefonia
380010,38,Comunicações por telefone
380011,38,Serviços de telex
380012,38,Serviços de agências de notícias
380021,38,Teledifusão por cabo
380022,38,Serviços de comunicação por telefone celular
380023,38,Comunicação por terminais de computador
380024,38,Transmissão de mensagens e de imagens por meio de computador
380025,38,Transmissão de correio eletrônico
380026,38,Transmissão por fac-símile [fax]
380027,38,Provimento de informações sobre telecomunicações
380028,38,"Serviços de telechamadas [rádio, telefone ou outros meios de comunicação eletrônica]"
380029,38,Aluguel de aparelhos de transmissão de mensagens
380030,38,Comunicação por redes de fibra óptica
380031,38,Aluguel de aparelhos de fac-símile [fax]
380032,38,Aluguel de modems
380033,38,Aluguel de equipamentos de telecomunicação
380034,38,Aluguel de aparelhos de telefones
380035,38,Transmissão por satélite
380036,38,Bbs [serviços de telecomunicação]
380037,38,Provimento de conexões de telecomunicações para uma rede mundial de computadores
380038,38,Serviços de roteamento e junção de telecomunicações
380039,38,Serviços de teleconferência
380040,38,Provimento de acesso à rede global de computadores
380041,38,Aluguel de tempo de acesso à rede global de computadores
380042,38,Provimento de canais de telecomunicação para serviços de telecompras
380043,38,Provimento de salas de bate-papo
380044,38,Provimento de acesso a banco de dados
380045,38,Serviços de correio de voz
380046,38,Transmissão de cartões de felicitações on-line
380047,38,Transmissão de arquivos digitais
380048,38,Serviços de difusão sem fio [telecomunicações]
380049,38,Serviços de videoconferência
380050,38,Provimento de fóruns on-line
380051,38,Streaming de dados [distribuição de dados]
380052,38,Comunicação por rádio
380053,38,Transmissão de vídeo sob demanda
380054,38,Transmissão de podcasts
380055,38,Aluguel de aparelhos smartphone
380056,38,Serviços de geolocalização [serviços de telecomunicações]
380057,38,Fornecimento de acesso a redes blockchain
380058,38,Provimento de salas de bate-papo em ambientes virtuais
380059,38,Provimento de fóruns de realidade virtual on-line para colaboração profissional
380060,38,Aluguel de aparelhos de atendimento telefônico
390002,39,Acompanhamento de viajantes
390003,39,Fornecimento de água
390004,39,Transporte aéreo
390006,39,Transporte por ambulância
390007,39,Serviços de reboque de veículos em pane
390008,39,Locação de automóveis
390009,39,Transporte por carro
390010,39,Transporte por ônibus
390011,39,Transporte em embarcação para recreio
390012,39,Aluguel de barcos
390013,39,Quebra-gelo
390014,39,Transporte por caminhão
390015,39,Salvamento de navios
390016,39,Serviços de carga e descarga para barcaças
390017,39,Transporte por carroças
390018,39,Transporte ferroviário
390019,39,Aluguel de cavalos
390020,39,Entrega de pacotes
390021,39,Carregamento de bagagens
390022,39,Embalagem de pacotes
390023,39,Corretagem marítima
390024,39,Organização de cruzeiros [viagens]
390025,39,Serviços de transporte para visitas turísticas
390026,39,Descarregamento [carga]
390027,39,Entrega de mercadorias
390028,39,Armazenagem de mercadorias
390030,39,Distribuição de água
390031,39,Distribuição de eletricidade
390032,39,Operação de portas de eclusas
390033,39,Serviços de estacionamento
390034,39,Armazenagem
390034,39,Depósito
390035,39,Aluguel de armazéns
390036,39,Transporte por balsa
390037,39,Transporte fluvial
390038,39,Frete [transporte de mercadorias]
390039,39,Afretamento
390040,39,Aluguel de garagem
390041,39,Transporte por oleoduto
390042,39,Aluguel de vaga de garagem
390043,39,Aluguel de refrigeradores
390044,39,Aluguel de veículos
390045,39,Aluguel de trens
390046,39,Locação de vagões de carga
390047,39,Transporte de móveis
390048,39,Transporte
390049,39,Transporte por barco
390050,39,Organização de transporte para excursões
390051,39,Transporte de passageiros
390052,39,Pilotagem
390054,39,Reboque
390055,39,Desencalhe de navios
390056,39,Reserva de assentos para viagem
390057,39,Salvamento [naufrágio]
390058,39,Transporte por táxi
390059,39,Transporte por bondes
390060,39,Expedição de frete
390061,39,Transporte marítimo
390062,39,Transporte por carro-forte
390063,39,Transporte de viajantes
390064,39,Transporte e armazenagem de detritos
390064,39,Transporte e armazenagem de lixo
390065,39,Serviços de mudança
390071,39,Abrigo de barcos
390072,39,Serviços de despachantes de frete
390073,39,Corretagem de transporte
390074,39,Serviços de chofer
390075,39,Serviços de mensageiros [mensagens ou mercadorias]
390076,39,Provimento de informações sobre armazenamento
390077,39,Provimento de informações sobre transportes
390078,39,Aluguel de sinos de imersão
390079,39,Aluguel de roupas de mergulho atmosféricas
390080,39,Aluguel de contêineres de armazenagem
390081,39,Aluguel de porta-bagagem de teto
390082,39,Operações de resgate [transporte]
390083,39,Reservas para transporte
390084,39,Reservas para viagens
390085,39,Salvamento subaquático
390086,39,Embalagem de mercadorias
390087,39,Entrega de mensagens
390088,39,Entrega de jornais
390089,39,Entrega de mercadorias por catálogo
390090,39,Distribuição de energia
390091,39,Locação de carros de corrida
390092,39,Aluguel de cadeiras de rodas
390093,39,Estivagem
390094,39,Armazenagem física de dados ou documentos armazenados eletronicamente
390095,39,Lançamento de satélite para terceiros
390096,39,Entrega de flores
390097,39,Franqueamento de correspondência
390098,39,Provimento de informações sobre tráfego
390099,39,Aluguel de freezers
390100,39,Serviços de engarrafamento
390101,39,Serviços de logística em matéria de transporte
390102,39,Aluguel de aeronaves
390103,39,Transporte por barca
390104,39,Aluguel de ônibus especiais
390105,39,Aluguel de motores de aeronaves
390106,39,"Transporte, sob escolta, de valores"
390107,39,Aluguel de sistemas de navegação
390108,39,Provimento de informações sobre rotas rodoviárias
390109,39,Embalagem de presentes
390110,39,Aluguel de tratores
390111,39,Coleta de bens recicláveis [transporte]
390112,39,Aluguel de adegas elétricas
390113,39,"Recarregamento, com dinheiro, de caixas eletrônicos"
390114,39,Serviços de aluguel de carros por períodos curtos de tempo [car sharing]
390115,39,Reabastecimento de máquinas automáticas de venda
390116,39,Serviços de armazenamento de bagagens
390117,39,Organização de serviços de transporte de passageiros para terceiros através de aplicativo on-line
390118,39,Serviços de pilotagem de drones civis
390119,39,Preparação de vistos e documentos de viagem para viagens internacionais
390120,39,Serviços de carona solidária [car pooling]
390121,39,Armazenamento temporário de chaves
390122,39,Aluguel de drones com câmera
390124,39,Coleta de lixo e resíduos domésticos e industriais
390125,39,Aluguel de guarda-volumes
390126,39,Localização e rastreamento de pessoas para fins de transporte
390127,39,Serviços de transporte de documentos jurídicos
390128,39,Transporte por teleférico
390129,39,"Aluguel de assentos de segurança para crianças, para veículos"
390130,39,Serviços de vestiário
390130,39,Serviço de guarda temporária de vestuário
390131,39,Aluguel de drones de vigilância
390132,39,Aluguel de drones de segurança
390133,39,Localização e rastreamento de carga para fins de transporte
390134,39,Transporte de dióxido de carbono capturado para terceiros
390135,39,Armazenamento de dióxido de carbono capturado para terceiros
390137,39,Transporte espacial
390138,39,Aluguel de robôs de entrega
390139,39,Serviços de aluguel de carros por assinatura
390140,39,Coleta de embalagens domésticas retornáveis
390141,39,Armazenamento criogênico de tecidos biológicos [depósito]
400001,40,Abrasão
400002,40,Processamento de filmes cinematográficos
400003,40,Purificação de ar
400004,40,Magnetização
400005,40,Aplicação de aviamentos em têxteis
400006,40,Acabamentos para papel [tratamento]
400007,40,Prateação [revestimento com prata]
400008,40,Branqueamento de tecidos
400009,40,Trabalhos em madeira
400010,40,Debruar roupas
400011,40,Brasagem
400012,40,Confecção de roupas
400013,40,Revestimento com cádmio
400014,40,Calandragem de tecidos
400015,40,Cozimento de cerâmica
400016,40,Pintura para calçados
400017,40,Cromagem
400018,40,Metalizar
400019,40,Tingimento de couro
400020,40,Acondicionamento de peles [peleteria]
400021,40,Corte de tecidos
400022,40,Impressão de estampas
400023,40,Revelação de filme fotográfico
400024,40,Douração
400025,40,Tratamento de água
400026,40,Galvanoplastia
400027,40,Estanhagem
400028,40,Modelagem de peles sob medida [peleteria]
400029,40,Serviços de ferreiro
400030,40,Tratamento antitraças para peles [peleteria]
400031,40,Fresagem
400032,40,Extração de suco de frutas
400033,40,Defumação de alimentos
400034,40,Galvanização
400035,40,Gravação [entalhe]
400036,40,Impermeabilização de tecidos
400037,40,Ignifugação de tecidos
400037,40,Ignifugação de têxteis
400038,40,Tratamento antivincos para roupas
400039,40,Tratamento de lã
400040,40,Laminação
400041,40,Esmerilhamento
400042,40,Tratamento de metal
400043,40,Temperamento de metal
400044,40,Moagem de farinha
400045,40,Niquelagem
400046,40,Urdidura [tear]
400047,40,Serviços de peleteria
400048,40,Polimento por abrasão
400049,40,Encadernação
400050,40,Aplainamento de materiais
400051,40,Selaria [seleiro]
400052,40,Serragem de materiais
400053,40,Alfaiataria
400054,40,Curtimento
400055,40,Taxidermia
400056,40,Serviços de tinturaria*
400057,40,Tingimento de têxteis
400058,40,Tratamento de tecidos
400058,40,Tratamento de têxteis
400059,40,Tratamento antitraça para têxteis
400060,40,Tingimento de tecidos
400061,40,Tratamento para papel
400062,40,Sopramento de vidro
400063,40,Serviço de bordar
400064,40,Trabalho em couro
400065,40,Coloração de vidros de janelas por meio de revestimento da superfície
400066,40,Conservação de alimentos e bebidas
400067,40,Derrubada e processamento de madeira
400068,40,Reciclagem de lixo e resíduos
400069,40,Pré-encolhimento de tecidos
400070,40,Lustração de peles [peleteria]
400071,40,Acetinagem de peles [peleteria]
400072,40,Tintura para peles [peleteria]
400081,40,Desodorização de ar
400082,40,Perfumar o ar
400083,40,Montagem de materiais sob encomenda de terceiros
400084,40,Molduragem de obras de arte
400085,40,Banho de ouro
400086,40,Marcação a laser
400087,40,Provimento de informações sobre processamento de materiais
400088,40,Polimento de vidro óptico
400089,40,Impressão fotográfica
400090,40,Fotogravura [serviço]
400091,40,Processamento de óleo
400092,40,Acolchoamento
400093,40,Serviços de refino
400094,40,Abate de animais
400095,40,Decapagem
400097,40,Tratamento de lixo [transformação]
400098,40,Modificação [ajustes] de roupas
400099,40,Serviços de caldeireiro
400100,40,Fundição de metal
400101,40,Vulcanização [tratamento de material]
400102,40,Fabricação personalizada de aparelhos ortodônticos
400103,40,Produção de energia
400104,40,Aluguel de geradores de eletricidade
400105,40,Destruição de lixo e resíduos
400106,40,Incineração de lixo e resíduos
400107,40,Serviços de separação de cores
400108,40,Copiagem de chaves
400109,40,Processamento de materiais perigosos para descontaminação
400110,40,Impressão litográfica
400111,40,Impressão
400112,40,Aluguel de máquinas de tricotar
400113,40,Impressão ofsete
400114,40,Serviços de fotocomposição
400115,40,Serigrafia
400116,40,Triagem de lixo e de material reciclável [transformação]
400117,40,Congelamento de alimentos
400118,40,Aluguel de aparelhos de ar condicionado
400119,40,Aluguel de aparelhos para aquecimento de ambientes
400120,40,Pisoamento de tecidos
400121,40,Serviços de crioconservação
400122,40,Serviços de jateamento abrasivo
400123,40,Aluguel de aquecedores
400124,40,Upcycling [reciclagem de lixo]
400125,40,Soldagem
400126,40,Serviços de aplicação de película em vidros de carros
400127,40,Impressão 3d para terceiros
400128,40,Produção de cervejas para terceiros
400129,40,Fabricação de pães sob encomenda
400130,40,Pasteurização de alimentos e bebidas
400131,40,Serviços de vinificação para terceiros
400132,40,Consultoria em vinificação
400133,40,Fabricação personalizada de barcos
400134,40,Serviços de destilação
400135,40,Aluguel de robôs industriais para uso em fabricação
400136,40,Fabricação personalizada de aeronaves
400137,40,Serviços de marcenaria [fabricação personalizada de peças em madeira]
400139,40,Esmagamento de concreto
400140,40,Irradiação de alimentos
400141,40,Aluguel de baterias
400142,40,Captura de carbono
400143,40,Produção de energia verde renovável
400144,40,Aluguel de impressoras para uso com computadores
400145,40,Encapsulamento de semicondutores para terceiros
400146,40,Fabricação personalizada de chips [circuitos integrados] para terceiros
400147,40,Serviços de decocção de medicamentos fitoterápicos
400148,40,Biofabricação personalizada de produtos farmacêuticos
400149,40,Serviços de biorremediação
400150,40,Polimento de joias por abrasão
400151,40,Aluguel de purificadores de ar para remediação de mofo
410002,41,Academias [educação]
410003,41,Serviços de parques de diversão
410004,41,Serviços de divertimento
410005,41,Adestramento de animais
410006,41,Serviços de aluguel de projetores e acessórios cinematográficos
410007,41,Serviços de espetáculos
410008,41,Serviços de estúdios de cinema
410009,41,Apresentação de espetáculos circenses
410010,41,Organização de competições [educação ou entretenimento]
410011,41,Cursos por correspondência
410012,41,Educação física
410013,41,Aluguel de cenários para shows
410014,41,Provimento de instalações para recreação
410015,41,Programas de entretenimento de rádio
410016,41,"Publicação de textos, exceto para publicidade"
410017,41,Serviços de ensino
410017,41,Serviços de instrução
410017,41,Serviços de educação
410018,41,Aluguel de equipamentos para gravação de som
410019,41,Aluguel de filmes cinematográficos
410020,41,"Produção de filmes, exceto para fins de publicidade"
410021,41,Aulas de ginástica
410023,41,Serviços de empréstimo de livros por bibliotecas
410024,41,Publicação de livros
410025,41,Aluguel de aparelhos de rádio e televisão
410026,41,Produção de programas de rádio e televisão
410027,41,Apresentação de espetáculos de variedades
410028,41,Serviços de orquestra
410029,41,Produções teatrais
410030,41,Produção de shows
410031,41,Programas de entretenimento de televisão
410032,41,Aluguel de cenários para palco
410033,41,Serviços de jardins zoológicos
410035,41,Provimento de instalações desportivas
410036,41,Serviços de modelos vivos para artistas
410041,41,Serviços de bibliotecas itinerantes
410042,41,Provimento de instalações para cassino [jogos de azar ou apostas]
410044,41,Organização e apresentação de colóquios
410045,41,Organização e apresentação de conferências
410046,41,Organização e apresentação de congressos
410047,41,Serviços de discoteca
410048,41,Provimento de informações sobre educação [instrução]
410049,41,Exames pedagógicos [avaliação]
410050,41,Provimento de informações sobre entretenimento [lazer]
410051,41,Organização de exposições para fins culturais ou educativos
410052,41,Serviços de jogos de azar ou apostas
410053,41,Provimento de instalações para golfe
410054,41,Serviços de academia de ginástica [treinamento físico e para a saúde]
410055,41,Colônia de férias
410056,41,Apresentação de espetáculos ao vivo
410057,41,Projeções de filmes cinematográficos
410058,41,Escolas de enfermagem
410059,41,Organização de competições desportivas
410060,41,Planejamento de festas
410061,41,Treinamento prático [demonstração]
410062,41,Provimento de instalações para museus
410063,41,Serviços de estúdios de gravação
410064,41,Provimento de informações sobre recreação
410065,41,Aluguel de equipamento para mergulho
410066,41,"Aluguel de equipamentos desportivos, exceto veículos"
410067,41,Aluguel de estádios
410068,41,Aluguel de videocassetes
410069,41,Aluguel de fitas de vídeo
410070,41,Organização e apresentação de seminários
410071,41,Serviços de acampamentos desportivos
410072,41,Organização e apresentação de simpósios
410073,41,Cronometragem de eventos desportivos
410075,41,Ensino em escolas em regime de internato
410076,41,Organização e apresentação de oficinas de trabalho [treinamento]
410077,41,Organização de concursos de beleza
410078,41,Reservas de lugares para shows
410079,41,Dublagem
410080,41,Educação religiosa
410081,41,Operação de loterias
410082,41,Organização de bailes
410083,41,Organização de espetáculos [shows] [serviços de empresário]
410084,41,Provimento de serviços para jogos eletrônicos
410085,41,Aluguel de equipamento de áudio
410086,41,Aluguel de equipamentos para iluminação de teatro ou estúdios de televisão
410087,41,Aluguel de quadras de tênis
410088,41,Aluguel de câmeras de vídeo
410089,41,"Serviços de roteirização, exceto para fins publicitários"
410090,41,Edição de videoteipe
410091,41,Publicação on-line de livros e periódicos eletrônicos
410092,41,Editoração eletrônica
410093,41,Legendagem
410094,41,Provimento de serviços para jogos on-line [computadores]
410095,41,Serviços de karaokê
410097,41,Serviços de composição musical
410098,41,Serviços de boates [entretenimento]
410099,41,"Provimento de publicações eletrônicas on-line, não baixáveis"
410100,41,Reportagens fotográficas
410101,41,Fotografia
410102,41,Orientação vocacional
410103,41,Serviços de reportagem de notícias
410104,41,Tradução
410105,41,Interpretação de linguagem de sinais
410106,41,Filmagem em vídeo
410182,41,Microfilmagem
410183,41,Serviços de agenciamento de ingressos
410184,41,Redação de textos*
410185,41,Organização e regência de concertos
410186,41,Serviços de caligrafia
410187,41,"Serviços de layout, exceto para fins publicitários"
410188,41,Organização de desfiles de moda para fins de entretenimento
410189,41,Orientação [treinamento]
410190,41,Locação de espaços para prática de esporte
410191,41,Serviços de dj
410192,41,Interpretação de idiomas
410193,41,Serviços de personal trainer [preparo físico]
410194,41,Serviços de instrução de aulas de atividade física
410195,41,Reciclagem profissional [treinamento]
410196,41,Produção musical
410197,41,Aluguel de brinquedos
410198,41,Aluguel de equipamento de jogos
410199,41,Serviços educacionais prestados por escolas
410200,41,"Provimento de música on-line, não baixável"
410201,41,"Provimento de vídeos on-line, não baixáveis"
410202,41,Aulas particulares
410203,41,Organização e e condução de fóruns educacionais presenciais
410204,41,Composição de canções
410205,41,Elaboração de roteiros [roteirização]
410206,41,Condução de visitas guiadas
410207,41,Serviços de treinamento através de simuladores
410208,41,"Fornecimento de filmes, não baixáveis, através de serviços de video sob demanda"
410210,41,Ensino de sado [ensino de cerimônia do chá japonesa]
410211,41,Ensino de aikido
410212,41,Aluguel de obras de arte
410213,41,Aluguel de aquários indoor
410214,41,Condução de circuitos de escalada guiados
410215,41,Organização de eventos de assunção de personagens [cosplay] para fins de entretenimento
410216,41,"Serviços culturais, pedagógicos ou de divertimento providos por galerias de arte"
410217,41,Distribuição de filmes
410218,41,Transferência de know-how [treinamento]
410219,41,Serviços de assistência educacional para pessoas com necessidades individuais
410220,41,Ensino de artes marciais
410221,41,Exames pedagógicos para qualificação de pilotagem de drones
410222,41,Serviços de engenharia de som para eventos
410223,41,Serviços de edição de vídeos para eventos
410224,41,Serviços de técnico de iluminação para eventos
410225,41,"Direção de filmes, exceto filmes publicitários"
410226,41,Provimento de críticas feitas por usuários para fins culturais ou de entretenimento
410227,41,Provimento de classificações feitas por usuários para fins culturais ou de entretenimento
410227,41,Provimento de avaliações feitas por usuários para fins culturais ou de entretenimento
410228,41,Aluguel de simuladores de treinamento
410229,41,Avaliação de aptidão física para fins de treinamento
410230,41,Serviços de pintura facial
410231,41,Organização de competições esportivas eletrônicas
410232,41,Direção de shows
410233,41,Serviços de esportes eletrônicos
410234,41,Serviços de biblioteca de jogos
410235,41,Serviços de biblioteca de multimídia
410236,41,Serviços de imagens fotográficas por drone
410237,41,Serviços de imagem de vídeo por drone
410238,41,Transferência de conhecimento e know-how de negócios [treinamento]
410239,41,Provimento de treinamento e exame pedagógico [avaliação] para fins de certificação
410240,41,Pesquisa na área de educação
410241,41,Aluguel de leitores de livros digitais [e-readers]
410242,41,Organização e realização de eventos de entretenimento
410243,41,Organização e realização de eventos esportivos
410244,41,Educação musical
410245,41,Legendagem para pessoas com limitação auditiva
410247,41,Quarto de fuga [escape] [entretenimento]
410247,41,Jogo de fuga [escape] [entretenimento]
410248,41,Apresentação de exposições em museu
410249,41,Produção de podcasts
410250,41,Aluguel de objetos de cena
410251,41,Agendamento de programas de rádio e televisão
410252,41,"Provimento de imagens on-line, não baixáveis"
410253,41,Provimento de passeios turísticos virtuais guiados on-line
410254,41,Provimento de instalações para jogar rpg ao vivo (LARP)
410256,41,Serviços de entretenimento providos em ambientes virtuais
410257,41,Organização de eventos de corrida de animais
410258,41,Organização de concursos de beleza para animais
410259,41,de robôs humanoides com funções de comunicação e aprendizado para entreter pessoas
410260,41,Organização de festas de swingers
410261,41,Provimento de playgrounds para animais de estimação Simulated restaurant services provided in virtual environments for entertainment
410263,41,Aluguel de arquivos de imagem digital autenticados por tokens não fungíveis [NFTs]
410264,41,Provimento de quartos de destruição para fins de entretenimento
410265,41,Serviços de comentários esportivos
410266,41,Aluguel de máquinas para exercícios físicos
410267,41,Organização e realização de conferências empresariais
410268,41,Aluguel de dicionários eletrônicos portáteis
410269,41,Aluguel de tradutores eletrônicos de bolso
410270,41,Aluguel de pranchas para stand up paddle
410271,41,Apresentação de shows de luzes com drones
420007,42,Análises químicas
420008,42,Análise para exploração de campos petrolíferos
420011,42,Serviços de arquitetura*
420017,42,Pesquisa bacteriológica
420030,42,Serviços de química
420031,42,Pesquisas químicas
420036,42,Consultoria em arquitetura
420038,42,Desenho de plantas para construção
420040,42,Pesquisas tecnológicas
420042,42,Testes em poços de petróleo
420045,42,Pesquisas em cosmética
420048,42,Decoração de interiores
420049,42,Desenho industrial
420050,42,Serviços de desenho de embalagens
420058,42,Teste de materiais
420061,42,Realização de estudos para projetos técnicos
420062,42,Levantamentos geológicos
420063,42,Levantamentos em campos petrolíferos
420064,42,Engenharia*
420076,42,Provimento de informações meteorológicas
420079,42,Levantamentos topográficos
420083,42,Aluguel de computadores
420090,42,Programação de computador [informática]
420095,42,Prospecção de petróleo
420096,42,Pesquisas no campo da física
420101,42,Pesquisas em mecânica
420109,42,Teste de têxteis
420118,42,Prospecções geológicas
420119,42,Pesquisas geológicas
420132,42,Autenticação de obras de arte
420136,42,Calibragem [medição]
420139,42,Elaboração [concepção] de software de computador
420140,42,Atualização de software de computador
420141,42,Consultoria em concepção e desenvolvimento de hardware de computador
420142,42,Desenhista de moda
420144,42,Serviços de criação em artes gráficas
420157,42,Controle de qualidade
420159,42,Aluguel de software de computador
420161,42,"Pesquisa e desenvolvimento, para terceiros, de novos produtos"
420165,42,Estilismo [desenho industrial]
420167,42,Explorações subaquáticas
420175,42,Recuperação de dados [informática]
420176,42,Manutenção de software de computador
420177,42,Análise de sistemas [informática]
420190,42,Pesquisa biológica
420192,42,Planejamento urbano
420193,42,Perícia [engenharia]
420194,42,Projeto de sistema de computadores
420195,42,Vistoria de veículos automotores
420197,42,Duplicação de programas de computador
420198,42,Conversão de dados e documentos de suporte físico para suporte eletrônico
420199,42,Criação e manutenção de websites para terceiros
420200,42,Hospedagem de websites
420201,42,Instalação de software de computador
420202,42,Semeadura de nuvens
420203,42,"Conversão de programas de computadores e dados, exceto conversão física."
420204,42,Consultoria em software de computador
420205,42,Aluguel de servidores web
420206,42,Serviços de proteção contra vírus de computador
420207,42,Consultoria na área de economia de energia
420208,42,Pesquisa científica no campo de proteção ambiental
420209,42,Fornecimento de mecanismos de busca para a internet
420210,42,Digitalização de documentos [scanning]
420211,42,Análise da escrita [grafologia]
420213,42,Avaliação de qualidade de madeira em pé
420214,42,Avaliação da qualidade da lã
420215,42,Monitoramento do funcionamento de sistemas de computadores por acesso remoto
420216,42,Análise da água
420217,42,Serviços científicos de laboratório
420218,42,Auditoria de energia
420219,42,Consultoria em design de websites
420220,42,Software como serviço [saas]
420221,42,Serviços de suporte de tecnologia da informação [TI] [solução de problemas de software]
420222,42,Pesquisa científica
420223,42,Hospedagem de servidores
420224,42,Experimentos clínicos
420225,42,Backup de dados off site
420226,42,Armazenamento eletrônico de dados
420227,42,"Provimento de informações, através de um website, sobre tecnologia de computadores e programação"
420228,42,Serviços de cartografia
420229,42,Provimento de sistemas virtuais de computador por meio de computação em nuvem
420231,42,Consultoria tecnológica
420232,42,Consultoria em tecnologia da computação
420233,42,Consultoria em tecnologia das telecomunicações
420234,42,Previsão do tempo
420235,42,Consultoria em segurança de computadores
420236,42,Escrita técnica
420237,42,Design de interiores
420238,42,Desbloqueio de telefones celulares
420239,42,Monitoramento de sistemas de computador para detecção de panes
420240,42,"Criação e concepção services] de índices de informação baseados em um website, para terceiros [serviços de ti"
420241,42,Consultoria em segurança de internet
420242,42,Consultoria em segurança de dados
420243,42,Serviços de encriptação de dados
420245,42,eletrônico de informações de identificação pessoal para detecção de furto de identidade
420246,42,Monitoramento eletrônico de movimentação/atividade de cartão de crédito para detecção de fraude atra
420247,42,Desenvolvimento de software no âmbito de publicação de software
420248,42,Plataforma computacional como serviço [paas]
420249,42,Desenvolvimento de plataformas de computador
420250,42,Concepção de cartões de visitas
420251,42,Pesquisas científicas e tecnológicas no campo de desastres naturais
420252,42,"Serviços de exploração no domínio das indústrias de petróleo, gás e mineração"
420253,42,Pesquisas científicas e tecnológicas relativas ao mapeamento de patentes
420254,42,Pesquisas no campo de construções de edificações
420255,42,Pesquisas no campo de tecnologias de telecomunicação
420256,42,Pesquisas no campo de soldagem
420257,42,Pesquisas médicas
420258,42,Design gráfico de material promocional
420259,42,Aluguel de medidores para registro do consumo de energia
420260,42,Serviços de autenticação de usuário usando tecnologia para transações de comércio eletrônico
420261,42,Serviços de autenticação de usuário usando tecnologia de logon único para software on-line
420262,42,Escrita de código de computador
420263,42,Consultoria em segurança de rede de telecomunicação
420264,42,Desenho de fantasias
420265,42,Projeto de cenários
420266,42,Desenho de protótipos
420267,42,Desenho de modelos simulados por computador
420268,42,Serviços de medição cartográfica ou termográfica por drone
420269,42,Mineração de criptomoedas
420270,42,Pesquisa na área de escavação
420271,42,Design gráfico de computador para mapeamento de projeção de vídeos
420272,42,Investigações forenses digitais na área de crimes de informática
420273,42,Serviços de consultoria tecnológica para transformação digital
420274,42,Aluguel de instalações de centro de processamento de dados (CPD)
420274,42,Aluguel de instalações de data center
420275,42,Provimento de informações geográficas
420276,42,"Provimento de mapas geográficos on-line, não baixáveis"
420277,42,Consultoria em inteligência artificial
420278,42,Pesquisa na área de tecnologia de inteligência artificial
420279,42,Serviços de autenticação de usuários utilizando tecnologia blockchain
420280,42,Investigações geotécnica
420281,42,Perfuração para testes geológicos
420282,42,Desenvolvimento de videogames e jogos de computador
420283,42,Computação quântica
420284,42,Cultura de células para fins de pesquisa científica
420285,42,Serviços de programação de computador [informática] para processamento de dados
420286,42,Serviços de engenharia de software para processamento de dados
420287,42,Serviços de desenhos [design] de logomarcas
420288,42,"Desenho de campo de golfe Provimento de informação científica, aconselhamento e consultoria relacionado a 42 emissões net zero"
420290,42,Pesquisa científica na área de genética
420291,42,Serviços de inspeção para veículos novos e usados antes da venda
420292,42,Escavação arqueológica Testing and analysis of goods being imported or exported for quarantine clearance Teste e análise de produtos em importação ou exportação para fins de liberação de 42 quarentena
420294,42,Aluguel de telescópios
420295,42,Blockchain como serviço [Baas]
420296,42,Hospedagem de ambientes virtuais
420297,42,Aluguel de microscópios científicos
420298,42,Engenharia neuromórfica
420299,42,"Aluguel de robôs humanoides programáveis pelo usuário, não configurados"
420300,42,Provimento de software de computador on-line não baixável
420301,42,de software de computador on-line não baixável para cunhar tokens não fungíveis [NFTs]
420302,42,Programação de computador [informática] de contratos inteligentes em uma tecnologia blockchain
420303,42,Hospedagem de plataformas de software para colaboração profissional com base em realidade virtual
420304,42,Digitalização de fotografias [escaneamento]
420305,42,Aluguel de óculos inteligentes
420306,42,Exame toxicológico para fins forenses
420307,42,Serviços de exame patológico forense
420308,42,Exame patológico para fins forenses
420309,42,Concepção [projeto] de chips [circuitos integrados]
420310,42,Teste de desempenho energético de edifícios
420311,42,Armazenamento eletrônico de criptomoedas
420312,42,Serviços de medição acústica
420313,42,Serviços laboratoriais para biofabricação
420314,42,Teste de paternidade
420315,42,Inteligência artificial como serviço [AIaaS]
420316,42,Pesquisa veterinária
430004,43,"Serviços de agências de acomodações [hotéis, pensões]"
430010,43,Serviço de bufê
430013,43,Casas de retiro para idosos
430024,43,Serviços de cafés [bares]
430025,43,Serviços de cafeteria
430026,43,Provimento de acomodações em acampamento
430027,43,Serviços de cantinas
430028,43,Aluguel de acomodações temporárias
430066,43,Serviços de pensão
430071,43,"Serviços de acomodação, em casas, para turistas"
430073,43,Serviços de acomodação em hotel
430098,43,Serviços de creches [berçários]
430102,43,Serviços de restaurantes
430104,43,Reservas em pensões [alojamento]
430105,43,Reservas em hotéis
430107,43,Serviços de restaurantes de autosserviço
430108,43,Serviços de lanchonetes
430134,43,Pensão para animais
430138,43,Serviços de bar
430145,43,Colônia de férias [alojamento]
430160,43,Aluguel de construções transportáveis
430162,43,Reservas de acomodações temporárias
430183,43,Serviços de motéis
430186,43,"Aluguel de cadeiras, mesas, roupa de mesa e vidraria de mesa"
430187,43,Aluguel de salas de reunião
430189,43,Aluguel de barracas [tendas]
430190,43,Aluguel de aparelhos de cozimento
430191,43,Aluguel de dispensadores de água potável
430192,43,Aluguel de equipamentos de iluminação*
430193,43,Escultura em alimentos
430194,43,Serviços de recepção para acomodações temporárias [gerenciamento de chegadas e partidas]
430195,43,Serviços de restaurantes washoku
430196,43,Serviços de restaurante de macarrão udon e soba
430197,43,Decoração de alimentos
430198,43,Decoração de bolos
430199,43,Provimento de informações e conselhos sobre preparação de refeições
430200,43,Serviços de personal chef
430201,43,Serviços de bares para fumar narguilé
430202,43,Serviços de recepção para acomodação temporária [entrega de chaves]
430203,43,Serviços de abrigo para animais
430204,43,Acomodação temporária fornecida por centros de reabilitação
430205,43,Aluguel de acomodação em viagens
430206,43,Aluguel de pias de cozinha
430207,43,Aluguel de vestiários portáteis
430208,43,Serviços de crítica gastronômica [provimento de informações sobre alimentos e bebidas]
430209,43,Serviços de restaurantes para retirada
430210,43,Aluguel de móveis
430211,43,Aluguel de móveis de escritório
430212,43,Aluguel de robôs para preparação de bebidas
430213,43,Serviços de cozinha fantasma
430214,43,Provimento de salas VIP / lounges em aeroportos
430215,43,Reserva e organização de acesso a salas VIP / lounges em aeroportos
430216,43,Aluguel de panelas para hot pot
440009,44,Criação de animais
440012,44,Jardinagem paisagística
440018,44,Serviços de banhos públicos para fins higiênicos
440019,44,Serviços de banhos turcos
440020,44,Serviços de salões de beleza
440021,44,Serviços de clínica médica
440032,44,Quiroprática
440034,44,Serviços de cabeleireiro
440037,44,Confecção de coroas de flores
440043,44,Serviços de clínica de convalescença
440059,44,Serviços hospitalares
440060,44,Serviços de saúde
440072,44,Horticultura
440077,44,Jardinagem
440084,44,Aluguel de equipamentos agrícolas
440086,44,Massagem
440087,44,Assistência médica
440094,44,Serviços de viveiros de plantas
440097,44,Fisioterapia
440106,44,Serviços de sanatórios
440111,44,Assistência veterinária
440113,44,Serviços de odontologia
440114,44,Serviços de clínica de repouso
440115,44,"Aspersão, aérea ou de superfície, de fertilizantes e outras substâncias químicas agrícolas"
440131,44,Toalete de animais
440133,44,Serviços de bancos de sangue
440143,44,Serviços de arranjo de flores
440147,44,Serviços de abrigos para doentes e desamparados
440148,44,Manutenção de gramados
440151,44,Manicure
440152,44,Serviços de parteira
440153,44,Enfermagem [médica]
440154,44,Consultoria em farmacêutica
440156,44,Cirurgia plástica
440166,44,Cirurgia de árvores
440168,44,"Extermínio de animais nocivos para agricultura, aquacultura, horticultura e silvicultura."
440171,44,Destruição de ervas daninhas
440173,44,Toalete de animais de estimação
440180,44,Implante de cabelos
440185,44,Serviços de psicólogos
440188,44,Aluguel de instalações sanitárias
440193,44,Aromaterapia
440194,44,Inseminação artificial
440195,44,Reabilitação de toxicomaníacos
440196,44,Fertilização in vitro
440197,44,Serviço de tatuagem
440198,44,Serviços de telemedicina
440199,44,Concepção de projeto paisagístico
440200,44,Serviços de sauna
440201,44,Serviços de solário
440202,44,Serviços de saúde em spa
440203,44,Serviços de esteticista
440204,44,Preparação de receitas por farmacêuticos
440205,44,Serviços de terapia
440206,44,Plantação de árvores com a finalidade de compensação de carbono
440207,44,Serviços de aquacultura
440208,44,Locação de equipamentos médicos
440209,44,Serviços de centros médicos
440210,44,Serviços de medicina alternativa
440211,44,Ortofonia [articulação correta das palavras]
440212,44,Aconselhamento em questões de saúde
440213,44,Depilação com cera
440214,44,Serviços ortodônticos
440215,44,Aconselhamento médico para pessoas com deficiências
440216,44,Piercing
440217,44,Serviços de reflorestamento
440218,44,Cuidados paliativos
440219,44,Serviços de casas de repouso
440220,44,"Serviços de controle de pragas para agricultura, aquicultura, horticultura e silvicultura"
440221,44,Serviços de bancos de tecido humano
440222,44,Aluguel de animais para serviços de jardinagem
440223,44,Aluguel de colmeias
440224,44,Terapia assistida por animais [zooterapia]
440225,44,de análises médicas fornecidos por laboratórios médicos para fins de diagnóstico e tratament
440226,44,Exames médicos de rastreamento
440227,44,Serviços de viticultura
440228,44,Consultoria em viticultura
440229,44,Serviços de enfermagem domiciliar
440230,44,Aluguel de aparelhos para estilização de cabelos
440231,44,Cultivo de plantas
440232,44,Aconselhamento em dieta e nutrição
440233,44,Aluguel de robôs cirúrgicos
440234,44,Gestão de vida selvagem [manejo da fauna silvestre]
440235,44,Acupuntura
440236,44,Terapia com ventosas
440237,44,Serviços de cuidados pós-natal
440238,44,Aluguel de garrafas e recipientes contendo gás para fins medicinais
440239,44,Aluguel de geradores de água hidrogenada para banhos
440240,44,Serviços de medicina regenerativa
440241,44,Serviços de estética
440242,44,Serviços de tingimento de cabelos
440242,44,Serviços de coloração de cabelos
440242,44,Serviços de pintura de cabelos
440243,44,Serviços de poda de árvores
440244,44,Transplante de árvores
440245,44,Arquitetura paisagística
440246,44,Terapia ocupacional
440247,44,Serviços de avaliação de saúde
440248,44,Provimento de instalações de jardinagem comunitária
440249,44,Serviços de barbearia
440250,44,Provimento de animais de serviço para pessoas com deficiências
440251,44,Terapia com dança [dançaterapia]
440252,44,Terapia com artes [arteterapia]
440253,44,Terapia com música [musicoterapia]
440254,44,Monitoramento remoto de dados médicos para diagnóstico e tratamento médico
440255,44,Tratamento médico utilizando células cultivadas
440256,44,Serviços de banco de células cultivadas para transplante médico
440257,44,Serviços de rastreamento de dificuldade de aprendizagem
440258,44,Serviços de rastreamento de transtorno de déficit de atenção
440258,44,Serviços de rastreamento de tda
440259,44,Serviços de rastreamento de transtorno de déficit de atenção com hiperatividade
440259,44,Serviços de rastreamento de tdah
440260,44,Diagnóstico de distúrbios de processamento visual
440261,44,Aluguel de equipamentos de jardinagem
440262,44,Serviços de vacinação
440263,44,Aluguel de máscaras para respiração artificial
440264,44,Exame médico para fins de liberação de quarentena
440265,44,Exames médicos
440266,44,Serviços de optometria
440267,44,Serviços de saúde mental
440268,44,Consultoria em saúde ocupacional
440269,44,Aluguel de microscópios cirúrgicos
440270,44,Provimento de instalações para reabilitação em saúde mental
440271,44,Provimento de instalações para reabilitação física
440272,44,Aluguel de óculos
440273,44,Triagem de medicamentos para diagnóstico e tratamento médico
440274,44,Exame patológico para diagnóstico e tratamento médico
440275,44,Aluguel de óculos de sol
440276,44,"Fumigação para controle de pragas na agricultura, horticultura e silvicultura"
440277,44,Testes patológicos para fins de diagnóstico e tratamento Drug testing of participants in sports for the use of performance enhancing
440279,44,Semeadura aérea
440280,44,Terapia de raspagem
440281,44,Serviços de hidroterapia
440282,44,Testes médicos para fins de diagnóstico e tratamento
440283,44,Serviços de tratamento facial
440284,44,Serviços de pesca comercial
440285,44,Serviços laboratories de análise veterinária para fins de diagnóstico e tratamento fornecidos por laboratórios veterin
450001,45,Guarda-costas pessoal
450002,45,Serviço de acompanhantes
450003,45,Serviços de agências de detetives
450005,45,Serviços de encontros
450006,45,Serviços de guarda noturna
450033,45,Abertura de fechaduras de segurança
450046,45,Aluguel de trajes a rigor
450047,45,Serviços de cremação
450053,45,Investigações de pessoas desaparecidas
450056,45,Serviços de enterros [funerais]
450057,45,Serviços de agente funerário
450081,45,Aluguel de roupas
450099,45,"Serviços de guarda [vigilância, segurança]"
450112,45,Serviços de agências matrimoniais
450117,45,Consultoria em segurança física
450146,45,Confecção de horóscopos [mapa astral]
450179,45,Combate ao fogo
450184,45,Organização de encontros religiosos
450193,45,Serviços de agência de adoção
450194,45,Monitorização de alarmes anti-roubo e de segurança
450195,45,Serviços de babá
450196,45,Verificação de segurança de bagagens
450197,45,Serviços de cuidados de moradias na ausência dos residentes [ing. house sitting]
450198,45,Serviços de babá de animais de estimação
450199,45,Investigações de antecedentes de pessoas
450200,45,Devolução de objetos perdidos
450201,45,Mediação [serviços jurídicos]
450202,45,Inspeção de fábricas para fins de segurança
450203,45,Aluguel de alarmes de incêndio
450204,45,Aluguel de extintores de incêndio
450205,45,Serviços de arbitragem
450206,45,Consultoria em propriedade intelectual
450207,45,Gestão de direitos autorais
450208,45,Licenciamento de propriedade intelectual
450209,45,Serviço de monitoramento de direitos de propriedade intelectual para fins de aconselhamento jurídico
450210,45,Pesquisas jurídicas
450211,45,Serviços jurídicos
450212,45,Licenciamento de programa de computador [serviços jurídicos]
450213,45,Registro de nomes de domínio [serviços jurídicos]
450214,45,Serviços extrajudiciais de resolução de disputas
450215,45,Aluguel de cofres
450216,45,Pesquisa genealógica
450217,45,Planejamento e organização de cerimônias de casamento
450218,45,Serviços de redes sociais on-line
450219,45,Soltura de pombos para ocasiões especiais
450220,45,Embalsamamento
450221,45,Serviços de preparação de documentos jurídicos
450222,45,Rastreamento de bens roubados
450223,45,Serviços jurídicos relacionados a licenças
450224,45,Consultoria astrológica
450225,45,Consultoria espiritual
450226,45,Serviços de cartomancia
450227,45,Serviço de consultoria de estilo
450228,45,Escrita de cartas pessoais
450229,45,Condução de cerimônias fúnebres
450230,45,Serviços jurídicos relativos à negociação de contratos para terceiros
450231,45,Condução de cerimônias religiosas
450232,45,Serviços de passeio com cachorros
450233,45,Leasing de nomes de domínio da internet
450234,45,Assistência para vestir quimono
450235,45,Aconselhamento jurídico para responder a licitações
450235,45,Aconselhamento jurídico para responder a solicitações de propostas [rfp] de prestação de serviços
450236,45,Licenciamento [serviços jurídicos] no âmbito de publicação de softwares
450237,45,Serviços de monitoramento jurídico
450238,45,Organização de encontros políticos
450239,45,Serviços de consultoria jurídica relativa a mapeamento de patentes
450240,45,Serviços de legal advocacy [serviços jurídicos para suporte a causas de cunho social]
450241,45,Serviços de concierge
450242,45,Aconselhamento em matéria de luto
450243,45,Serviços de salva-vidas
450244,45,Serviços jurídicos em matéria de imigração
450245,45,Serviços de leitura de cartas de tarô para terceiros
450246,45,Auditoria para fins de conformidade regulatória [compliance regulatório]
450247,45,Auditoria para fins de conformidade jurídica [compliance jurídico]
450248,45,Transferência de propriedade [tabelionato]
450249,45,Serviços de lobby político
450250,45,Serviços de cosmetologistas mortuários
450250,45,Serviços de desairologistas
450251,45,Serviços de vigilância por drone
450252,45,Manutenção da ordem
450253,45,Serviços de agência de inclusão social
450254,45,Serviços de personal shopping para terceiros
450255,45,Monitoramento de alarmes médicos
450256,45,Segurança de instalações por meio de sistemas de monitoramento remoto
450257,45,Localização e rastreamento de pessoas desaparecidas
450258,45,Serviço de entrega de processos jurídicos [serviços jurídicos]
450259,45,Serviço de guarda de lugares em filas
450260,45,Pesquisas jurídicas na área de proteção ambiental
450261,45,Serviços de doula
450262,45,Aluguel de câmeras de vigilância por vídeo
450263,45,Localização e rastreamento de bens perdidos
450264,45,Serviços de adoção de animais
450265,45,Provimento de serviços de cuidados domiciliares não médicos para pessoas
450266,45,Moderação de conteúdo para salas de bate-papo na internet
450267,45,Consultoria em segurança ocupacional
450268,45,Serviços de análise de cores individuais relacionados à escolha de roupas
450269,45,Serviços jurídicos na área de proteção de crianças
450271,45,Redação jurídica
450273,45,Serviços de cartório
450274,45,Aluguel de cães de guarda
450275,45,Aluguel de coletes salva-vidas
450276,45,Aluguel de roupas de mergulho*
450277,45,Aluguel de roupas de proteção
450278,45,Aluguel de capacetes de proteção
450279,45,Organização de bens pessoais para terceiros ***
